===========================================================================
CSOPESY Backing Store
Last updated   : 08/04/2026 01:56:42PM
Pages on disk  : 1963
Paged out (all): 3214
Paged in  (all): 1251
===========================================================================
Process: p01 | Page: 0 | Size: 32 bytes
  Offset 0x0000: 00 00 00 00 00 00 00 00 00 00 00 00 00 00 00 00 
  Offset 0x0010: 00 00 00 00 00 00 00 00 00 00 00 00 00 00 00 00 
---------------------------------------------------------------------------
Process: p01 | Page: 1 | Size: 32 bytes
  Offset 0x0000: 00 00 00 00 00 00 00 00 00 00 00 00 00 00 00 00 
  Offset 0x0010: 00 00 00 00 00 00 00 00 00 00 00 00 00 00 00 00 
---------------------------------------------------------------------------
Process: p04 | Page: 0 | Size: 32 bytes
  Offset 0x0000: 00 00 00 00 00 00 00 00 00 00 00 00 00 00 00 00 
  Offset 0x0010: 00 00 00 00 00 00 00 00 00 00 00 00 00 00 00 00 
---------------------------------------------------------------------------
Process: p04 | Page: 1 | Size: 32 bytes
  Offset 0x0000: 00 00 00 00 00 00 00 00 00 00 00 00 00 00 00 00 
  Offset 0x0010: 00 00 00 00 00 00 00 00 00 00 00 00 00 00 00 00 
---------------------------------------------------------------------------
Process: p05 | Page: 0 | Size: 32 bytes
  Offset 0x0000: 00 00 00 00 00 00 00 00 00 00 00 00 00 00 00 00 
  Offset 0x0010: 00 00 00 00 00 00 00 00 00 00 00 00 00 00 00 00 
---------------------------------------------------------------------------
Process: p05 | Page: 1 | Size: 32 bytes
  Offset 0x0000: 00 00 00 00 00 00 00 00 00 00 00 00 00 00 00 00 
  Offset 0x0010: 00 00 00 00 00 00 00 00 00 00 00 00 00 00 00 00 
---------------------------------------------------------------------------
Process: p06 | Page: 0 | Size: 32 bytes
  Offset 0x0000: 00 00 00 00 00 00 00 00 00 00 00 00 00 00 00 00 
  Offset 0x0010: 00 00 00 00 00 00 00 00 00 00 00 00 00 00 00 00 
---------------------------------------------------------------------------
Process: p06 | Page: 1 | Size: 32 bytes
  Offset 0x0000: 00 00 00 00 00 00 00 00 00 00 00 00 00 00 00 00 
  Offset 0x0010: 00 00 00 00 00 00 00 00 00 00 00 00 00 00 00 00 
---------------------------------------------------------------------------
Process: p07 | Page: 0 | Size: 32 bytes
  Offset 0x0000: 00 00 00 00 00 00 00 00 00 00 00 00 00 00 00 00 
  Offset 0x0010: 00 00 00 00 00 00 00 00 00 00 00 00 00 00 00 00 
---------------------------------------------------------------------------
Process: p07 | Page: 1 | Size: 32 bytes
  Offset 0x0000: 00 00 00 00 00 00 00 00 00 00 00 00 00 00 00 00 
  Offset 0x0010: 00 00 00 00 00 00 00 00 00 00 00 00 00 00 00 00 
---------------------------------------------------------------------------
Process: p08 | Page: 0 | Size: 32 bytes
  Offset 0x0000: 00 00 00 00 00 00 00 00 00 00 00 00 00 00 00 00 
  Offset 0x0010: 00 00 00 00 00 00 00 00 00 00 00 00 00 00 00 00 
---------------------------------------------------------------------------
Process: p08 | Page: 1 | Size: 32 bytes
  Offset 0x0000: 00 00 00 00 00 00 00 00 00 00 00 00 00 00 00 00 
  Offset 0x0010: 00 00 00 00 00 00 00 00 00 00 00 00 00 00 00 00 
---------------------------------------------------------------------------
Process: p09 | Page: 0 | Size: 32 bytes
  Offset 0x0000: 00 00 00 00 00 00 00 00 00 00 00 00 00 00 00 00 
  Offset 0x0010: 00 00 00 00 00 00 00 00 00 00 00 00 00 00 00 00 
---------------------------------------------------------------------------
Process: p09 | Page: 1 | Size: 32 bytes
  Offset 0x0000: 00 00 00 00 00 00 00 00 00 00 00 00 00 00 00 00 
  Offset 0x0010: 00 00 00 00 00 00 00 00 00 00 00 00 00 00 00 00 
---------------------------------------------------------------------------
Process: p10 | Page: 0 | Size: 32 bytes
  Offset 0x0000: 00 00 00 00 00 00 00 00 00 00 00 00 00 00 00 00 
  Offset 0x0010: 00 00 00 00 00 00 00 00 00 00 00 00 00 00 00 00 
---------------------------------------------------------------------------
Process: p10 | Page: 1 | Size: 32 bytes
  Offset 0x0000: 00 00 00 00 00 00 00 00 00 00 00 00 00 00 00 00 
  Offset 0x0010: 00 00 00 00 00 00 00 00 00 00 00 00 00 00 00 00 
---------------------------------------------------------------------------
Process: p100 | Page: 0 | Size: 32 bytes
  Offset 0x0000: 00 00 00 00 00 00 00 00 00 00 00 00 00 00 00 00 
  Offset 0x0010: 00 00 00 00 00 00 00 00 00 00 00 00 00 00 00 00 
---------------------------------------------------------------------------
Process: p100 | Page: 1 | Size: 32 bytes
  Offset 0x0000: 00 00 00 00 00 00 00 00 00 00 00 00 00 00 00 00 
  Offset 0x0010: 00 00 00 00 00 00 00 00 00 00 00 00 00 00 00 00 
---------------------------------------------------------------------------
Process: p1000 | Page: 0 | Size: 32 bytes
  Offset 0x0000: 00 00 00 00 00 00 00 00 00 00 00 00 00 00 00 00 
  Offset 0x0010: 00 00 00 00 00 00 00 00 00 00 00 00 00 00 00 00 
---------------------------------------------------------------------------
Process: p1000 | Page: 1 | Size: 32 bytes
  Offset 0x0000: 00 00 00 00 00 00 00 00 00 00 00 00 00 00 00 00 
  Offset 0x0010: 00 00 00 00 00 00 00 00 00 00 00 00 00 00 00 00 
---------------------------------------------------------------------------
Process: p1001 | Page: 0 | Size: 32 bytes
  Offset 0x0000: 00 00 00 00 00 00 00 00 00 00 00 00 00 00 00 00 
  Offset 0x0010: 00 00 00 00 00 00 00 00 00 00 00 00 00 00 00 00 
---------------------------------------------------------------------------
Process: p1001 | Page: 1 | Size: 32 bytes
  Offset 0x0000: 00 00 00 00 00 00 00 00 00 00 00 00 00 00 00 00 
  Offset 0x0010: 00 00 00 00 00 00 00 00 00 00 00 00 00 00 00 00 
---------------------------------------------------------------------------
Process: p1002 | Page: 0 | Size: 32 bytes
  Offset 0x0000: 00 00 00 00 00 00 00 00 00 00 00 00 00 00 00 00 
  Offset 0x0010: 00 00 00 00 00 00 00 00 00 00 00 00 00 00 00 00 
---------------------------------------------------------------------------
Process: p1002 | Page: 1 | Size: 32 bytes
  Offset 0x0000: 00 00 00 00 00 00 00 00 00 00 00 00 00 00 00 00 
  Offset 0x0010: 00 00 00 00 00 00 00 00 00 00 00 00 00 00 00 00 
---------------------------------------------------------------------------
Process: p1003 | Page: 0 | Size: 32 bytes
  Offset 0x0000: 00 00 00 00 00 00 00 00 00 00 00 00 00 00 00 00 
  Offset 0x0010: 00 00 00 00 00 00 00 00 00 00 00 00 00 00 00 00 
---------------------------------------------------------------------------
Process: p1003 | Page: 1 | Size: 32 bytes
  Offset 0x0000: 00 00 00 00 00 00 00 00 00 00 00 00 00 00 00 00 
  Offset 0x0010: 00 00 00 00 00 00 00 00 00 00 00 00 00 00 00 00 
---------------------------------------------------------------------------
Process: p1004 | Page: 0 | Size: 32 bytes
  Offset 0x0000: 00 00 00 00 00 00 00 00 00 00 00 00 00 00 00 00 
  Offset 0x0010: 00 00 00 00 00 00 00 00 00 00 00 00 00 00 00 00 
---------------------------------------------------------------------------
Process: p1004 | Page: 1 | Size: 32 bytes
  Offset 0x0000: 00 00 00 00 00 00 00 00 00 00 00 00 00 00 00 00 
  Offset 0x0010: 00 00 00 00 00 00 00 00 00 00 00 00 00 00 00 00 
---------------------------------------------------------------------------
Process: p1005 | Page: 0 | Size: 32 bytes
  Offset 0x0000: 00 00 00 00 00 00 00 00 00 00 00 00 00 00 00 00 
  Offset 0x0010: 00 00 00 00 00 00 00 00 00 00 00 00 00 00 00 00 
---------------------------------------------------------------------------
Process: p1005 | Page: 1 | Size: 32 bytes
  Offset 0x0000: 00 00 00 00 00 00 00 00 00 00 00 00 00 00 00 00 
  Offset 0x0010: 00 00 00 00 00 00 00 00 00 00 00 00 00 00 00 00 
---------------------------------------------------------------------------
Process: p1006 | Page: 0 | Size: 32 bytes
  Offset 0x0000: 00 00 00 00 00 00 00 00 00 00 00 00 00 00 00 00 
  Offset 0x0010: 00 00 00 00 00 00 00 00 00 00 00 00 00 00 00 00 
---------------------------------------------------------------------------
Process: p1006 | Page: 1 | Size: 32 bytes
  Offset 0x0000: 00 00 00 00 00 00 00 00 00 00 00 00 00 00 00 00 
  Offset 0x0010: 00 00 00 00 00 00 00 00 00 00 00 00 00 00 00 00 
---------------------------------------------------------------------------
Process: p1007 | Page: 0 | Size: 32 bytes
  Offset 0x0000: 00 00 00 00 00 00 00 00 00 00 00 00 00 00 00 00 
  Offset 0x0010: 00 00 00 00 00 00 00 00 00 00 00 00 00 00 00 00 
---------------------------------------------------------------------------
Process: p1007 | Page: 1 | Size: 32 bytes
  Offset 0x0000: 00 00 00 00 00 00 00 00 00 00 00 00 00 00 00 00 
  Offset 0x0010: 00 00 00 00 00 00 00 00 00 00 00 00 00 00 00 00 
---------------------------------------------------------------------------
Process: p1008 | Page: 0 | Size: 32 bytes
  Offset 0x0000: 00 00 00 00 00 00 00 00 00 00 00 00 00 00 00 00 
  Offset 0x0010: 00 00 00 00 00 00 00 00 00 00 00 00 00 00 00 00 
---------------------------------------------------------------------------
Process: p1008 | Page: 1 | Size: 32 bytes
  Offset 0x0000: 00 00 00 00 00 00 00 00 00 00 00 00 00 00 00 00 
  Offset 0x0010: 00 00 00 00 00 00 00 00 00 00 00 00 00 00 00 00 
---------------------------------------------------------------------------
Process: p1009 | Page: 0 | Size: 32 bytes
  Offset 0x0000: 00 00 00 00 00 00 00 00 00 00 00 00 00 00 00 00 
  Offset 0x0010: 00 00 00 00 00 00 00 00 00 00 00 00 00 00 00 00 
---------------------------------------------------------------------------
Process: p1009 | Page: 1 | Size: 32 bytes
  Offset 0x0000: 00 00 00 00 00 00 00 00 00 00 00 00 00 00 00 00 
  Offset 0x0010: 00 00 00 00 00 00 00 00 00 00 00 00 00 00 00 00 
---------------------------------------------------------------------------
Process: p101 | Page: 0 | Size: 32 bytes
  Offset 0x0000: 00 00 00 00 00 00 00 00 00 00 00 00 00 00 00 00 
  Offset 0x0010: 00 00 00 00 00 00 00 00 00 00 00 00 00 00 00 00 
---------------------------------------------------------------------------
Process: p101 | Page: 1 | Size: 32 bytes
  Offset 0x0000: 00 00 00 00 00 00 00 00 00 00 00 00 00 00 00 00 
  Offset 0x0010: 00 00 00 00 00 00 00 00 00 00 00 00 00 00 00 00 
---------------------------------------------------------------------------
Process: p1010 | Page: 0 | Size: 32 bytes
  Offset 0x0000: 00 00 00 00 00 00 00 00 00 00 00 00 00 00 00 00 
  Offset 0x0010: 00 00 00 00 00 00 00 00 00 00 00 00 00 00 00 00 
---------------------------------------------------------------------------
Process: p1010 | Page: 1 | Size: 32 bytes
  Offset 0x0000: 00 00 00 00 00 00 00 00 00 00 00 00 00 00 00 00 
  Offset 0x0010: 00 00 00 00 00 00 00 00 00 00 00 00 00 00 00 00 
---------------------------------------------------------------------------
Process: p1011 | Page: 0 | Size: 32 bytes
  Offset 0x0000: 00 00 00 00 00 00 00 00 00 00 00 00 00 00 00 00 
  Offset 0x0010: 00 00 00 00 00 00 00 00 00 00 00 00 00 00 00 00 
---------------------------------------------------------------------------
Process: p1011 | Page: 1 | Size: 32 bytes
  Offset 0x0000: 00 00 00 00 00 00 00 00 00 00 00 00 00 00 00 00 
  Offset 0x0010: 00 00 00 00 00 00 00 00 00 00 00 00 00 00 00 00 
---------------------------------------------------------------------------
Process: p1012 | Page: 0 | Size: 32 bytes
  Offset 0x0000: 00 00 00 00 00 00 00 00 00 00 00 00 00 00 00 00 
  Offset 0x0010: 00 00 00 00 00 00 00 00 00 00 00 00 00 00 00 00 
---------------------------------------------------------------------------
Process: p1012 | Page: 1 | Size: 32 bytes
  Offset 0x0000: 00 00 00 00 00 00 00 00 00 00 00 00 00 00 00 00 
  Offset 0x0010: 00 00 00 00 00 00 00 00 00 00 00 00 00 00 00 00 
---------------------------------------------------------------------------
Process: p1013 | Page: 0 | Size: 32 bytes
  Offset 0x0000: 00 00 00 00 00 00 00 00 00 00 00 00 00 00 00 00 
  Offset 0x0010: 00 00 00 00 00 00 00 00 00 00 00 00 00 00 00 00 
---------------------------------------------------------------------------
Process: p1013 | Page: 1 | Size: 32 bytes
  Offset 0x0000: 00 00 00 00 00 00 00 00 00 00 00 00 00 00 00 00 
  Offset 0x0010: 00 00 00 00 00 00 00 00 00 00 00 00 00 00 00 00 
---------------------------------------------------------------------------
Process: p1014 | Page: 0 | Size: 32 bytes
  Offset 0x0000: 00 00 00 00 00 00 00 00 00 00 00 00 00 00 00 00 
  Offset 0x0010: 00 00 00 00 00 00 00 00 00 00 00 00 00 00 00 00 
---------------------------------------------------------------------------
Process: p1014 | Page: 1 | Size: 32 bytes
  Offset 0x0000: 00 00 00 00 00 00 00 00 00 00 00 00 00 00 00 00 
  Offset 0x0010: 00 00 00 00 00 00 00 00 00 00 00 00 00 00 00 00 
---------------------------------------------------------------------------
Process: p1015 | Page: 0 | Size: 32 bytes
  Offset 0x0000: 00 00 00 00 00 00 00 00 00 00 00 00 00 00 00 00 
  Offset 0x0010: 00 00 00 00 00 00 00 00 00 00 00 00 00 00 00 00 
---------------------------------------------------------------------------
Process: p1015 | Page: 1 | Size: 32 bytes
  Offset 0x0000: 00 00 00 00 00 00 00 00 00 00 00 00 00 00 00 00 
  Offset 0x0010: 00 00 00 00 00 00 00 00 00 00 00 00 00 00 00 00 
---------------------------------------------------------------------------
Process: p1016 | Page: 0 | Size: 32 bytes
  Offset 0x0000: 00 00 00 00 00 00 00 00 00 00 00 00 00 00 00 00 
  Offset 0x0010: 00 00 00 00 00 00 00 00 00 00 00 00 00 00 00 00 
---------------------------------------------------------------------------
Process: p1016 | Page: 1 | Size: 32 bytes
  Offset 0x0000: 00 00 00 00 00 00 00 00 00 00 00 00 00 00 00 00 
  Offset 0x0010: 00 00 00 00 00 00 00 00 00 00 00 00 00 00 00 00 
---------------------------------------------------------------------------
Process: p1017 | Page: 0 | Size: 32 bytes
  Offset 0x0000: 00 00 00 00 00 00 00 00 00 00 00 00 00 00 00 00 
  Offset 0x0010: 00 00 00 00 00 00 00 00 00 00 00 00 00 00 00 00 
---------------------------------------------------------------------------
Process: p1017 | Page: 1 | Size: 32 bytes
  Offset 0x0000: 00 00 00 00 00 00 00 00 00 00 00 00 00 00 00 00 
  Offset 0x0010: 00 00 00 00 00 00 00 00 00 00 00 00 00 00 00 00 
---------------------------------------------------------------------------
Process: p1018 | Page: 0 | Size: 32 bytes
  Offset 0x0000: 00 00 00 00 00 00 00 00 00 00 00 00 00 00 00 00 
  Offset 0x0010: 00 00 00 00 00 00 00 00 00 00 00 00 00 00 00 00 
---------------------------------------------------------------------------
Process: p1018 | Page: 1 | Size: 32 bytes
  Offset 0x0000: 00 00 00 00 00 00 00 00 00 00 00 00 00 00 00 00 
  Offset 0x0010: 00 00 00 00 00 00 00 00 00 00 00 00 00 00 00 00 
---------------------------------------------------------------------------
Process: p1019 | Page: 0 | Size: 32 bytes
  Offset 0x0000: 00 00 00 00 00 00 00 00 00 00 00 00 00 00 00 00 
  Offset 0x0010: 00 00 00 00 00 00 00 00 00 00 00 00 00 00 00 00 
---------------------------------------------------------------------------
Process: p1019 | Page: 1 | Size: 32 bytes
  Offset 0x0000: 00 00 00 00 00 00 00 00 00 00 00 00 00 00 00 00 
  Offset 0x0010: 00 00 00 00 00 00 00 00 00 00 00 00 00 00 00 00 
---------------------------------------------------------------------------
Process: p102 | Page: 0 | Size: 32 bytes
  Offset 0x0000: 00 00 00 00 00 00 00 00 00 00 00 00 00 00 00 00 
  Offset 0x0010: 00 00 00 00 00 00 00 00 00 00 00 00 00 00 00 00 
---------------------------------------------------------------------------
Process: p102 | Page: 1 | Size: 32 bytes
  Offset 0x0000: 00 00 00 00 00 00 00 00 00 00 00 00 00 00 00 00 
  Offset 0x0010: 00 00 00 00 00 00 00 00 00 00 00 00 00 00 00 00 
---------------------------------------------------------------------------
Process: p1020 | Page: 0 | Size: 32 bytes
  Offset 0x0000: 00 00 00 00 00 00 00 00 00 00 00 00 00 00 00 00 
  Offset 0x0010: 00 00 00 00 00 00 00 00 00 00 00 00 00 00 00 00 
---------------------------------------------------------------------------
Process: p1020 | Page: 1 | Size: 32 bytes
  Offset 0x0000: 00 00 00 00 00 00 00 00 00 00 00 00 00 00 00 00 
  Offset 0x0010: 00 00 00 00 00 00 00 00 00 00 00 00 00 00 00 00 
---------------------------------------------------------------------------
Process: p1021 | Page: 0 | Size: 32 bytes
  Offset 0x0000: 00 00 00 00 00 00 00 00 00 00 00 00 00 00 00 00 
  Offset 0x0010: 00 00 00 00 00 00 00 00 00 00 00 00 00 00 00 00 
---------------------------------------------------------------------------
Process: p1021 | Page: 1 | Size: 32 bytes
  Offset 0x0000: 00 00 00 00 00 00 00 00 00 00 00 00 00 00 00 00 
  Offset 0x0010: 00 00 00 00 00 00 00 00 00 00 00 00 00 00 00 00 
---------------------------------------------------------------------------
Process: p1022 | Page: 0 | Size: 32 bytes
  Offset 0x0000: 00 00 00 00 00 00 00 00 00 00 00 00 00 00 00 00 
  Offset 0x0010: 00 00 00 00 00 00 00 00 00 00 00 00 00 00 00 00 
---------------------------------------------------------------------------
Process: p1022 | Page: 1 | Size: 32 bytes
  Offset 0x0000: 00 00 00 00 00 00 00 00 00 00 00 00 00 00 00 00 
  Offset 0x0010: 00 00 00 00 00 00 00 00 00 00 00 00 00 00 00 00 
---------------------------------------------------------------------------
Process: p1023 | Page: 0 | Size: 32 bytes
  Offset 0x0000: 00 00 00 00 00 00 00 00 00 00 00 00 00 00 00 00 
  Offset 0x0010: 00 00 00 00 00 00 00 00 00 00 00 00 00 00 00 00 
---------------------------------------------------------------------------
Process: p1023 | Page: 1 | Size: 32 bytes
  Offset 0x0000: 00 00 00 00 00 00 00 00 00 00 00 00 00 00 00 00 
  Offset 0x0010: 00 00 00 00 00 00 00 00 00 00 00 00 00 00 00 00 
---------------------------------------------------------------------------
Process: p1024 | Page: 0 | Size: 32 bytes
  Offset 0x0000: 00 00 00 00 00 00 00 00 00 00 00 00 00 00 00 00 
  Offset 0x0010: 00 00 00 00 00 00 00 00 00 00 00 00 00 00 00 00 
---------------------------------------------------------------------------
Process: p1024 | Page: 1 | Size: 32 bytes
  Offset 0x0000: 00 00 00 00 00 00 00 00 00 00 00 00 00 00 00 00 
  Offset 0x0010: 00 00 00 00 00 00 00 00 00 00 00 00 00 00 00 00 
---------------------------------------------------------------------------
Process: p1025 | Page: 0 | Size: 32 bytes
  Offset 0x0000: 00 00 00 00 00 00 00 00 00 00 00 00 00 00 00 00 
  Offset 0x0010: 00 00 00 00 00 00 00 00 00 00 00 00 00 00 00 00 
---------------------------------------------------------------------------
Process: p1025 | Page: 1 | Size: 32 bytes
  Offset 0x0000: 00 00 00 00 00 00 00 00 00 00 00 00 00 00 00 00 
  Offset 0x0010: 00 00 00 00 00 00 00 00 00 00 00 00 00 00 00 00 
---------------------------------------------------------------------------
Process: p1026 | Page: 0 | Size: 32 bytes
  Offset 0x0000: 00 00 00 00 00 00 00 00 00 00 00 00 00 00 00 00 
  Offset 0x0010: 00 00 00 00 00 00 00 00 00 00 00 00 00 00 00 00 
---------------------------------------------------------------------------
Process: p1026 | Page: 1 | Size: 32 bytes
  Offset 0x0000: 00 00 00 00 00 00 00 00 00 00 00 00 00 00 00 00 
  Offset 0x0010: 00 00 00 00 00 00 00 00 00 00 00 00 00 00 00 00 
---------------------------------------------------------------------------
Process: p1027 | Page: 0 | Size: 32 bytes
  Offset 0x0000: 00 00 00 00 00 00 00 00 00 00 00 00 00 00 00 00 
  Offset 0x0010: 00 00 00 00 00 00 00 00 00 00 00 00 00 00 00 00 
---------------------------------------------------------------------------
Process: p1027 | Page: 1 | Size: 32 bytes
  Offset 0x0000: 00 00 00 00 00 00 00 00 00 00 00 00 00 00 00 00 
  Offset 0x0010: 00 00 00 00 00 00 00 00 00 00 00 00 00 00 00 00 
---------------------------------------------------------------------------
Process: p1028 | Page: 0 | Size: 32 bytes
  Offset 0x0000: 00 00 00 00 00 00 00 00 00 00 00 00 00 00 00 00 
  Offset 0x0010: 00 00 00 00 00 00 00 00 00 00 00 00 00 00 00 00 
---------------------------------------------------------------------------
Process: p1028 | Page: 1 | Size: 32 bytes
  Offset 0x0000: 00 00 00 00 00 00 00 00 00 00 00 00 00 00 00 00 
  Offset 0x0010: 00 00 00 00 00 00 00 00 00 00 00 00 00 00 00 00 
---------------------------------------------------------------------------
Process: p1029 | Page: 0 | Size: 32 bytes
  Offset 0x0000: 00 00 00 00 00 00 00 00 00 00 00 00 00 00 00 00 
  Offset 0x0010: 00 00 00 00 00 00 00 00 00 00 00 00 00 00 00 00 
---------------------------------------------------------------------------
Process: p1029 | Page: 1 | Size: 32 bytes
  Offset 0x0000: 00 00 00 00 00 00 00 00 00 00 00 00 00 00 00 00 
  Offset 0x0010: 00 00 00 00 00 00 00 00 00 00 00 00 00 00 00 00 
---------------------------------------------------------------------------
Process: p103 | Page: 0 | Size: 32 bytes
  Offset 0x0000: 00 00 00 00 00 00 00 00 00 00 00 00 00 00 00 00 
  Offset 0x0010: 00 00 00 00 00 00 00 00 00 00 00 00 00 00 00 00 
---------------------------------------------------------------------------
Process: p103 | Page: 1 | Size: 32 bytes
  Offset 0x0000: 00 00 00 00 00 00 00 00 00 00 00 00 00 00 00 00 
  Offset 0x0010: 00 00 00 00 00 00 00 00 00 00 00 00 00 00 00 00 
---------------------------------------------------------------------------
Process: p1030 | Page: 0 | Size: 32 bytes
  Offset 0x0000: 00 00 00 00 00 00 00 00 00 00 00 00 00 00 00 00 
  Offset 0x0010: 00 00 00 00 00 00 00 00 00 00 00 00 00 00 00 00 
---------------------------------------------------------------------------
Process: p1030 | Page: 1 | Size: 32 bytes
  Offset 0x0000: 00 00 00 00 00 00 00 00 00 00 00 00 00 00 00 00 
  Offset 0x0010: 00 00 00 00 00 00 00 00 00 00 00 00 00 00 00 00 
---------------------------------------------------------------------------
Process: p1031 | Page: 0 | Size: 32 bytes
  Offset 0x0000: 00 00 00 00 00 00 00 00 00 00 00 00 00 00 00 00 
  Offset 0x0010: 00 00 00 00 00 00 00 00 00 00 00 00 00 00 00 00 
---------------------------------------------------------------------------
Process: p1031 | Page: 1 | Size: 32 bytes
  Offset 0x0000: 00 00 00 00 00 00 00 00 00 00 00 00 00 00 00 00 
  Offset 0x0010: 00 00 00 00 00 00 00 00 00 00 00 00 00 00 00 00 
---------------------------------------------------------------------------
Process: p1032 | Page: 0 | Size: 32 bytes
  Offset 0x0000: 00 00 00 00 00 00 00 00 00 00 00 00 00 00 00 00 
  Offset 0x0010: 00 00 00 00 00 00 00 00 00 00 00 00 00 00 00 00 
---------------------------------------------------------------------------
Process: p1032 | Page: 1 | Size: 32 bytes
  Offset 0x0000: 00 00 00 00 00 00 00 00 00 00 00 00 00 00 00 00 
  Offset 0x0010: 00 00 00 00 00 00 00 00 00 00 00 00 00 00 00 00 
---------------------------------------------------------------------------
Process: p1033 | Page: 0 | Size: 32 bytes
  Offset 0x0000: 00 00 00 00 00 00 00 00 00 00 00 00 00 00 00 00 
  Offset 0x0010: 00 00 00 00 00 00 00 00 00 00 00 00 00 00 00 00 
---------------------------------------------------------------------------
Process: p1033 | Page: 1 | Size: 32 bytes
  Offset 0x0000: 00 00 00 00 00 00 00 00 00 00 00 00 00 00 00 00 
  Offset 0x0010: 00 00 00 00 00 00 00 00 00 00 00 00 00 00 00 00 
---------------------------------------------------------------------------
Process: p1034 | Page: 0 | Size: 32 bytes
  Offset 0x0000: 00 00 00 00 00 00 00 00 00 00 00 00 00 00 00 00 
  Offset 0x0010: 00 00 00 00 00 00 00 00 00 00 00 00 00 00 00 00 
---------------------------------------------------------------------------
Process: p1034 | Page: 1 | Size: 32 bytes
  Offset 0x0000: 00 00 00 00 00 00 00 00 00 00 00 00 00 00 00 00 
  Offset 0x0010: 00 00 00 00 00 00 00 00 00 00 00 00 00 00 00 00 
---------------------------------------------------------------------------
Process: p1035 | Page: 0 | Size: 32 bytes
  Offset 0x0000: 00 00 00 00 00 00 00 00 00 00 00 00 00 00 00 00 
  Offset 0x0010: 00 00 00 00 00 00 00 00 00 00 00 00 00 00 00 00 
---------------------------------------------------------------------------
Process: p1035 | Page: 1 | Size: 32 bytes
  Offset 0x0000: 00 00 00 00 00 00 00 00 00 00 00 00 00 00 00 00 
  Offset 0x0010: 00 00 00 00 00 00 00 00 00 00 00 00 00 00 00 00 
---------------------------------------------------------------------------
Process: p1036 | Page: 0 | Size: 32 bytes
  Offset 0x0000: 00 00 00 00 00 00 00 00 00 00 00 00 00 00 00 00 
  Offset 0x0010: 00 00 00 00 00 00 00 00 00 00 00 00 00 00 00 00 
---------------------------------------------------------------------------
Process: p1036 | Page: 1 | Size: 32 bytes
  Offset 0x0000: 00 00 00 00 00 00 00 00 00 00 00 00 00 00 00 00 
  Offset 0x0010: 00 00 00 00 00 00 00 00 00 00 00 00 00 00 00 00 
---------------------------------------------------------------------------
Process: p1037 | Page: 0 | Size: 32 bytes
  Offset 0x0000: 00 00 00 00 00 00 00 00 00 00 00 00 00 00 00 00 
  Offset 0x0010: 00 00 00 00 00 00 00 00 00 00 00 00 00 00 00 00 
---------------------------------------------------------------------------
Process: p1037 | Page: 1 | Size: 32 bytes
  Offset 0x0000: 00 00 00 00 00 00 00 00 00 00 00 00 00 00 00 00 
  Offset 0x0010: 00 00 00 00 00 00 00 00 00 00 00 00 00 00 00 00 
---------------------------------------------------------------------------
Process: p1038 | Page: 0 | Size: 32 bytes
  Offset 0x0000: 00 00 00 00 00 00 00 00 00 00 00 00 00 00 00 00 
  Offset 0x0010: 00 00 00 00 00 00 00 00 00 00 00 00 00 00 00 00 
---------------------------------------------------------------------------
Process: p1038 | Page: 1 | Size: 32 bytes
  Offset 0x0000: 00 00 00 00 00 00 00 00 00 00 00 00 00 00 00 00 
  Offset 0x0010: 00 00 00 00 00 00 00 00 00 00 00 00 00 00 00 00 
---------------------------------------------------------------------------
Process: p1039 | Page: 0 | Size: 32 bytes
  Offset 0x0000: 00 00 00 00 00 00 00 00 00 00 00 00 00 00 00 00 
  Offset 0x0010: 00 00 00 00 00 00 00 00 00 00 00 00 00 00 00 00 
---------------------------------------------------------------------------
Process: p1039 | Page: 1 | Size: 32 bytes
  Offset 0x0000: 00 00 00 00 00 00 00 00 00 00 00 00 00 00 00 00 
  Offset 0x0010: 00 00 00 00 00 00 00 00 00 00 00 00 00 00 00 00 
---------------------------------------------------------------------------
Process: p104 | Page: 0 | Size: 32 bytes
  Offset 0x0000: 00 00 00 00 00 00 00 00 00 00 00 00 00 00 00 00 
  Offset 0x0010: 00 00 00 00 00 00 00 00 00 00 00 00 00 00 00 00 
---------------------------------------------------------------------------
Process: p104 | Page: 1 | Size: 32 bytes
  Offset 0x0000: 00 00 00 00 00 00 00 00 00 00 00 00 00 00 00 00 
  Offset 0x0010: 00 00 00 00 00 00 00 00 00 00 00 00 00 00 00 00 
---------------------------------------------------------------------------
Process: p1040 | Page: 0 | Size: 32 bytes
  Offset 0x0000: 00 00 00 00 00 00 00 00 00 00 00 00 00 00 00 00 
  Offset 0x0010: 00 00 00 00 00 00 00 00 00 00 00 00 00 00 00 00 
---------------------------------------------------------------------------
Process: p1040 | Page: 1 | Size: 32 bytes
  Offset 0x0000: 00 00 00 00 00 00 00 00 00 00 00 00 00 00 00 00 
  Offset 0x0010: 00 00 00 00 00 00 00 00 00 00 00 00 00 00 00 00 
---------------------------------------------------------------------------
Process: p1041 | Page: 0 | Size: 32 bytes
  Offset 0x0000: 00 00 00 00 00 00 00 00 00 00 00 00 00 00 00 00 
  Offset 0x0010: 00 00 00 00 00 00 00 00 00 00 00 00 00 00 00 00 
---------------------------------------------------------------------------
Process: p1041 | Page: 1 | Size: 32 bytes
  Offset 0x0000: 00 00 00 00 00 00 00 00 00 00 00 00 00 00 00 00 
  Offset 0x0010: 00 00 00 00 00 00 00 00 00 00 00 00 00 00 00 00 
---------------------------------------------------------------------------
Process: p1042 | Page: 0 | Size: 32 bytes
  Offset 0x0000: 00 00 00 00 00 00 00 00 00 00 00 00 00 00 00 00 
  Offset 0x0010: 00 00 00 00 00 00 00 00 00 00 00 00 00 00 00 00 
---------------------------------------------------------------------------
Process: p1042 | Page: 1 | Size: 32 bytes
  Offset 0x0000: 00 00 00 00 00 00 00 00 00 00 00 00 00 00 00 00 
  Offset 0x0010: 00 00 00 00 00 00 00 00 00 00 00 00 00 00 00 00 
---------------------------------------------------------------------------
Process: p1043 | Page: 0 | Size: 32 bytes
  Offset 0x0000: 00 00 00 00 00 00 00 00 00 00 00 00 00 00 00 00 
  Offset 0x0010: 00 00 00 00 00 00 00 00 00 00 00 00 00 00 00 00 
---------------------------------------------------------------------------
Process: p1043 | Page: 1 | Size: 32 bytes
  Offset 0x0000: 00 00 00 00 00 00 00 00 00 00 00 00 00 00 00 00 
  Offset 0x0010: 00 00 00 00 00 00 00 00 00 00 00 00 00 00 00 00 
---------------------------------------------------------------------------
Process: p1044 | Page: 0 | Size: 32 bytes
  Offset 0x0000: 00 00 00 00 00 00 00 00 00 00 00 00 00 00 00 00 
  Offset 0x0010: 00 00 00 00 00 00 00 00 00 00 00 00 00 00 00 00 
---------------------------------------------------------------------------
Process: p1044 | Page: 1 | Size: 32 bytes
  Offset 0x0000: 00 00 00 00 00 00 00 00 00 00 00 00 00 00 00 00 
  Offset 0x0010: 00 00 00 00 00 00 00 00 00 00 00 00 00 00 00 00 
---------------------------------------------------------------------------
Process: p1045 | Page: 0 | Size: 32 bytes
  Offset 0x0000: 00 00 00 00 00 00 00 00 00 00 00 00 00 00 00 00 
  Offset 0x0010: 00 00 00 00 00 00 00 00 00 00 00 00 00 00 00 00 
---------------------------------------------------------------------------
Process: p1045 | Page: 1 | Size: 32 bytes
  Offset 0x0000: 00 00 00 00 00 00 00 00 00 00 00 00 00 00 00 00 
  Offset 0x0010: 00 00 00 00 00 00 00 00 00 00 00 00 00 00 00 00 
---------------------------------------------------------------------------
Process: p1046 | Page: 0 | Size: 32 bytes
  Offset 0x0000: 00 00 00 00 00 00 00 00 00 00 00 00 00 00 00 00 
  Offset 0x0010: 00 00 00 00 00 00 00 00 00 00 00 00 00 00 00 00 
---------------------------------------------------------------------------
Process: p1046 | Page: 1 | Size: 32 bytes
  Offset 0x0000: 00 00 00 00 00 00 00 00 00 00 00 00 00 00 00 00 
  Offset 0x0010: 00 00 00 00 00 00 00 00 00 00 00 00 00 00 00 00 
---------------------------------------------------------------------------
Process: p1047 | Page: 0 | Size: 32 bytes
  Offset 0x0000: 00 00 00 00 00 00 00 00 00 00 00 00 00 00 00 00 
  Offset 0x0010: 00 00 00 00 00 00 00 00 00 00 00 00 00 00 00 00 
---------------------------------------------------------------------------
Process: p1047 | Page: 1 | Size: 32 bytes
  Offset 0x0000: 00 00 00 00 00 00 00 00 00 00 00 00 00 00 00 00 
  Offset 0x0010: 00 00 00 00 00 00 00 00 00 00 00 00 00 00 00 00 
---------------------------------------------------------------------------
Process: p1048 | Page: 0 | Size: 32 bytes
  Offset 0x0000: 00 00 00 00 00 00 00 00 00 00 00 00 00 00 00 00 
  Offset 0x0010: 00 00 00 00 00 00 00 00 00 00 00 00 00 00 00 00 
---------------------------------------------------------------------------
Process: p1048 | Page: 1 | Size: 32 bytes
  Offset 0x0000: 00 00 00 00 00 00 00 00 00 00 00 00 00 00 00 00 
  Offset 0x0010: 00 00 00 00 00 00 00 00 00 00 00 00 00 00 00 00 
---------------------------------------------------------------------------
Process: p1049 | Page: 0 | Size: 32 bytes
  Offset 0x0000: 00 00 00 00 00 00 00 00 00 00 00 00 00 00 00 00 
  Offset 0x0010: 00 00 00 00 00 00 00 00 00 00 00 00 00 00 00 00 
---------------------------------------------------------------------------
Process: p1049 | Page: 1 | Size: 32 bytes
  Offset 0x0000: 00 00 00 00 00 00 00 00 00 00 00 00 00 00 00 00 
  Offset 0x0010: 00 00 00 00 00 00 00 00 00 00 00 00 00 00 00 00 
---------------------------------------------------------------------------
Process: p105 | Page: 0 | Size: 32 bytes
  Offset 0x0000: 00 00 00 00 00 00 00 00 00 00 00 00 00 00 00 00 
  Offset 0x0010: 00 00 00 00 00 00 00 00 00 00 00 00 00 00 00 00 
---------------------------------------------------------------------------
Process: p105 | Page: 1 | Size: 32 bytes
  Offset 0x0000: 00 00 00 00 00 00 00 00 00 00 00 00 00 00 00 00 
  Offset 0x0010: 00 00 00 00 00 00 00 00 00 00 00 00 00 00 00 00 
---------------------------------------------------------------------------
Process: p1050 | Page: 0 | Size: 32 bytes
  Offset 0x0000: 00 00 00 00 00 00 00 00 00 00 00 00 00 00 00 00 
  Offset 0x0010: 00 00 00 00 00 00 00 00 00 00 00 00 00 00 00 00 
---------------------------------------------------------------------------
Process: p1050 | Page: 1 | Size: 32 bytes
  Offset 0x0000: 00 00 00 00 00 00 00 00 00 00 00 00 00 00 00 00 
  Offset 0x0010: 00 00 00 00 00 00 00 00 00 00 00 00 00 00 00 00 
---------------------------------------------------------------------------
Process: p1051 | Page: 0 | Size: 32 bytes
  Offset 0x0000: 00 00 00 00 00 00 00 00 00 00 00 00 00 00 00 00 
  Offset 0x0010: 00 00 00 00 00 00 00 00 00 00 00 00 00 00 00 00 
---------------------------------------------------------------------------
Process: p1051 | Page: 1 | Size: 32 bytes
  Offset 0x0000: 00 00 00 00 00 00 00 00 00 00 00 00 00 00 00 00 
  Offset 0x0010: 00 00 00 00 00 00 00 00 00 00 00 00 00 00 00 00 
---------------------------------------------------------------------------
Process: p1052 | Page: 0 | Size: 32 bytes
  Offset 0x0000: 00 00 00 00 00 00 00 00 00 00 00 00 00 00 00 00 
  Offset 0x0010: 00 00 00 00 00 00 00 00 00 00 00 00 00 00 00 00 
---------------------------------------------------------------------------
Process: p1052 | Page: 1 | Size: 32 bytes
  Offset 0x0000: 00 00 00 00 00 00 00 00 00 00 00 00 00 00 00 00 
  Offset 0x0010: 00 00 00 00 00 00 00 00 00 00 00 00 00 00 00 00 
---------------------------------------------------------------------------
Process: p1053 | Page: 0 | Size: 32 bytes
  Offset 0x0000: 00 00 00 00 00 00 00 00 00 00 00 00 00 00 00 00 
  Offset 0x0010: 00 00 00 00 00 00 00 00 00 00 00 00 00 00 00 00 
---------------------------------------------------------------------------
Process: p1053 | Page: 1 | Size: 32 bytes
  Offset 0x0000: 00 00 00 00 00 00 00 00 00 00 00 00 00 00 00 00 
  Offset 0x0010: 00 00 00 00 00 00 00 00 00 00 00 00 00 00 00 00 
---------------------------------------------------------------------------
Process: p1054 | Page: 0 | Size: 32 bytes
  Offset 0x0000: 00 00 00 00 00 00 00 00 00 00 00 00 00 00 00 00 
  Offset 0x0010: 00 00 00 00 00 00 00 00 00 00 00 00 00 00 00 00 
---------------------------------------------------------------------------
Process: p1054 | Page: 1 | Size: 32 bytes
  Offset 0x0000: 00 00 00 00 00 00 00 00 00 00 00 00 00 00 00 00 
  Offset 0x0010: 00 00 00 00 00 00 00 00 00 00 00 00 00 00 00 00 
---------------------------------------------------------------------------
Process: p1055 | Page: 0 | Size: 32 bytes
  Offset 0x0000: 00 00 00 00 00 00 00 00 00 00 00 00 00 00 00 00 
  Offset 0x0010: 00 00 00 00 00 00 00 00 00 00 00 00 00 00 00 00 
---------------------------------------------------------------------------
Process: p1055 | Page: 1 | Size: 32 bytes
  Offset 0x0000: 00 00 00 00 00 00 00 00 00 00 00 00 00 00 00 00 
  Offset 0x0010: 00 00 00 00 00 00 00 00 00 00 00 00 00 00 00 00 
---------------------------------------------------------------------------
Process: p1056 | Page: 0 | Size: 32 bytes
  Offset 0x0000: 00 00 00 00 00 00 00 00 00 00 00 00 00 00 00 00 
  Offset 0x0010: 00 00 00 00 00 00 00 00 00 00 00 00 00 00 00 00 
---------------------------------------------------------------------------
Process: p1056 | Page: 1 | Size: 32 bytes
  Offset 0x0000: 00 00 00 00 00 00 00 00 00 00 00 00 00 00 00 00 
  Offset 0x0010: 00 00 00 00 00 00 00 00 00 00 00 00 00 00 00 00 
---------------------------------------------------------------------------
Process: p1057 | Page: 0 | Size: 32 bytes
  Offset 0x0000: 00 00 00 00 00 00 00 00 00 00 00 00 00 00 00 00 
  Offset 0x0010: 00 00 00 00 00 00 00 00 00 00 00 00 00 00 00 00 
---------------------------------------------------------------------------
Process: p1057 | Page: 1 | Size: 32 bytes
  Offset 0x0000: 00 00 00 00 00 00 00 00 00 00 00 00 00 00 00 00 
  Offset 0x0010: 00 00 00 00 00 00 00 00 00 00 00 00 00 00 00 00 
---------------------------------------------------------------------------
Process: p1058 | Page: 0 | Size: 32 bytes
  Offset 0x0000: 00 00 00 00 00 00 00 00 00 00 00 00 00 00 00 00 
  Offset 0x0010: 00 00 00 00 00 00 00 00 00 00 00 00 00 00 00 00 
---------------------------------------------------------------------------
Process: p1058 | Page: 1 | Size: 32 bytes
  Offset 0x0000: 00 00 00 00 00 00 00 00 00 00 00 00 00 00 00 00 
  Offset 0x0010: 00 00 00 00 00 00 00 00 00 00 00 00 00 00 00 00 
---------------------------------------------------------------------------
Process: p1059 | Page: 0 | Size: 32 bytes
  Offset 0x0000: 00 00 00 00 00 00 00 00 00 00 00 00 00 00 00 00 
  Offset 0x0010: 00 00 00 00 00 00 00 00 00 00 00 00 00 00 00 00 
---------------------------------------------------------------------------
Process: p1059 | Page: 1 | Size: 32 bytes
  Offset 0x0000: 00 00 00 00 00 00 00 00 00 00 00 00 00 00 00 00 
  Offset 0x0010: 00 00 00 00 00 00 00 00 00 00 00 00 00 00 00 00 
---------------------------------------------------------------------------
Process: p106 | Page: 0 | Size: 32 bytes
  Offset 0x0000: 00 00 00 00 00 00 00 00 00 00 00 00 00 00 00 00 
  Offset 0x0010: 00 00 00 00 00 00 00 00 00 00 00 00 00 00 00 00 
---------------------------------------------------------------------------
Process: p106 | Page: 1 | Size: 32 bytes
  Offset 0x0000: 00 00 00 00 00 00 00 00 00 00 00 00 00 00 00 00 
  Offset 0x0010: 00 00 00 00 00 00 00 00 00 00 00 00 00 00 00 00 
---------------------------------------------------------------------------
Process: p1060 | Page: 0 | Size: 32 bytes
  Offset 0x0000: 00 00 00 00 00 00 00 00 00 00 00 00 00 00 00 00 
  Offset 0x0010: 00 00 00 00 00 00 00 00 00 00 00 00 00 00 00 00 
---------------------------------------------------------------------------
Process: p1060 | Page: 1 | Size: 32 bytes
  Offset 0x0000: 00 00 00 00 00 00 00 00 00 00 00 00 00 00 00 00 
  Offset 0x0010: 00 00 00 00 00 00 00 00 00 00 00 00 00 00 00 00 
---------------------------------------------------------------------------
Process: p1061 | Page: 0 | Size: 32 bytes
  Offset 0x0000: 00 00 00 00 00 00 00 00 00 00 00 00 00 00 00 00 
  Offset 0x0010: 00 00 00 00 00 00 00 00 00 00 00 00 00 00 00 00 
---------------------------------------------------------------------------
Process: p1061 | Page: 1 | Size: 32 bytes
  Offset 0x0000: 00 00 00 00 00 00 00 00 00 00 00 00 00 00 00 00 
  Offset 0x0010: 00 00 00 00 00 00 00 00 00 00 00 00 00 00 00 00 
---------------------------------------------------------------------------
Process: p1062 | Page: 0 | Size: 32 bytes
  Offset 0x0000: 00 00 00 00 00 00 00 00 00 00 00 00 00 00 00 00 
  Offset 0x0010: 00 00 00 00 00 00 00 00 00 00 00 00 00 00 00 00 
---------------------------------------------------------------------------
Process: p1062 | Page: 1 | Size: 32 bytes
  Offset 0x0000: 00 00 00 00 00 00 00 00 00 00 00 00 00 00 00 00 
  Offset 0x0010: 00 00 00 00 00 00 00 00 00 00 00 00 00 00 00 00 
---------------------------------------------------------------------------
Process: p1063 | Page: 0 | Size: 32 bytes
  Offset 0x0000: 00 00 00 00 00 00 00 00 00 00 00 00 00 00 00 00 
  Offset 0x0010: 00 00 00 00 00 00 00 00 00 00 00 00 00 00 00 00 
---------------------------------------------------------------------------
Process: p1063 | Page: 1 | Size: 32 bytes
  Offset 0x0000: 00 00 00 00 00 00 00 00 00 00 00 00 00 00 00 00 
  Offset 0x0010: 00 00 00 00 00 00 00 00 00 00 00 00 00 00 00 00 
---------------------------------------------------------------------------
Process: p1064 | Page: 0 | Size: 32 bytes
  Offset 0x0000: 00 00 00 00 00 00 00 00 00 00 00 00 00 00 00 00 
  Offset 0x0010: 00 00 00 00 00 00 00 00 00 00 00 00 00 00 00 00 
---------------------------------------------------------------------------
Process: p1064 | Page: 1 | Size: 32 bytes
  Offset 0x0000: 00 00 00 00 00 00 00 00 00 00 00 00 00 00 00 00 
  Offset 0x0010: 00 00 00 00 00 00 00 00 00 00 00 00 00 00 00 00 
---------------------------------------------------------------------------
Process: p1065 | Page: 0 | Size: 32 bytes
  Offset 0x0000: 00 00 00 00 00 00 00 00 00 00 00 00 00 00 00 00 
  Offset 0x0010: 00 00 00 00 00 00 00 00 00 00 00 00 00 00 00 00 
---------------------------------------------------------------------------
Process: p1065 | Page: 1 | Size: 32 bytes
  Offset 0x0000: 00 00 00 00 00 00 00 00 00 00 00 00 00 00 00 00 
  Offset 0x0010: 00 00 00 00 00 00 00 00 00 00 00 00 00 00 00 00 
---------------------------------------------------------------------------
Process: p1066 | Page: 0 | Size: 32 bytes
  Offset 0x0000: 00 00 00 00 00 00 00 00 00 00 00 00 00 00 00 00 
  Offset 0x0010: 00 00 00 00 00 00 00 00 00 00 00 00 00 00 00 00 
---------------------------------------------------------------------------
Process: p1066 | Page: 1 | Size: 32 bytes
  Offset 0x0000: 00 00 00 00 00 00 00 00 00 00 00 00 00 00 00 00 
  Offset 0x0010: 00 00 00 00 00 00 00 00 00 00 00 00 00 00 00 00 
---------------------------------------------------------------------------
Process: p1067 | Page: 0 | Size: 32 bytes
  Offset 0x0000: 00 00 00 00 00 00 00 00 00 00 00 00 00 00 00 00 
  Offset 0x0010: 00 00 00 00 00 00 00 00 00 00 00 00 00 00 00 00 
---------------------------------------------------------------------------
Process: p1067 | Page: 1 | Size: 32 bytes
  Offset 0x0000: 00 00 00 00 00 00 00 00 00 00 00 00 00 00 00 00 
  Offset 0x0010: 00 00 00 00 00 00 00 00 00 00 00 00 00 00 00 00 
---------------------------------------------------------------------------
Process: p1068 | Page: 0 | Size: 32 bytes
  Offset 0x0000: 00 00 00 00 00 00 00 00 00 00 00 00 00 00 00 00 
  Offset 0x0010: 00 00 00 00 00 00 00 00 00 00 00 00 00 00 00 00 
---------------------------------------------------------------------------
Process: p1068 | Page: 1 | Size: 32 bytes
  Offset 0x0000: 00 00 00 00 00 00 00 00 00 00 00 00 00 00 00 00 
  Offset 0x0010: 00 00 00 00 00 00 00 00 00 00 00 00 00 00 00 00 
---------------------------------------------------------------------------
Process: p1069 | Page: 0 | Size: 32 bytes
  Offset 0x0000: 00 00 00 00 00 00 00 00 00 00 00 00 00 00 00 00 
  Offset 0x0010: 00 00 00 00 00 00 00 00 00 00 00 00 00 00 00 00 
---------------------------------------------------------------------------
Process: p1069 | Page: 1 | Size: 32 bytes
  Offset 0x0000: 00 00 00 00 00 00 00 00 00 00 00 00 00 00 00 00 
  Offset 0x0010: 00 00 00 00 00 00 00 00 00 00 00 00 00 00 00 00 
---------------------------------------------------------------------------
Process: p107 | Page: 0 | Size: 32 bytes
  Offset 0x0000: 00 00 00 00 00 00 00 00 00 00 00 00 00 00 00 00 
  Offset 0x0010: 00 00 00 00 00 00 00 00 00 00 00 00 00 00 00 00 
---------------------------------------------------------------------------
Process: p107 | Page: 1 | Size: 32 bytes
  Offset 0x0000: 00 00 00 00 00 00 00 00 00 00 00 00 00 00 00 00 
  Offset 0x0010: 00 00 00 00 00 00 00 00 00 00 00 00 00 00 00 00 
---------------------------------------------------------------------------
Process: p1070 | Page: 0 | Size: 32 bytes
  Offset 0x0000: 00 00 00 00 00 00 00 00 00 00 00 00 00 00 00 00 
  Offset 0x0010: 00 00 00 00 00 00 00 00 00 00 00 00 00 00 00 00 
---------------------------------------------------------------------------
Process: p1070 | Page: 1 | Size: 32 bytes
  Offset 0x0000: 00 00 00 00 00 00 00 00 00 00 00 00 00 00 00 00 
  Offset 0x0010: 00 00 00 00 00 00 00 00 00 00 00 00 00 00 00 00 
---------------------------------------------------------------------------
Process: p1071 | Page: 0 | Size: 32 bytes
  Offset 0x0000: 00 00 00 00 00 00 00 00 00 00 00 00 00 00 00 00 
  Offset 0x0010: 00 00 00 00 00 00 00 00 00 00 00 00 00 00 00 00 
---------------------------------------------------------------------------
Process: p1071 | Page: 1 | Size: 32 bytes
  Offset 0x0000: 00 00 00 00 00 00 00 00 00 00 00 00 00 00 00 00 
  Offset 0x0010: 00 00 00 00 00 00 00 00 00 00 00 00 00 00 00 00 
---------------------------------------------------------------------------
Process: p1072 | Page: 0 | Size: 32 bytes
  Offset 0x0000: 00 00 00 00 00 00 00 00 00 00 00 00 00 00 00 00 
  Offset 0x0010: 00 00 00 00 00 00 00 00 00 00 00 00 00 00 00 00 
---------------------------------------------------------------------------
Process: p1072 | Page: 1 | Size: 32 bytes
  Offset 0x0000: 00 00 00 00 00 00 00 00 00 00 00 00 00 00 00 00 
  Offset 0x0010: 00 00 00 00 00 00 00 00 00 00 00 00 00 00 00 00 
---------------------------------------------------------------------------
Process: p1073 | Page: 0 | Size: 32 bytes
  Offset 0x0000: 00 00 00 00 00 00 00 00 00 00 00 00 00 00 00 00 
  Offset 0x0010: 00 00 00 00 00 00 00 00 00 00 00 00 00 00 00 00 
---------------------------------------------------------------------------
Process: p1073 | Page: 1 | Size: 32 bytes
  Offset 0x0000: 00 00 00 00 00 00 00 00 00 00 00 00 00 00 00 00 
  Offset 0x0010: 00 00 00 00 00 00 00 00 00 00 00 00 00 00 00 00 
---------------------------------------------------------------------------
Process: p1074 | Page: 0 | Size: 32 bytes
  Offset 0x0000: 00 00 00 00 00 00 00 00 00 00 00 00 00 00 00 00 
  Offset 0x0010: 00 00 00 00 00 00 00 00 00 00 00 00 00 00 00 00 
---------------------------------------------------------------------------
Process: p1074 | Page: 1 | Size: 32 bytes
  Offset 0x0000: 00 00 00 00 00 00 00 00 00 00 00 00 00 00 00 00 
  Offset 0x0010: 00 00 00 00 00 00 00 00 00 00 00 00 00 00 00 00 
---------------------------------------------------------------------------
Process: p1075 | Page: 0 | Size: 32 bytes
  Offset 0x0000: 00 00 00 00 00 00 00 00 00 00 00 00 00 00 00 00 
  Offset 0x0010: 00 00 00 00 00 00 00 00 00 00 00 00 00 00 00 00 
---------------------------------------------------------------------------
Process: p1075 | Page: 1 | Size: 32 bytes
  Offset 0x0000: 00 00 00 00 00 00 00 00 00 00 00 00 00 00 00 00 
  Offset 0x0010: 00 00 00 00 00 00 00 00 00 00 00 00 00 00 00 00 
---------------------------------------------------------------------------
Process: p1076 | Page: 0 | Size: 32 bytes
  Offset 0x0000: 00 00 00 00 00 00 00 00 00 00 00 00 00 00 00 00 
  Offset 0x0010: 00 00 00 00 00 00 00 00 00 00 00 00 00 00 00 00 
---------------------------------------------------------------------------
Process: p1076 | Page: 1 | Size: 32 bytes
  Offset 0x0000: 00 00 00 00 00 00 00 00 00 00 00 00 00 00 00 00 
  Offset 0x0010: 00 00 00 00 00 00 00 00 00 00 00 00 00 00 00 00 
---------------------------------------------------------------------------
Process: p1077 | Page: 0 | Size: 32 bytes
  Offset 0x0000: 00 00 00 00 00 00 00 00 00 00 00 00 00 00 00 00 
  Offset 0x0010: 00 00 00 00 00 00 00 00 00 00 00 00 00 00 00 00 
---------------------------------------------------------------------------
Process: p1077 | Page: 1 | Size: 32 bytes
  Offset 0x0000: 00 00 00 00 00 00 00 00 00 00 00 00 00 00 00 00 
  Offset 0x0010: 00 00 00 00 00 00 00 00 00 00 00 00 00 00 00 00 
---------------------------------------------------------------------------
Process: p1078 | Page: 0 | Size: 32 bytes
  Offset 0x0000: 00 00 00 00 00 00 00 00 00 00 00 00 00 00 00 00 
  Offset 0x0010: 00 00 00 00 00 00 00 00 00 00 00 00 00 00 00 00 
---------------------------------------------------------------------------
Process: p1078 | Page: 1 | Size: 32 bytes
  Offset 0x0000: 00 00 00 00 00 00 00 00 00 00 00 00 00 00 00 00 
  Offset 0x0010: 00 00 00 00 00 00 00 00 00 00 00 00 00 00 00 00 
---------------------------------------------------------------------------
Process: p1079 | Page: 0 | Size: 32 bytes
  Offset 0x0000: 00 00 00 00 00 00 00 00 00 00 00 00 00 00 00 00 
  Offset 0x0010: 00 00 00 00 00 00 00 00 00 00 00 00 00 00 00 00 
---------------------------------------------------------------------------
Process: p1079 | Page: 1 | Size: 32 bytes
  Offset 0x0000: 00 00 00 00 00 00 00 00 00 00 00 00 00 00 00 00 
  Offset 0x0010: 00 00 00 00 00 00 00 00 00 00 00 00 00 00 00 00 
---------------------------------------------------------------------------
Process: p108 | Page: 0 | Size: 32 bytes
  Offset 0x0000: 00 00 00 00 00 00 00 00 00 00 00 00 00 00 00 00 
  Offset 0x0010: 00 00 00 00 00 00 00 00 00 00 00 00 00 00 00 00 
---------------------------------------------------------------------------
Process: p108 | Page: 1 | Size: 32 bytes
  Offset 0x0000: 00 00 00 00 00 00 00 00 00 00 00 00 00 00 00 00 
  Offset 0x0010: 00 00 00 00 00 00 00 00 00 00 00 00 00 00 00 00 
---------------------------------------------------------------------------
Process: p1080 | Page: 0 | Size: 32 bytes
  Offset 0x0000: 00 00 00 00 00 00 00 00 00 00 00 00 00 00 00 00 
  Offset 0x0010: 00 00 00 00 00 00 00 00 00 00 00 00 00 00 00 00 
---------------------------------------------------------------------------
Process: p1080 | Page: 1 | Size: 32 bytes
  Offset 0x0000: 00 00 00 00 00 00 00 00 00 00 00 00 00 00 00 00 
  Offset 0x0010: 00 00 00 00 00 00 00 00 00 00 00 00 00 00 00 00 
---------------------------------------------------------------------------
Process: p1081 | Page: 0 | Size: 32 bytes
  Offset 0x0000: 00 00 00 00 00 00 00 00 00 00 00 00 00 00 00 00 
  Offset 0x0010: 00 00 00 00 00 00 00 00 00 00 00 00 00 00 00 00 
---------------------------------------------------------------------------
Process: p1081 | Page: 1 | Size: 32 bytes
  Offset 0x0000: 00 00 00 00 00 00 00 00 00 00 00 00 00 00 00 00 
  Offset 0x0010: 00 00 00 00 00 00 00 00 00 00 00 00 00 00 00 00 
---------------------------------------------------------------------------
Process: p1082 | Page: 0 | Size: 32 bytes
  Offset 0x0000: 00 00 00 00 00 00 00 00 00 00 00 00 00 00 00 00 
  Offset 0x0010: 00 00 00 00 00 00 00 00 00 00 00 00 00 00 00 00 
---------------------------------------------------------------------------
Process: p1082 | Page: 1 | Size: 32 bytes
  Offset 0x0000: 00 00 00 00 00 00 00 00 00 00 00 00 00 00 00 00 
  Offset 0x0010: 00 00 00 00 00 00 00 00 00 00 00 00 00 00 00 00 
---------------------------------------------------------------------------
Process: p1083 | Page: 0 | Size: 32 bytes
  Offset 0x0000: 00 00 00 00 00 00 00 00 00 00 00 00 00 00 00 00 
  Offset 0x0010: 00 00 00 00 00 00 00 00 00 00 00 00 00 00 00 00 
---------------------------------------------------------------------------
Process: p1083 | Page: 1 | Size: 32 bytes
  Offset 0x0000: 00 00 00 00 00 00 00 00 00 00 00 00 00 00 00 00 
  Offset 0x0010: 00 00 00 00 00 00 00 00 00 00 00 00 00 00 00 00 
---------------------------------------------------------------------------
Process: p1084 | Page: 0 | Size: 32 bytes
  Offset 0x0000: 00 00 00 00 00 00 00 00 00 00 00 00 00 00 00 00 
  Offset 0x0010: 00 00 00 00 00 00 00 00 00 00 00 00 00 00 00 00 
---------------------------------------------------------------------------
Process: p1084 | Page: 1 | Size: 32 bytes
  Offset 0x0000: 00 00 00 00 00 00 00 00 00 00 00 00 00 00 00 00 
  Offset 0x0010: 00 00 00 00 00 00 00 00 00 00 00 00 00 00 00 00 
---------------------------------------------------------------------------
Process: p1085 | Page: 0 | Size: 32 bytes
  Offset 0x0000: 00 00 00 00 00 00 00 00 00 00 00 00 00 00 00 00 
  Offset 0x0010: 00 00 00 00 00 00 00 00 00 00 00 00 00 00 00 00 
---------------------------------------------------------------------------
Process: p1085 | Page: 1 | Size: 32 bytes
  Offset 0x0000: 00 00 00 00 00 00 00 00 00 00 00 00 00 00 00 00 
  Offset 0x0010: 00 00 00 00 00 00 00 00 00 00 00 00 00 00 00 00 
---------------------------------------------------------------------------
Process: p1086 | Page: 0 | Size: 32 bytes
  Offset 0x0000: 00 00 00 00 00 00 00 00 00 00 00 00 00 00 00 00 
  Offset 0x0010: 00 00 00 00 00 00 00 00 00 00 00 00 00 00 00 00 
---------------------------------------------------------------------------
Process: p1086 | Page: 1 | Size: 32 bytes
  Offset 0x0000: 00 00 00 00 00 00 00 00 00 00 00 00 00 00 00 00 
  Offset 0x0010: 00 00 00 00 00 00 00 00 00 00 00 00 00 00 00 00 
---------------------------------------------------------------------------
Process: p1087 | Page: 0 | Size: 32 bytes
  Offset 0x0000: 00 00 00 00 00 00 00 00 00 00 00 00 00 00 00 00 
  Offset 0x0010: 00 00 00 00 00 00 00 00 00 00 00 00 00 00 00 00 
---------------------------------------------------------------------------
Process: p1087 | Page: 1 | Size: 32 bytes
  Offset 0x0000: 00 00 00 00 00 00 00 00 00 00 00 00 00 00 00 00 
  Offset 0x0010: 00 00 00 00 00 00 00 00 00 00 00 00 00 00 00 00 
---------------------------------------------------------------------------
Process: p1088 | Page: 0 | Size: 32 bytes
  Offset 0x0000: 00 00 00 00 00 00 00 00 00 00 00 00 00 00 00 00 
  Offset 0x0010: 00 00 00 00 00 00 00 00 00 00 00 00 00 00 00 00 
---------------------------------------------------------------------------
Process: p1088 | Page: 1 | Size: 32 bytes
  Offset 0x0000: 00 00 00 00 00 00 00 00 00 00 00 00 00 00 00 00 
  Offset 0x0010: 00 00 00 00 00 00 00 00 00 00 00 00 00 00 00 00 
---------------------------------------------------------------------------
Process: p1089 | Page: 0 | Size: 32 bytes
  Offset 0x0000: 00 00 00 00 00 00 00 00 00 00 00 00 00 00 00 00 
  Offset 0x0010: 00 00 00 00 00 00 00 00 00 00 00 00 00 00 00 00 
---------------------------------------------------------------------------
Process: p1089 | Page: 1 | Size: 32 bytes
  Offset 0x0000: 00 00 00 00 00 00 00 00 00 00 00 00 00 00 00 00 
  Offset 0x0010: 00 00 00 00 00 00 00 00 00 00 00 00 00 00 00 00 
---------------------------------------------------------------------------
Process: p109 | Page: 0 | Size: 32 bytes
  Offset 0x0000: 00 00 00 00 00 00 00 00 00 00 00 00 00 00 00 00 
  Offset 0x0010: 00 00 00 00 00 00 00 00 00 00 00 00 00 00 00 00 
---------------------------------------------------------------------------
Process: p109 | Page: 1 | Size: 32 bytes
  Offset 0x0000: 00 00 00 00 00 00 00 00 00 00 00 00 00 00 00 00 
  Offset 0x0010: 00 00 00 00 00 00 00 00 00 00 00 00 00 00 00 00 
---------------------------------------------------------------------------
Process: p1090 | Page: 0 | Size: 32 bytes
  Offset 0x0000: 00 00 00 00 00 00 00 00 00 00 00 00 00 00 00 00 
  Offset 0x0010: 00 00 00 00 00 00 00 00 00 00 00 00 00 00 00 00 
---------------------------------------------------------------------------
Process: p1090 | Page: 1 | Size: 32 bytes
  Offset 0x0000: 00 00 00 00 00 00 00 00 00 00 00 00 00 00 00 00 
  Offset 0x0010: 00 00 00 00 00 00 00 00 00 00 00 00 00 00 00 00 
---------------------------------------------------------------------------
Process: p1091 | Page: 0 | Size: 32 bytes
  Offset 0x0000: 00 00 00 00 00 00 00 00 00 00 00 00 00 00 00 00 
  Offset 0x0010: 00 00 00 00 00 00 00 00 00 00 00 00 00 00 00 00 
---------------------------------------------------------------------------
Process: p1091 | Page: 1 | Size: 32 bytes
  Offset 0x0000: 00 00 00 00 00 00 00 00 00 00 00 00 00 00 00 00 
  Offset 0x0010: 00 00 00 00 00 00 00 00 00 00 00 00 00 00 00 00 
---------------------------------------------------------------------------
Process: p1092 | Page: 0 | Size: 32 bytes
  Offset 0x0000: 00 00 00 00 00 00 00 00 00 00 00 00 00 00 00 00 
  Offset 0x0010: 00 00 00 00 00 00 00 00 00 00 00 00 00 00 00 00 
---------------------------------------------------------------------------
Process: p1092 | Page: 1 | Size: 32 bytes
  Offset 0x0000: 00 00 00 00 00 00 00 00 00 00 00 00 00 00 00 00 
  Offset 0x0010: 00 00 00 00 00 00 00 00 00 00 00 00 00 00 00 00 
---------------------------------------------------------------------------
Process: p1093 | Page: 0 | Size: 32 bytes
  Offset 0x0000: 00 00 00 00 00 00 00 00 00 00 00 00 00 00 00 00 
  Offset 0x0010: 00 00 00 00 00 00 00 00 00 00 00 00 00 00 00 00 
---------------------------------------------------------------------------
Process: p1093 | Page: 1 | Size: 32 bytes
  Offset 0x0000: 00 00 00 00 00 00 00 00 00 00 00 00 00 00 00 00 
  Offset 0x0010: 00 00 00 00 00 00 00 00 00 00 00 00 00 00 00 00 
---------------------------------------------------------------------------
Process: p1094 | Page: 0 | Size: 32 bytes
  Offset 0x0000: 00 00 00 00 00 00 00 00 00 00 00 00 00 00 00 00 
  Offset 0x0010: 00 00 00 00 00 00 00 00 00 00 00 00 00 00 00 00 
---------------------------------------------------------------------------
Process: p1094 | Page: 1 | Size: 32 bytes
  Offset 0x0000: 00 00 00 00 00 00 00 00 00 00 00 00 00 00 00 00 
  Offset 0x0010: 00 00 00 00 00 00 00 00 00 00 00 00 00 00 00 00 
---------------------------------------------------------------------------
Process: p1095 | Page: 0 | Size: 32 bytes
  Offset 0x0000: 00 00 00 00 00 00 00 00 00 00 00 00 00 00 00 00 
  Offset 0x0010: 00 00 00 00 00 00 00 00 00 00 00 00 00 00 00 00 
---------------------------------------------------------------------------
Process: p1095 | Page: 1 | Size: 32 bytes
  Offset 0x0000: 00 00 00 00 00 00 00 00 00 00 00 00 00 00 00 00 
  Offset 0x0010: 00 00 00 00 00 00 00 00 00 00 00 00 00 00 00 00 
---------------------------------------------------------------------------
Process: p1096 | Page: 0 | Size: 32 bytes
  Offset 0x0000: 00 00 00 00 00 00 00 00 00 00 00 00 00 00 00 00 
  Offset 0x0010: 00 00 00 00 00 00 00 00 00 00 00 00 00 00 00 00 
---------------------------------------------------------------------------
Process: p1096 | Page: 1 | Size: 32 bytes
  Offset 0x0000: 00 00 00 00 00 00 00 00 00 00 00 00 00 00 00 00 
  Offset 0x0010: 00 00 00 00 00 00 00 00 00 00 00 00 00 00 00 00 
---------------------------------------------------------------------------
Process: p1097 | Page: 0 | Size: 32 bytes
  Offset 0x0000: 00 00 00 00 00 00 00 00 00 00 00 00 00 00 00 00 
  Offset 0x0010: 00 00 00 00 00 00 00 00 00 00 00 00 00 00 00 00 
---------------------------------------------------------------------------
Process: p1097 | Page: 1 | Size: 32 bytes
  Offset 0x0000: 00 00 00 00 00 00 00 00 00 00 00 00 00 00 00 00 
  Offset 0x0010: 00 00 00 00 00 00 00 00 00 00 00 00 00 00 00 00 
---------------------------------------------------------------------------
Process: p1098 | Page: 0 | Size: 32 bytes
  Offset 0x0000: 00 00 00 00 00 00 00 00 00 00 00 00 00 00 00 00 
  Offset 0x0010: 00 00 00 00 00 00 00 00 00 00 00 00 00 00 00 00 
---------------------------------------------------------------------------
Process: p1098 | Page: 1 | Size: 32 bytes
  Offset 0x0000: 00 00 00 00 00 00 00 00 00 00 00 00 00 00 00 00 
  Offset 0x0010: 00 00 00 00 00 00 00 00 00 00 00 00 00 00 00 00 
---------------------------------------------------------------------------
Process: p1099 | Page: 0 | Size: 32 bytes
  Offset 0x0000: 00 00 00 00 00 00 00 00 00 00 00 00 00 00 00 00 
  Offset 0x0010: 00 00 00 00 00 00 00 00 00 00 00 00 00 00 00 00 
---------------------------------------------------------------------------
Process: p1099 | Page: 1 | Size: 32 bytes
  Offset 0x0000: 00 00 00 00 00 00 00 00 00 00 00 00 00 00 00 00 
  Offset 0x0010: 00 00 00 00 00 00 00 00 00 00 00 00 00 00 00 00 
---------------------------------------------------------------------------
Process: p11 | Page: 0 | Size: 32 bytes
  Offset 0x0000: 00 00 00 00 00 00 00 00 00 00 00 00 00 00 00 00 
  Offset 0x0010: 00 00 00 00 00 00 00 00 00 00 00 00 00 00 00 00 
---------------------------------------------------------------------------
Process: p11 | Page: 1 | Size: 32 bytes
  Offset 0x0000: 00 00 00 00 00 00 00 00 00 00 00 00 00 00 00 00 
  Offset 0x0010: 00 00 00 00 00 00 00 00 00 00 00 00 00 00 00 00 
---------------------------------------------------------------------------
Process: p110 | Page: 0 | Size: 32 bytes
  Offset 0x0000: 00 00 00 00 00 00 00 00 00 00 00 00 00 00 00 00 
  Offset 0x0010: 00 00 00 00 00 00 00 00 00 00 00 00 00 00 00 00 
---------------------------------------------------------------------------
Process: p110 | Page: 1 | Size: 32 bytes
  Offset 0x0000: 00 00 00 00 00 00 00 00 00 00 00 00 00 00 00 00 
  Offset 0x0010: 00 00 00 00 00 00 00 00 00 00 00 00 00 00 00 00 
---------------------------------------------------------------------------
Process: p1100 | Page: 0 | Size: 32 bytes
  Offset 0x0000: 00 00 00 00 00 00 00 00 00 00 00 00 00 00 00 00 
  Offset 0x0010: 00 00 00 00 00 00 00 00 00 00 00 00 00 00 00 00 
---------------------------------------------------------------------------
Process: p1100 | Page: 1 | Size: 32 bytes
  Offset 0x0000: 00 00 00 00 00 00 00 00 00 00 00 00 00 00 00 00 
  Offset 0x0010: 00 00 00 00 00 00 00 00 00 00 00 00 00 00 00 00 
---------------------------------------------------------------------------
Process: p1101 | Page: 0 | Size: 32 bytes
  Offset 0x0000: 00 00 00 00 00 00 00 00 00 00 00 00 00 00 00 00 
  Offset 0x0010: 00 00 00 00 00 00 00 00 00 00 00 00 00 00 00 00 
---------------------------------------------------------------------------
Process: p1101 | Page: 1 | Size: 32 bytes
  Offset 0x0000: 00 00 00 00 00 00 00 00 00 00 00 00 00 00 00 00 
  Offset 0x0010: 00 00 00 00 00 00 00 00 00 00 00 00 00 00 00 00 
---------------------------------------------------------------------------
Process: p1102 | Page: 0 | Size: 32 bytes
  Offset 0x0000: 00 00 00 00 00 00 00 00 00 00 00 00 00 00 00 00 
  Offset 0x0010: 00 00 00 00 00 00 00 00 00 00 00 00 00 00 00 00 
---------------------------------------------------------------------------
Process: p1102 | Page: 1 | Size: 32 bytes
  Offset 0x0000: 00 00 00 00 00 00 00 00 00 00 00 00 00 00 00 00 
  Offset 0x0010: 00 00 00 00 00 00 00 00 00 00 00 00 00 00 00 00 
---------------------------------------------------------------------------
Process: p1103 | Page: 0 | Size: 32 bytes
  Offset 0x0000: 00 00 00 00 00 00 00 00 00 00 00 00 00 00 00 00 
  Offset 0x0010: 00 00 00 00 00 00 00 00 00 00 00 00 00 00 00 00 
---------------------------------------------------------------------------
Process: p1103 | Page: 1 | Size: 32 bytes
  Offset 0x0000: 00 00 00 00 00 00 00 00 00 00 00 00 00 00 00 00 
  Offset 0x0010: 00 00 00 00 00 00 00 00 00 00 00 00 00 00 00 00 
---------------------------------------------------------------------------
Process: p1104 | Page: 0 | Size: 32 bytes
  Offset 0x0000: 00 00 00 00 00 00 00 00 00 00 00 00 00 00 00 00 
  Offset 0x0010: 00 00 00 00 00 00 00 00 00 00 00 00 00 00 00 00 
---------------------------------------------------------------------------
Process: p1104 | Page: 1 | Size: 32 bytes
  Offset 0x0000: 00 00 00 00 00 00 00 00 00 00 00 00 00 00 00 00 
  Offset 0x0010: 00 00 00 00 00 00 00 00 00 00 00 00 00 00 00 00 
---------------------------------------------------------------------------
Process: p1105 | Page: 0 | Size: 32 bytes
  Offset 0x0000: 00 00 00 00 00 00 00 00 00 00 00 00 00 00 00 00 
  Offset 0x0010: 00 00 00 00 00 00 00 00 00 00 00 00 00 00 00 00 
---------------------------------------------------------------------------
Process: p1105 | Page: 1 | Size: 32 bytes
  Offset 0x0000: 00 00 00 00 00 00 00 00 00 00 00 00 00 00 00 00 
  Offset 0x0010: 00 00 00 00 00 00 00 00 00 00 00 00 00 00 00 00 
---------------------------------------------------------------------------
Process: p1106 | Page: 0 | Size: 32 bytes
  Offset 0x0000: 00 00 00 00 00 00 00 00 00 00 00 00 00 00 00 00 
  Offset 0x0010: 00 00 00 00 00 00 00 00 00 00 00 00 00 00 00 00 
---------------------------------------------------------------------------
Process: p1106 | Page: 1 | Size: 32 bytes
  Offset 0x0000: 00 00 00 00 00 00 00 00 00 00 00 00 00 00 00 00 
  Offset 0x0010: 00 00 00 00 00 00 00 00 00 00 00 00 00 00 00 00 
---------------------------------------------------------------------------
Process: p1107 | Page: 0 | Size: 32 bytes
  Offset 0x0000: 00 00 00 00 00 00 00 00 00 00 00 00 00 00 00 00 
  Offset 0x0010: 00 00 00 00 00 00 00 00 00 00 00 00 00 00 00 00 
---------------------------------------------------------------------------
Process: p1107 | Page: 1 | Size: 32 bytes
  Offset 0x0000: 00 00 00 00 00 00 00 00 00 00 00 00 00 00 00 00 
  Offset 0x0010: 00 00 00 00 00 00 00 00 00 00 00 00 00 00 00 00 
---------------------------------------------------------------------------
Process: p1108 | Page: 0 | Size: 32 bytes
  Offset 0x0000: 00 00 00 00 00 00 00 00 00 00 00 00 00 00 00 00 
  Offset 0x0010: 00 00 00 00 00 00 00 00 00 00 00 00 00 00 00 00 
---------------------------------------------------------------------------
Process: p1108 | Page: 1 | Size: 32 bytes
  Offset 0x0000: 00 00 00 00 00 00 00 00 00 00 00 00 00 00 00 00 
  Offset 0x0010: 00 00 00 00 00 00 00 00 00 00 00 00 00 00 00 00 
---------------------------------------------------------------------------
Process: p1109 | Page: 0 | Size: 32 bytes
  Offset 0x0000: 00 00 00 00 00 00 00 00 00 00 00 00 00 00 00 00 
  Offset 0x0010: 00 00 00 00 00 00 00 00 00 00 00 00 00 00 00 00 
---------------------------------------------------------------------------
Process: p1109 | Page: 1 | Size: 32 bytes
  Offset 0x0000: 00 00 00 00 00 00 00 00 00 00 00 00 00 00 00 00 
  Offset 0x0010: 00 00 00 00 00 00 00 00 00 00 00 00 00 00 00 00 
---------------------------------------------------------------------------
Process: p111 | Page: 0 | Size: 32 bytes
  Offset 0x0000: 00 00 00 00 00 00 00 00 00 00 00 00 00 00 00 00 
  Offset 0x0010: 00 00 00 00 00 00 00 00 00 00 00 00 00 00 00 00 
---------------------------------------------------------------------------
Process: p111 | Page: 1 | Size: 32 bytes
  Offset 0x0000: 00 00 00 00 00 00 00 00 00 00 00 00 00 00 00 00 
  Offset 0x0010: 00 00 00 00 00 00 00 00 00 00 00 00 00 00 00 00 
---------------------------------------------------------------------------
Process: p1110 | Page: 0 | Size: 32 bytes
  Offset 0x0000: 00 00 00 00 00 00 00 00 00 00 00 00 00 00 00 00 
  Offset 0x0010: 00 00 00 00 00 00 00 00 00 00 00 00 00 00 00 00 
---------------------------------------------------------------------------
Process: p1110 | Page: 1 | Size: 32 bytes
  Offset 0x0000: 00 00 00 00 00 00 00 00 00 00 00 00 00 00 00 00 
  Offset 0x0010: 00 00 00 00 00 00 00 00 00 00 00 00 00 00 00 00 
---------------------------------------------------------------------------
Process: p1111 | Page: 0 | Size: 32 bytes
  Offset 0x0000: 00 00 00 00 00 00 00 00 00 00 00 00 00 00 00 00 
  Offset 0x0010: 00 00 00 00 00 00 00 00 00 00 00 00 00 00 00 00 
---------------------------------------------------------------------------
Process: p1111 | Page: 1 | Size: 32 bytes
  Offset 0x0000: 00 00 00 00 00 00 00 00 00 00 00 00 00 00 00 00 
  Offset 0x0010: 00 00 00 00 00 00 00 00 00 00 00 00 00 00 00 00 
---------------------------------------------------------------------------
Process: p1112 | Page: 0 | Size: 32 bytes
  Offset 0x0000: 00 00 00 00 00 00 00 00 00 00 00 00 00 00 00 00 
  Offset 0x0010: 00 00 00 00 00 00 00 00 00 00 00 00 00 00 00 00 
---------------------------------------------------------------------------
Process: p1112 | Page: 1 | Size: 32 bytes
  Offset 0x0000: 00 00 00 00 00 00 00 00 00 00 00 00 00 00 00 00 
  Offset 0x0010: 00 00 00 00 00 00 00 00 00 00 00 00 00 00 00 00 
---------------------------------------------------------------------------
Process: p1113 | Page: 0 | Size: 32 bytes
  Offset 0x0000: 00 00 00 00 00 00 00 00 00 00 00 00 00 00 00 00 
  Offset 0x0010: 00 00 00 00 00 00 00 00 00 00 00 00 00 00 00 00 
---------------------------------------------------------------------------
Process: p1113 | Page: 1 | Size: 32 bytes
  Offset 0x0000: 00 00 00 00 00 00 00 00 00 00 00 00 00 00 00 00 
  Offset 0x0010: 00 00 00 00 00 00 00 00 00 00 00 00 00 00 00 00 
---------------------------------------------------------------------------
Process: p1114 | Page: 0 | Size: 32 bytes
  Offset 0x0000: 00 00 00 00 00 00 00 00 00 00 00 00 00 00 00 00 
  Offset 0x0010: 00 00 00 00 00 00 00 00 00 00 00 00 00 00 00 00 
---------------------------------------------------------------------------
Process: p1114 | Page: 1 | Size: 32 bytes
  Offset 0x0000: 00 00 00 00 00 00 00 00 00 00 00 00 00 00 00 00 
  Offset 0x0010: 00 00 00 00 00 00 00 00 00 00 00 00 00 00 00 00 
---------------------------------------------------------------------------
Process: p1115 | Page: 0 | Size: 32 bytes
  Offset 0x0000: 00 00 00 00 00 00 00 00 00 00 00 00 00 00 00 00 
  Offset 0x0010: 00 00 00 00 00 00 00 00 00 00 00 00 00 00 00 00 
---------------------------------------------------------------------------
Process: p1115 | Page: 1 | Size: 32 bytes
  Offset 0x0000: 00 00 00 00 00 00 00 00 00 00 00 00 00 00 00 00 
  Offset 0x0010: 00 00 00 00 00 00 00 00 00 00 00 00 00 00 00 00 
---------------------------------------------------------------------------
Process: p1116 | Page: 0 | Size: 32 bytes
  Offset 0x0000: 00 00 00 00 00 00 00 00 00 00 00 00 00 00 00 00 
  Offset 0x0010: 00 00 00 00 00 00 00 00 00 00 00 00 00 00 00 00 
---------------------------------------------------------------------------
Process: p1116 | Page: 1 | Size: 32 bytes
  Offset 0x0000: 00 00 00 00 00 00 00 00 00 00 00 00 00 00 00 00 
  Offset 0x0010: 00 00 00 00 00 00 00 00 00 00 00 00 00 00 00 00 
---------------------------------------------------------------------------
Process: p1117 | Page: 0 | Size: 32 bytes
  Offset 0x0000: 00 00 00 00 00 00 00 00 00 00 00 00 00 00 00 00 
  Offset 0x0010: 00 00 00 00 00 00 00 00 00 00 00 00 00 00 00 00 
---------------------------------------------------------------------------
Process: p1117 | Page: 1 | Size: 32 bytes
  Offset 0x0000: 00 00 00 00 00 00 00 00 00 00 00 00 00 00 00 00 
  Offset 0x0010: 00 00 00 00 00 00 00 00 00 00 00 00 00 00 00 00 
---------------------------------------------------------------------------
Process: p1118 | Page: 0 | Size: 32 bytes
  Offset 0x0000: 00 00 00 00 00 00 00 00 00 00 00 00 00 00 00 00 
  Offset 0x0010: 00 00 00 00 00 00 00 00 00 00 00 00 00 00 00 00 
---------------------------------------------------------------------------
Process: p1118 | Page: 1 | Size: 32 bytes
  Offset 0x0000: 00 00 00 00 00 00 00 00 00 00 00 00 00 00 00 00 
  Offset 0x0010: 00 00 00 00 00 00 00 00 00 00 00 00 00 00 00 00 
---------------------------------------------------------------------------
Process: p1119 | Page: 0 | Size: 32 bytes
  Offset 0x0000: 00 00 00 00 00 00 00 00 00 00 00 00 00 00 00 00 
  Offset 0x0010: 00 00 00 00 00 00 00 00 00 00 00 00 00 00 00 00 
---------------------------------------------------------------------------
Process: p1119 | Page: 1 | Size: 32 bytes
  Offset 0x0000: 00 00 00 00 00 00 00 00 00 00 00 00 00 00 00 00 
  Offset 0x0010: 00 00 00 00 00 00 00 00 00 00 00 00 00 00 00 00 
---------------------------------------------------------------------------
Process: p112 | Page: 0 | Size: 32 bytes
  Offset 0x0000: 00 00 00 00 00 00 00 00 00 00 00 00 00 00 00 00 
  Offset 0x0010: 00 00 00 00 00 00 00 00 00 00 00 00 00 00 00 00 
---------------------------------------------------------------------------
Process: p112 | Page: 1 | Size: 32 bytes
  Offset 0x0000: 00 00 00 00 00 00 00 00 00 00 00 00 00 00 00 00 
  Offset 0x0010: 00 00 00 00 00 00 00 00 00 00 00 00 00 00 00 00 
---------------------------------------------------------------------------
Process: p1120 | Page: 0 | Size: 32 bytes
  Offset 0x0000: 00 00 00 00 00 00 00 00 00 00 00 00 00 00 00 00 
  Offset 0x0010: 00 00 00 00 00 00 00 00 00 00 00 00 00 00 00 00 
---------------------------------------------------------------------------
Process: p1120 | Page: 1 | Size: 32 bytes
  Offset 0x0000: 00 00 00 00 00 00 00 00 00 00 00 00 00 00 00 00 
  Offset 0x0010: 00 00 00 00 00 00 00 00 00 00 00 00 00 00 00 00 
---------------------------------------------------------------------------
Process: p1121 | Page: 0 | Size: 32 bytes
  Offset 0x0000: 00 00 00 00 00 00 00 00 00 00 00 00 00 00 00 00 
  Offset 0x0010: 00 00 00 00 00 00 00 00 00 00 00 00 00 00 00 00 
---------------------------------------------------------------------------
Process: p1121 | Page: 1 | Size: 32 bytes
  Offset 0x0000: 00 00 00 00 00 00 00 00 00 00 00 00 00 00 00 00 
  Offset 0x0010: 00 00 00 00 00 00 00 00 00 00 00 00 00 00 00 00 
---------------------------------------------------------------------------
Process: p1122 | Page: 0 | Size: 32 bytes
  Offset 0x0000: 00 00 00 00 00 00 00 00 00 00 00 00 00 00 00 00 
  Offset 0x0010: 00 00 00 00 00 00 00 00 00 00 00 00 00 00 00 00 
---------------------------------------------------------------------------
Process: p1122 | Page: 1 | Size: 32 bytes
  Offset 0x0000: 00 00 00 00 00 00 00 00 00 00 00 00 00 00 00 00 
  Offset 0x0010: 00 00 00 00 00 00 00 00 00 00 00 00 00 00 00 00 
---------------------------------------------------------------------------
Process: p1123 | Page: 0 | Size: 32 bytes
  Offset 0x0000: 00 00 00 00 00 00 00 00 00 00 00 00 00 00 00 00 
  Offset 0x0010: 00 00 00 00 00 00 00 00 00 00 00 00 00 00 00 00 
---------------------------------------------------------------------------
Process: p1123 | Page: 1 | Size: 32 bytes
  Offset 0x0000: 00 00 00 00 00 00 00 00 00 00 00 00 00 00 00 00 
  Offset 0x0010: 00 00 00 00 00 00 00 00 00 00 00 00 00 00 00 00 
---------------------------------------------------------------------------
Process: p1124 | Page: 0 | Size: 32 bytes
  Offset 0x0000: 00 00 00 00 00 00 00 00 00 00 00 00 00 00 00 00 
  Offset 0x0010: 00 00 00 00 00 00 00 00 00 00 00 00 00 00 00 00 
---------------------------------------------------------------------------
Process: p1124 | Page: 1 | Size: 32 bytes
  Offset 0x0000: 00 00 00 00 00 00 00 00 00 00 00 00 00 00 00 00 
  Offset 0x0010: 00 00 00 00 00 00 00 00 00 00 00 00 00 00 00 00 
---------------------------------------------------------------------------
Process: p1125 | Page: 0 | Size: 32 bytes
  Offset 0x0000: 00 00 00 00 00 00 00 00 00 00 00 00 00 00 00 00 
  Offset 0x0010: 00 00 00 00 00 00 00 00 00 00 00 00 00 00 00 00 
---------------------------------------------------------------------------
Process: p1125 | Page: 1 | Size: 32 bytes
  Offset 0x0000: 00 00 00 00 00 00 00 00 00 00 00 00 00 00 00 00 
  Offset 0x0010: 00 00 00 00 00 00 00 00 00 00 00 00 00 00 00 00 
---------------------------------------------------------------------------
Process: p1126 | Page: 0 | Size: 32 bytes
  Offset 0x0000: 00 00 00 00 00 00 00 00 00 00 00 00 00 00 00 00 
  Offset 0x0010: 00 00 00 00 00 00 00 00 00 00 00 00 00 00 00 00 
---------------------------------------------------------------------------
Process: p1126 | Page: 1 | Size: 32 bytes
  Offset 0x0000: 00 00 00 00 00 00 00 00 00 00 00 00 00 00 00 00 
  Offset 0x0010: 00 00 00 00 00 00 00 00 00 00 00 00 00 00 00 00 
---------------------------------------------------------------------------
Process: p1127 | Page: 0 | Size: 32 bytes
  Offset 0x0000: 00 00 00 00 00 00 00 00 00 00 00 00 00 00 00 00 
  Offset 0x0010: 00 00 00 00 00 00 00 00 00 00 00 00 00 00 00 00 
---------------------------------------------------------------------------
Process: p1127 | Page: 1 | Size: 32 bytes
  Offset 0x0000: 00 00 00 00 00 00 00 00 00 00 00 00 00 00 00 00 
  Offset 0x0010: 00 00 00 00 00 00 00 00 00 00 00 00 00 00 00 00 
---------------------------------------------------------------------------
Process: p1128 | Page: 0 | Size: 32 bytes
  Offset 0x0000: 00 00 00 00 00 00 00 00 00 00 00 00 00 00 00 00 
  Offset 0x0010: 00 00 00 00 00 00 00 00 00 00 00 00 00 00 00 00 
---------------------------------------------------------------------------
Process: p1128 | Page: 1 | Size: 32 bytes
  Offset 0x0000: 00 00 00 00 00 00 00 00 00 00 00 00 00 00 00 00 
  Offset 0x0010: 00 00 00 00 00 00 00 00 00 00 00 00 00 00 00 00 
---------------------------------------------------------------------------
Process: p1129 | Page: 0 | Size: 32 bytes
  Offset 0x0000: 00 00 00 00 00 00 00 00 00 00 00 00 00 00 00 00 
  Offset 0x0010: 00 00 00 00 00 00 00 00 00 00 00 00 00 00 00 00 
---------------------------------------------------------------------------
Process: p1129 | Page: 1 | Size: 32 bytes
  Offset 0x0000: 00 00 00 00 00 00 00 00 00 00 00 00 00 00 00 00 
  Offset 0x0010: 00 00 00 00 00 00 00 00 00 00 00 00 00 00 00 00 
---------------------------------------------------------------------------
Process: p113 | Page: 0 | Size: 32 bytes
  Offset 0x0000: 00 00 00 00 00 00 00 00 00 00 00 00 00 00 00 00 
  Offset 0x0010: 00 00 00 00 00 00 00 00 00 00 00 00 00 00 00 00 
---------------------------------------------------------------------------
Process: p113 | Page: 1 | Size: 32 bytes
  Offset 0x0000: 00 00 00 00 00 00 00 00 00 00 00 00 00 00 00 00 
  Offset 0x0010: 00 00 00 00 00 00 00 00 00 00 00 00 00 00 00 00 
---------------------------------------------------------------------------
Process: p1130 | Page: 0 | Size: 32 bytes
  Offset 0x0000: 00 00 00 00 00 00 00 00 00 00 00 00 00 00 00 00 
  Offset 0x0010: 00 00 00 00 00 00 00 00 00 00 00 00 00 00 00 00 
---------------------------------------------------------------------------
Process: p1130 | Page: 1 | Size: 32 bytes
  Offset 0x0000: 00 00 00 00 00 00 00 00 00 00 00 00 00 00 00 00 
  Offset 0x0010: 00 00 00 00 00 00 00 00 00 00 00 00 00 00 00 00 
---------------------------------------------------------------------------
Process: p1131 | Page: 0 | Size: 32 bytes
  Offset 0x0000: 00 00 00 00 00 00 00 00 00 00 00 00 00 00 00 00 
  Offset 0x0010: 00 00 00 00 00 00 00 00 00 00 00 00 00 00 00 00 
---------------------------------------------------------------------------
Process: p1131 | Page: 1 | Size: 32 bytes
  Offset 0x0000: 00 00 00 00 00 00 00 00 00 00 00 00 00 00 00 00 
  Offset 0x0010: 00 00 00 00 00 00 00 00 00 00 00 00 00 00 00 00 
---------------------------------------------------------------------------
Process: p1132 | Page: 0 | Size: 32 bytes
  Offset 0x0000: 00 00 00 00 00 00 00 00 00 00 00 00 00 00 00 00 
  Offset 0x0010: 00 00 00 00 00 00 00 00 00 00 00 00 00 00 00 00 
---------------------------------------------------------------------------
Process: p1132 | Page: 1 | Size: 32 bytes
  Offset 0x0000: 00 00 00 00 00 00 00 00 00 00 00 00 00 00 00 00 
  Offset 0x0010: 00 00 00 00 00 00 00 00 00 00 00 00 00 00 00 00 
---------------------------------------------------------------------------
Process: p1133 | Page: 0 | Size: 32 bytes
  Offset 0x0000: 00 00 00 00 00 00 00 00 00 00 00 00 00 00 00 00 
  Offset 0x0010: 00 00 00 00 00 00 00 00 00 00 00 00 00 00 00 00 
---------------------------------------------------------------------------
Process: p1133 | Page: 1 | Size: 32 bytes
  Offset 0x0000: 00 00 00 00 00 00 00 00 00 00 00 00 00 00 00 00 
  Offset 0x0010: 00 00 00 00 00 00 00 00 00 00 00 00 00 00 00 00 
---------------------------------------------------------------------------
Process: p1134 | Page: 0 | Size: 32 bytes
  Offset 0x0000: 00 00 00 00 00 00 00 00 00 00 00 00 00 00 00 00 
  Offset 0x0010: 00 00 00 00 00 00 00 00 00 00 00 00 00 00 00 00 
---------------------------------------------------------------------------
Process: p1134 | Page: 1 | Size: 32 bytes
  Offset 0x0000: 00 00 00 00 00 00 00 00 00 00 00 00 00 00 00 00 
  Offset 0x0010: 00 00 00 00 00 00 00 00 00 00 00 00 00 00 00 00 
---------------------------------------------------------------------------
Process: p1135 | Page: 0 | Size: 32 bytes
  Offset 0x0000: 00 00 00 00 00 00 00 00 00 00 00 00 00 00 00 00 
  Offset 0x0010: 00 00 00 00 00 00 00 00 00 00 00 00 00 00 00 00 
---------------------------------------------------------------------------
Process: p1135 | Page: 1 | Size: 32 bytes
  Offset 0x0000: 00 00 00 00 00 00 00 00 00 00 00 00 00 00 00 00 
  Offset 0x0010: 00 00 00 00 00 00 00 00 00 00 00 00 00 00 00 00 
---------------------------------------------------------------------------
Process: p1136 | Page: 0 | Size: 32 bytes
  Offset 0x0000: 00 00 00 00 00 00 00 00 00 00 00 00 00 00 00 00 
  Offset 0x0010: 00 00 00 00 00 00 00 00 00 00 00 00 00 00 00 00 
---------------------------------------------------------------------------
Process: p1136 | Page: 1 | Size: 32 bytes
  Offset 0x0000: 00 00 00 00 00 00 00 00 00 00 00 00 00 00 00 00 
  Offset 0x0010: 00 00 00 00 00 00 00 00 00 00 00 00 00 00 00 00 
---------------------------------------------------------------------------
Process: p1137 | Page: 0 | Size: 32 bytes
  Offset 0x0000: 00 00 00 00 00 00 00 00 00 00 00 00 00 00 00 00 
  Offset 0x0010: 00 00 00 00 00 00 00 00 00 00 00 00 00 00 00 00 
---------------------------------------------------------------------------
Process: p1137 | Page: 1 | Size: 32 bytes
  Offset 0x0000: 00 00 00 00 00 00 00 00 00 00 00 00 00 00 00 00 
  Offset 0x0010: 00 00 00 00 00 00 00 00 00 00 00 00 00 00 00 00 
---------------------------------------------------------------------------
Process: p1138 | Page: 0 | Size: 32 bytes
  Offset 0x0000: 00 00 00 00 00 00 00 00 00 00 00 00 00 00 00 00 
  Offset 0x0010: 00 00 00 00 00 00 00 00 00 00 00 00 00 00 00 00 
---------------------------------------------------------------------------
Process: p1138 | Page: 1 | Size: 32 bytes
  Offset 0x0000: 00 00 00 00 00 00 00 00 00 00 00 00 00 00 00 00 
  Offset 0x0010: 00 00 00 00 00 00 00 00 00 00 00 00 00 00 00 00 
---------------------------------------------------------------------------
Process: p1139 | Page: 0 | Size: 32 bytes
  Offset 0x0000: 00 00 00 00 00 00 00 00 00 00 00 00 00 00 00 00 
  Offset 0x0010: 00 00 00 00 00 00 00 00 00 00 00 00 00 00 00 00 
---------------------------------------------------------------------------
Process: p1139 | Page: 1 | Size: 32 bytes
  Offset 0x0000: 00 00 00 00 00 00 00 00 00 00 00 00 00 00 00 00 
  Offset 0x0010: 00 00 00 00 00 00 00 00 00 00 00 00 00 00 00 00 
---------------------------------------------------------------------------
Process: p114 | Page: 0 | Size: 32 bytes
  Offset 0x0000: 00 00 00 00 00 00 00 00 00 00 00 00 00 00 00 00 
  Offset 0x0010: 00 00 00 00 00 00 00 00 00 00 00 00 00 00 00 00 
---------------------------------------------------------------------------
Process: p114 | Page: 1 | Size: 32 bytes
  Offset 0x0000: 00 00 00 00 00 00 00 00 00 00 00 00 00 00 00 00 
  Offset 0x0010: 00 00 00 00 00 00 00 00 00 00 00 00 00 00 00 00 
---------------------------------------------------------------------------
Process: p1140 | Page: 0 | Size: 32 bytes
  Offset 0x0000: 00 00 00 00 00 00 00 00 00 00 00 00 00 00 00 00 
  Offset 0x0010: 00 00 00 00 00 00 00 00 00 00 00 00 00 00 00 00 
---------------------------------------------------------------------------
Process: p1140 | Page: 1 | Size: 32 bytes
  Offset 0x0000: 00 00 00 00 00 00 00 00 00 00 00 00 00 00 00 00 
  Offset 0x0010: 00 00 00 00 00 00 00 00 00 00 00 00 00 00 00 00 
---------------------------------------------------------------------------
Process: p1141 | Page: 0 | Size: 32 bytes
  Offset 0x0000: 00 00 00 00 00 00 00 00 00 00 00 00 00 00 00 00 
  Offset 0x0010: 00 00 00 00 00 00 00 00 00 00 00 00 00 00 00 00 
---------------------------------------------------------------------------
Process: p1141 | Page: 1 | Size: 32 bytes
  Offset 0x0000: 00 00 00 00 00 00 00 00 00 00 00 00 00 00 00 00 
  Offset 0x0010: 00 00 00 00 00 00 00 00 00 00 00 00 00 00 00 00 
---------------------------------------------------------------------------
Process: p1142 | Page: 0 | Size: 32 bytes
  Offset 0x0000: 00 00 00 00 00 00 00 00 00 00 00 00 00 00 00 00 
  Offset 0x0010: 00 00 00 00 00 00 00 00 00 00 00 00 00 00 00 00 
---------------------------------------------------------------------------
Process: p1142 | Page: 1 | Size: 32 bytes
  Offset 0x0000: 00 00 00 00 00 00 00 00 00 00 00 00 00 00 00 00 
  Offset 0x0010: 00 00 00 00 00 00 00 00 00 00 00 00 00 00 00 00 
---------------------------------------------------------------------------
Process: p1143 | Page: 0 | Size: 32 bytes
  Offset 0x0000: 00 00 00 00 00 00 00 00 00 00 00 00 00 00 00 00 
  Offset 0x0010: 00 00 00 00 00 00 00 00 00 00 00 00 00 00 00 00 
---------------------------------------------------------------------------
Process: p1143 | Page: 1 | Size: 32 bytes
  Offset 0x0000: 00 00 00 00 00 00 00 00 00 00 00 00 00 00 00 00 
  Offset 0x0010: 00 00 00 00 00 00 00 00 00 00 00 00 00 00 00 00 
---------------------------------------------------------------------------
Process: p1144 | Page: 0 | Size: 32 bytes
  Offset 0x0000: 00 00 00 00 00 00 00 00 00 00 00 00 00 00 00 00 
  Offset 0x0010: 00 00 00 00 00 00 00 00 00 00 00 00 00 00 00 00 
---------------------------------------------------------------------------
Process: p1144 | Page: 1 | Size: 32 bytes
  Offset 0x0000: 00 00 00 00 00 00 00 00 00 00 00 00 00 00 00 00 
  Offset 0x0010: 00 00 00 00 00 00 00 00 00 00 00 00 00 00 00 00 
---------------------------------------------------------------------------
Process: p1145 | Page: 0 | Size: 32 bytes
  Offset 0x0000: 00 00 00 00 00 00 00 00 00 00 00 00 00 00 00 00 
  Offset 0x0010: 00 00 00 00 00 00 00 00 00 00 00 00 00 00 00 00 
---------------------------------------------------------------------------
Process: p1145 | Page: 1 | Size: 32 bytes
  Offset 0x0000: 00 00 00 00 00 00 00 00 00 00 00 00 00 00 00 00 
  Offset 0x0010: 00 00 00 00 00 00 00 00 00 00 00 00 00 00 00 00 
---------------------------------------------------------------------------
Process: p1146 | Page: 0 | Size: 32 bytes
  Offset 0x0000: 00 00 00 00 00 00 00 00 00 00 00 00 00 00 00 00 
  Offset 0x0010: 00 00 00 00 00 00 00 00 00 00 00 00 00 00 00 00 
---------------------------------------------------------------------------
Process: p1146 | Page: 1 | Size: 32 bytes
  Offset 0x0000: 00 00 00 00 00 00 00 00 00 00 00 00 00 00 00 00 
  Offset 0x0010: 00 00 00 00 00 00 00 00 00 00 00 00 00 00 00 00 
---------------------------------------------------------------------------
Process: p1147 | Page: 0 | Size: 32 bytes
  Offset 0x0000: 00 00 00 00 00 00 00 00 00 00 00 00 00 00 00 00 
  Offset 0x0010: 00 00 00 00 00 00 00 00 00 00 00 00 00 00 00 00 
---------------------------------------------------------------------------
Process: p1147 | Page: 1 | Size: 32 bytes
  Offset 0x0000: 00 00 00 00 00 00 00 00 00 00 00 00 00 00 00 00 
  Offset 0x0010: 00 00 00 00 00 00 00 00 00 00 00 00 00 00 00 00 
---------------------------------------------------------------------------
Process: p1148 | Page: 0 | Size: 32 bytes
  Offset 0x0000: 00 00 00 00 00 00 00 00 00 00 00 00 00 00 00 00 
  Offset 0x0010: 00 00 00 00 00 00 00 00 00 00 00 00 00 00 00 00 
---------------------------------------------------------------------------
Process: p1148 | Page: 1 | Size: 32 bytes
  Offset 0x0000: 00 00 00 00 00 00 00 00 00 00 00 00 00 00 00 00 
  Offset 0x0010: 00 00 00 00 00 00 00 00 00 00 00 00 00 00 00 00 
---------------------------------------------------------------------------
Process: p1149 | Page: 0 | Size: 32 bytes
  Offset 0x0000: 00 00 00 00 00 00 00 00 00 00 00 00 00 00 00 00 
  Offset 0x0010: 00 00 00 00 00 00 00 00 00 00 00 00 00 00 00 00 
---------------------------------------------------------------------------
Process: p1149 | Page: 1 | Size: 32 bytes
  Offset 0x0000: 00 00 00 00 00 00 00 00 00 00 00 00 00 00 00 00 
  Offset 0x0010: 00 00 00 00 00 00 00 00 00 00 00 00 00 00 00 00 
---------------------------------------------------------------------------
Process: p115 | Page: 0 | Size: 32 bytes
  Offset 0x0000: 00 00 00 00 00 00 00 00 00 00 00 00 00 00 00 00 
  Offset 0x0010: 00 00 00 00 00 00 00 00 00 00 00 00 00 00 00 00 
---------------------------------------------------------------------------
Process: p115 | Page: 1 | Size: 32 bytes
  Offset 0x0000: 00 00 00 00 00 00 00 00 00 00 00 00 00 00 00 00 
  Offset 0x0010: 00 00 00 00 00 00 00 00 00 00 00 00 00 00 00 00 
---------------------------------------------------------------------------
Process: p1150 | Page: 0 | Size: 32 bytes
  Offset 0x0000: 00 00 00 00 00 00 00 00 00 00 00 00 00 00 00 00 
  Offset 0x0010: 00 00 00 00 00 00 00 00 00 00 00 00 00 00 00 00 
---------------------------------------------------------------------------
Process: p1150 | Page: 1 | Size: 32 bytes
  Offset 0x0000: 00 00 00 00 00 00 00 00 00 00 00 00 00 00 00 00 
  Offset 0x0010: 00 00 00 00 00 00 00 00 00 00 00 00 00 00 00 00 
---------------------------------------------------------------------------
Process: p1151 | Page: 0 | Size: 32 bytes
  Offset 0x0000: 00 00 00 00 00 00 00 00 00 00 00 00 00 00 00 00 
  Offset 0x0010: 00 00 00 00 00 00 00 00 00 00 00 00 00 00 00 00 
---------------------------------------------------------------------------
Process: p1151 | Page: 1 | Size: 32 bytes
  Offset 0x0000: 00 00 00 00 00 00 00 00 00 00 00 00 00 00 00 00 
  Offset 0x0010: 00 00 00 00 00 00 00 00 00 00 00 00 00 00 00 00 
---------------------------------------------------------------------------
Process: p1152 | Page: 0 | Size: 32 bytes
  Offset 0x0000: 00 00 00 00 00 00 00 00 00 00 00 00 00 00 00 00 
  Offset 0x0010: 00 00 00 00 00 00 00 00 00 00 00 00 00 00 00 00 
---------------------------------------------------------------------------
Process: p1152 | Page: 1 | Size: 32 bytes
  Offset 0x0000: 00 00 00 00 00 00 00 00 00 00 00 00 00 00 00 00 
  Offset 0x0010: 00 00 00 00 00 00 00 00 00 00 00 00 00 00 00 00 
---------------------------------------------------------------------------
Process: p1153 | Page: 0 | Size: 32 bytes
  Offset 0x0000: 00 00 00 00 00 00 00 00 00 00 00 00 00 00 00 00 
  Offset 0x0010: 00 00 00 00 00 00 00 00 00 00 00 00 00 00 00 00 
---------------------------------------------------------------------------
Process: p1153 | Page: 1 | Size: 32 bytes
  Offset 0x0000: 00 00 00 00 00 00 00 00 00 00 00 00 00 00 00 00 
  Offset 0x0010: 00 00 00 00 00 00 00 00 00 00 00 00 00 00 00 00 
---------------------------------------------------------------------------
Process: p1154 | Page: 0 | Size: 32 bytes
  Offset 0x0000: 00 00 00 00 00 00 00 00 00 00 00 00 00 00 00 00 
  Offset 0x0010: 00 00 00 00 00 00 00 00 00 00 00 00 00 00 00 00 
---------------------------------------------------------------------------
Process: p1154 | Page: 1 | Size: 32 bytes
  Offset 0x0000: 00 00 00 00 00 00 00 00 00 00 00 00 00 00 00 00 
  Offset 0x0010: 00 00 00 00 00 00 00 00 00 00 00 00 00 00 00 00 
---------------------------------------------------------------------------
Process: p1155 | Page: 0 | Size: 32 bytes
  Offset 0x0000: 00 00 00 00 00 00 00 00 00 00 00 00 00 00 00 00 
  Offset 0x0010: 00 00 00 00 00 00 00 00 00 00 00 00 00 00 00 00 
---------------------------------------------------------------------------
Process: p1155 | Page: 1 | Size: 32 bytes
  Offset 0x0000: 00 00 00 00 00 00 00 00 00 00 00 00 00 00 00 00 
  Offset 0x0010: 00 00 00 00 00 00 00 00 00 00 00 00 00 00 00 00 
---------------------------------------------------------------------------
Process: p1156 | Page: 0 | Size: 32 bytes
  Offset 0x0000: 00 00 00 00 00 00 00 00 00 00 00 00 00 00 00 00 
  Offset 0x0010: 00 00 00 00 00 00 00 00 00 00 00 00 00 00 00 00 
---------------------------------------------------------------------------
Process: p1156 | Page: 1 | Size: 32 bytes
  Offset 0x0000: 00 00 00 00 00 00 00 00 00 00 00 00 00 00 00 00 
  Offset 0x0010: 00 00 00 00 00 00 00 00 00 00 00 00 00 00 00 00 
---------------------------------------------------------------------------
Process: p1157 | Page: 0 | Size: 32 bytes
  Offset 0x0000: 00 00 00 00 00 00 00 00 00 00 00 00 00 00 00 00 
  Offset 0x0010: 00 00 00 00 00 00 00 00 00 00 00 00 00 00 00 00 
---------------------------------------------------------------------------
Process: p1157 | Page: 1 | Size: 32 bytes
  Offset 0x0000: 00 00 00 00 00 00 00 00 00 00 00 00 00 00 00 00 
  Offset 0x0010: 00 00 00 00 00 00 00 00 00 00 00 00 00 00 00 00 
---------------------------------------------------------------------------
Process: p1158 | Page: 0 | Size: 32 bytes
  Offset 0x0000: 00 00 00 00 00 00 00 00 00 00 00 00 00 00 00 00 
  Offset 0x0010: 00 00 00 00 00 00 00 00 00 00 00 00 00 00 00 00 
---------------------------------------------------------------------------
Process: p1158 | Page: 1 | Size: 32 bytes
  Offset 0x0000: 00 00 00 00 00 00 00 00 00 00 00 00 00 00 00 00 
  Offset 0x0010: 00 00 00 00 00 00 00 00 00 00 00 00 00 00 00 00 
---------------------------------------------------------------------------
Process: p1159 | Page: 0 | Size: 32 bytes
  Offset 0x0000: 00 00 00 00 00 00 00 00 00 00 00 00 00 00 00 00 
  Offset 0x0010: 00 00 00 00 00 00 00 00 00 00 00 00 00 00 00 00 
---------------------------------------------------------------------------
Process: p1159 | Page: 1 | Size: 32 bytes
  Offset 0x0000: 00 00 00 00 00 00 00 00 00 00 00 00 00 00 00 00 
  Offset 0x0010: 00 00 00 00 00 00 00 00 00 00 00 00 00 00 00 00 
---------------------------------------------------------------------------
Process: p116 | Page: 0 | Size: 32 bytes
  Offset 0x0000: 00 00 00 00 00 00 00 00 00 00 00 00 00 00 00 00 
  Offset 0x0010: 00 00 00 00 00 00 00 00 00 00 00 00 00 00 00 00 
---------------------------------------------------------------------------
Process: p116 | Page: 1 | Size: 32 bytes
  Offset 0x0000: 00 00 00 00 00 00 00 00 00 00 00 00 00 00 00 00 
  Offset 0x0010: 00 00 00 00 00 00 00 00 00 00 00 00 00 00 00 00 
---------------------------------------------------------------------------
Process: p1160 | Page: 0 | Size: 32 bytes
  Offset 0x0000: 00 00 00 00 00 00 00 00 00 00 00 00 00 00 00 00 
  Offset 0x0010: 00 00 00 00 00 00 00 00 00 00 00 00 00 00 00 00 
---------------------------------------------------------------------------
Process: p1160 | Page: 1 | Size: 32 bytes
  Offset 0x0000: 00 00 00 00 00 00 00 00 00 00 00 00 00 00 00 00 
  Offset 0x0010: 00 00 00 00 00 00 00 00 00 00 00 00 00 00 00 00 
---------------------------------------------------------------------------
Process: p1161 | Page: 0 | Size: 32 bytes
  Offset 0x0000: 00 00 00 00 00 00 00 00 00 00 00 00 00 00 00 00 
  Offset 0x0010: 00 00 00 00 00 00 00 00 00 00 00 00 00 00 00 00 
---------------------------------------------------------------------------
Process: p1161 | Page: 1 | Size: 32 bytes
  Offset 0x0000: 00 00 00 00 00 00 00 00 00 00 00 00 00 00 00 00 
  Offset 0x0010: 00 00 00 00 00 00 00 00 00 00 00 00 00 00 00 00 
---------------------------------------------------------------------------
Process: p1162 | Page: 0 | Size: 32 bytes
  Offset 0x0000: 00 00 00 00 00 00 00 00 00 00 00 00 00 00 00 00 
  Offset 0x0010: 00 00 00 00 00 00 00 00 00 00 00 00 00 00 00 00 
---------------------------------------------------------------------------
Process: p1162 | Page: 1 | Size: 32 bytes
  Offset 0x0000: 00 00 00 00 00 00 00 00 00 00 00 00 00 00 00 00 
  Offset 0x0010: 00 00 00 00 00 00 00 00 00 00 00 00 00 00 00 00 
---------------------------------------------------------------------------
Process: p1163 | Page: 0 | Size: 32 bytes
  Offset 0x0000: 00 00 00 00 00 00 00 00 00 00 00 00 00 00 00 00 
  Offset 0x0010: 00 00 00 00 00 00 00 00 00 00 00 00 00 00 00 00 
---------------------------------------------------------------------------
Process: p1163 | Page: 1 | Size: 32 bytes
  Offset 0x0000: 00 00 00 00 00 00 00 00 00 00 00 00 00 00 00 00 
  Offset 0x0010: 00 00 00 00 00 00 00 00 00 00 00 00 00 00 00 00 
---------------------------------------------------------------------------
Process: p1164 | Page: 0 | Size: 32 bytes
  Offset 0x0000: 00 00 00 00 00 00 00 00 00 00 00 00 00 00 00 00 
  Offset 0x0010: 00 00 00 00 00 00 00 00 00 00 00 00 00 00 00 00 
---------------------------------------------------------------------------
Process: p1164 | Page: 1 | Size: 32 bytes
  Offset 0x0000: 00 00 00 00 00 00 00 00 00 00 00 00 00 00 00 00 
  Offset 0x0010: 00 00 00 00 00 00 00 00 00 00 00 00 00 00 00 00 
---------------------------------------------------------------------------
Process: p1165 | Page: 0 | Size: 32 bytes
  Offset 0x0000: 00 00 00 00 00 00 00 00 00 00 00 00 00 00 00 00 
  Offset 0x0010: 00 00 00 00 00 00 00 00 00 00 00 00 00 00 00 00 
---------------------------------------------------------------------------
Process: p1165 | Page: 1 | Size: 32 bytes
  Offset 0x0000: 00 00 00 00 00 00 00 00 00 00 00 00 00 00 00 00 
  Offset 0x0010: 00 00 00 00 00 00 00 00 00 00 00 00 00 00 00 00 
---------------------------------------------------------------------------
Process: p1166 | Page: 0 | Size: 32 bytes
  Offset 0x0000: 00 00 00 00 00 00 00 00 00 00 00 00 00 00 00 00 
  Offset 0x0010: 00 00 00 00 00 00 00 00 00 00 00 00 00 00 00 00 
---------------------------------------------------------------------------
Process: p1166 | Page: 1 | Size: 32 bytes
  Offset 0x0000: 00 00 00 00 00 00 00 00 00 00 00 00 00 00 00 00 
  Offset 0x0010: 00 00 00 00 00 00 00 00 00 00 00 00 00 00 00 00 
---------------------------------------------------------------------------
Process: p1167 | Page: 0 | Size: 32 bytes
  Offset 0x0000: 00 00 00 00 00 00 00 00 00 00 00 00 00 00 00 00 
  Offset 0x0010: 00 00 00 00 00 00 00 00 00 00 00 00 00 00 00 00 
---------------------------------------------------------------------------
Process: p1167 | Page: 1 | Size: 32 bytes
  Offset 0x0000: 00 00 00 00 00 00 00 00 00 00 00 00 00 00 00 00 
  Offset 0x0010: 00 00 00 00 00 00 00 00 00 00 00 00 00 00 00 00 
---------------------------------------------------------------------------
Process: p1168 | Page: 0 | Size: 32 bytes
  Offset 0x0000: 00 00 00 00 00 00 00 00 00 00 00 00 00 00 00 00 
  Offset 0x0010: 00 00 00 00 00 00 00 00 00 00 00 00 00 00 00 00 
---------------------------------------------------------------------------
Process: p1168 | Page: 1 | Size: 32 bytes
  Offset 0x0000: 00 00 00 00 00 00 00 00 00 00 00 00 00 00 00 00 
  Offset 0x0010: 00 00 00 00 00 00 00 00 00 00 00 00 00 00 00 00 
---------------------------------------------------------------------------
Process: p1169 | Page: 0 | Size: 32 bytes
  Offset 0x0000: 00 00 00 00 00 00 00 00 00 00 00 00 00 00 00 00 
  Offset 0x0010: 00 00 00 00 00 00 00 00 00 00 00 00 00 00 00 00 
---------------------------------------------------------------------------
Process: p1169 | Page: 1 | Size: 32 bytes
  Offset 0x0000: 00 00 00 00 00 00 00 00 00 00 00 00 00 00 00 00 
  Offset 0x0010: 00 00 00 00 00 00 00 00 00 00 00 00 00 00 00 00 
---------------------------------------------------------------------------
Process: p117 | Page: 0 | Size: 32 bytes
  Offset 0x0000: 00 00 00 00 00 00 00 00 00 00 00 00 00 00 00 00 
  Offset 0x0010: 00 00 00 00 00 00 00 00 00 00 00 00 00 00 00 00 
---------------------------------------------------------------------------
Process: p117 | Page: 1 | Size: 32 bytes
  Offset 0x0000: 00 00 00 00 00 00 00 00 00 00 00 00 00 00 00 00 
  Offset 0x0010: 00 00 00 00 00 00 00 00 00 00 00 00 00 00 00 00 
---------------------------------------------------------------------------
Process: p1170 | Page: 0 | Size: 32 bytes
  Offset 0x0000: 00 00 00 00 00 00 00 00 00 00 00 00 00 00 00 00 
  Offset 0x0010: 00 00 00 00 00 00 00 00 00 00 00 00 00 00 00 00 
---------------------------------------------------------------------------
Process: p1170 | Page: 1 | Size: 32 bytes
  Offset 0x0000: 00 00 00 00 00 00 00 00 00 00 00 00 00 00 00 00 
  Offset 0x0010: 00 00 00 00 00 00 00 00 00 00 00 00 00 00 00 00 
---------------------------------------------------------------------------
Process: p1171 | Page: 0 | Size: 32 bytes
  Offset 0x0000: 00 00 00 00 00 00 00 00 00 00 00 00 00 00 00 00 
  Offset 0x0010: 00 00 00 00 00 00 00 00 00 00 00 00 00 00 00 00 
---------------------------------------------------------------------------
Process: p1171 | Page: 1 | Size: 32 bytes
  Offset 0x0000: 00 00 00 00 00 00 00 00 00 00 00 00 00 00 00 00 
  Offset 0x0010: 00 00 00 00 00 00 00 00 00 00 00 00 00 00 00 00 
---------------------------------------------------------------------------
Process: p1172 | Page: 0 | Size: 32 bytes
  Offset 0x0000: 00 00 00 00 00 00 00 00 00 00 00 00 00 00 00 00 
  Offset 0x0010: 00 00 00 00 00 00 00 00 00 00 00 00 00 00 00 00 
---------------------------------------------------------------------------
Process: p1172 | Page: 1 | Size: 32 bytes
  Offset 0x0000: 00 00 00 00 00 00 00 00 00 00 00 00 00 00 00 00 
  Offset 0x0010: 00 00 00 00 00 00 00 00 00 00 00 00 00 00 00 00 
---------------------------------------------------------------------------
Process: p1173 | Page: 0 | Size: 32 bytes
  Offset 0x0000: 00 00 00 00 00 00 00 00 00 00 00 00 00 00 00 00 
  Offset 0x0010: 00 00 00 00 00 00 00 00 00 00 00 00 00 00 00 00 
---------------------------------------------------------------------------
Process: p1173 | Page: 1 | Size: 32 bytes
  Offset 0x0000: 00 00 00 00 00 00 00 00 00 00 00 00 00 00 00 00 
  Offset 0x0010: 00 00 00 00 00 00 00 00 00 00 00 00 00 00 00 00 
---------------------------------------------------------------------------
Process: p1174 | Page: 0 | Size: 32 bytes
  Offset 0x0000: 00 00 00 00 00 00 00 00 00 00 00 00 00 00 00 00 
  Offset 0x0010: 00 00 00 00 00 00 00 00 00 00 00 00 00 00 00 00 
---------------------------------------------------------------------------
Process: p1174 | Page: 1 | Size: 32 bytes
  Offset 0x0000: 00 00 00 00 00 00 00 00 00 00 00 00 00 00 00 00 
  Offset 0x0010: 00 00 00 00 00 00 00 00 00 00 00 00 00 00 00 00 
---------------------------------------------------------------------------
Process: p1175 | Page: 0 | Size: 32 bytes
  Offset 0x0000: 00 00 00 00 00 00 00 00 00 00 00 00 00 00 00 00 
  Offset 0x0010: 00 00 00 00 00 00 00 00 00 00 00 00 00 00 00 00 
---------------------------------------------------------------------------
Process: p1175 | Page: 1 | Size: 32 bytes
  Offset 0x0000: 00 00 00 00 00 00 00 00 00 00 00 00 00 00 00 00 
  Offset 0x0010: 00 00 00 00 00 00 00 00 00 00 00 00 00 00 00 00 
---------------------------------------------------------------------------
Process: p1176 | Page: 0 | Size: 32 bytes
  Offset 0x0000: 00 00 00 00 00 00 00 00 00 00 00 00 00 00 00 00 
  Offset 0x0010: 00 00 00 00 00 00 00 00 00 00 00 00 00 00 00 00 
---------------------------------------------------------------------------
Process: p1176 | Page: 1 | Size: 32 bytes
  Offset 0x0000: 00 00 00 00 00 00 00 00 00 00 00 00 00 00 00 00 
  Offset 0x0010: 00 00 00 00 00 00 00 00 00 00 00 00 00 00 00 00 
---------------------------------------------------------------------------
Process: p1177 | Page: 0 | Size: 32 bytes
  Offset 0x0000: 00 00 00 00 00 00 00 00 00 00 00 00 00 00 00 00 
  Offset 0x0010: 00 00 00 00 00 00 00 00 00 00 00 00 00 00 00 00 
---------------------------------------------------------------------------
Process: p1177 | Page: 1 | Size: 32 bytes
  Offset 0x0000: 00 00 00 00 00 00 00 00 00 00 00 00 00 00 00 00 
  Offset 0x0010: 00 00 00 00 00 00 00 00 00 00 00 00 00 00 00 00 
---------------------------------------------------------------------------
Process: p1178 | Page: 0 | Size: 32 bytes
  Offset 0x0000: 00 00 00 00 00 00 00 00 00 00 00 00 00 00 00 00 
  Offset 0x0010: 00 00 00 00 00 00 00 00 00 00 00 00 00 00 00 00 
---------------------------------------------------------------------------
Process: p1178 | Page: 1 | Size: 32 bytes
  Offset 0x0000: 00 00 00 00 00 00 00 00 00 00 00 00 00 00 00 00 
  Offset 0x0010: 00 00 00 00 00 00 00 00 00 00 00 00 00 00 00 00 
---------------------------------------------------------------------------
Process: p1179 | Page: 0 | Size: 32 bytes
  Offset 0x0000: 00 00 00 00 00 00 00 00 00 00 00 00 00 00 00 00 
  Offset 0x0010: 00 00 00 00 00 00 00 00 00 00 00 00 00 00 00 00 
---------------------------------------------------------------------------
Process: p1179 | Page: 1 | Size: 32 bytes
  Offset 0x0000: 00 00 00 00 00 00 00 00 00 00 00 00 00 00 00 00 
  Offset 0x0010: 00 00 00 00 00 00 00 00 00 00 00 00 00 00 00 00 
---------------------------------------------------------------------------
Process: p1180 | Page: 0 | Size: 32 bytes
  Offset 0x0000: 00 00 00 00 00 00 00 00 00 00 00 00 00 00 00 00 
  Offset 0x0010: 00 00 00 00 00 00 00 00 00 00 00 00 00 00 00 00 
---------------------------------------------------------------------------
Process: p1180 | Page: 1 | Size: 32 bytes
  Offset 0x0000: 00 00 00 00 00 00 00 00 00 00 00 00 00 00 00 00 
  Offset 0x0010: 00 00 00 00 00 00 00 00 00 00 00 00 00 00 00 00 
---------------------------------------------------------------------------
Process: p1181 | Page: 0 | Size: 32 bytes
  Offset 0x0000: 00 00 00 00 00 00 00 00 00 00 00 00 00 00 00 00 
  Offset 0x0010: 00 00 00 00 00 00 00 00 00 00 00 00 00 00 00 00 
---------------------------------------------------------------------------
Process: p1181 | Page: 1 | Size: 32 bytes
  Offset 0x0000: 00 00 00 00 00 00 00 00 00 00 00 00 00 00 00 00 
  Offset 0x0010: 00 00 00 00 00 00 00 00 00 00 00 00 00 00 00 00 
---------------------------------------------------------------------------
Process: p1182 | Page: 0 | Size: 32 bytes
  Offset 0x0000: 00 00 00 00 00 00 00 00 00 00 00 00 00 00 00 00 
  Offset 0x0010: 00 00 00 00 00 00 00 00 00 00 00 00 00 00 00 00 
---------------------------------------------------------------------------
Process: p1182 | Page: 1 | Size: 32 bytes
  Offset 0x0000: 00 00 00 00 00 00 00 00 00 00 00 00 00 00 00 00 
  Offset 0x0010: 00 00 00 00 00 00 00 00 00 00 00 00 00 00 00 00 
---------------------------------------------------------------------------
Process: p1183 | Page: 0 | Size: 32 bytes
  Offset 0x0000: 00 00 00 00 00 00 00 00 00 00 00 00 00 00 00 00 
  Offset 0x0010: 00 00 00 00 00 00 00 00 00 00 00 00 00 00 00 00 
---------------------------------------------------------------------------
Process: p1183 | Page: 1 | Size: 32 bytes
  Offset 0x0000: 00 00 00 00 00 00 00 00 00 00 00 00 00 00 00 00 
  Offset 0x0010: 00 00 00 00 00 00 00 00 00 00 00 00 00 00 00 00 
---------------------------------------------------------------------------
Process: p1184 | Page: 0 | Size: 32 bytes
  Offset 0x0000: 00 00 00 00 00 00 00 00 00 00 00 00 00 00 00 00 
  Offset 0x0010: 00 00 00 00 00 00 00 00 00 00 00 00 00 00 00 00 
---------------------------------------------------------------------------
Process: p1184 | Page: 1 | Size: 32 bytes
  Offset 0x0000: 00 00 00 00 00 00 00 00 00 00 00 00 00 00 00 00 
  Offset 0x0010: 00 00 00 00 00 00 00 00 00 00 00 00 00 00 00 00 
---------------------------------------------------------------------------
Process: p1185 | Page: 0 | Size: 32 bytes
  Offset 0x0000: 00 00 00 00 00 00 00 00 00 00 00 00 00 00 00 00 
  Offset 0x0010: 00 00 00 00 00 00 00 00 00 00 00 00 00 00 00 00 
---------------------------------------------------------------------------
Process: p1185 | Page: 1 | Size: 32 bytes
  Offset 0x0000: 00 00 00 00 00 00 00 00 00 00 00 00 00 00 00 00 
  Offset 0x0010: 00 00 00 00 00 00 00 00 00 00 00 00 00 00 00 00 
---------------------------------------------------------------------------
Process: p1186 | Page: 0 | Size: 32 bytes
  Offset 0x0000: 00 00 00 00 00 00 00 00 00 00 00 00 00 00 00 00 
  Offset 0x0010: 00 00 00 00 00 00 00 00 00 00 00 00 00 00 00 00 
---------------------------------------------------------------------------
Process: p1186 | Page: 1 | Size: 32 bytes
  Offset 0x0000: 00 00 00 00 00 00 00 00 00 00 00 00 00 00 00 00 
  Offset 0x0010: 00 00 00 00 00 00 00 00 00 00 00 00 00 00 00 00 
---------------------------------------------------------------------------
Process: p1187 | Page: 0 | Size: 32 bytes
  Offset 0x0000: 00 00 00 00 00 00 00 00 00 00 00 00 00 00 00 00 
  Offset 0x0010: 00 00 00 00 00 00 00 00 00 00 00 00 00 00 00 00 
---------------------------------------------------------------------------
Process: p1187 | Page: 1 | Size: 32 bytes
  Offset 0x0000: 00 00 00 00 00 00 00 00 00 00 00 00 00 00 00 00 
  Offset 0x0010: 00 00 00 00 00 00 00 00 00 00 00 00 00 00 00 00 
---------------------------------------------------------------------------
Process: p1188 | Page: 0 | Size: 32 bytes
  Offset 0x0000: 00 00 00 00 00 00 00 00 00 00 00 00 00 00 00 00 
  Offset 0x0010: 00 00 00 00 00 00 00 00 00 00 00 00 00 00 00 00 
---------------------------------------------------------------------------
Process: p1188 | Page: 1 | Size: 32 bytes
  Offset 0x0000: 00 00 00 00 00 00 00 00 00 00 00 00 00 00 00 00 
  Offset 0x0010: 00 00 00 00 00 00 00 00 00 00 00 00 00 00 00 00 
---------------------------------------------------------------------------
Process: p1189 | Page: 0 | Size: 32 bytes
  Offset 0x0000: 00 00 00 00 00 00 00 00 00 00 00 00 00 00 00 00 
  Offset 0x0010: 00 00 00 00 00 00 00 00 00 00 00 00 00 00 00 00 
---------------------------------------------------------------------------
Process: p1189 | Page: 1 | Size: 32 bytes
  Offset 0x0000: 00 00 00 00 00 00 00 00 00 00 00 00 00 00 00 00 
  Offset 0x0010: 00 00 00 00 00 00 00 00 00 00 00 00 00 00 00 00 
---------------------------------------------------------------------------
Process: p1190 | Page: 0 | Size: 32 bytes
  Offset 0x0000: 00 00 00 00 00 00 00 00 00 00 00 00 00 00 00 00 
  Offset 0x0010: 00 00 00 00 00 00 00 00 00 00 00 00 00 00 00 00 
---------------------------------------------------------------------------
Process: p1191 | Page: 0 | Size: 32 bytes
  Offset 0x0000: 00 00 00 00 00 00 00 00 00 00 00 00 00 00 00 00 
  Offset 0x0010: 00 00 00 00 00 00 00 00 00 00 00 00 00 00 00 00 
---------------------------------------------------------------------------
Process: p1191 | Page: 1 | Size: 32 bytes
  Offset 0x0000: 00 00 00 00 00 00 00 00 00 00 00 00 00 00 00 00 
  Offset 0x0010: 00 00 00 00 00 00 00 00 00 00 00 00 00 00 00 00 
---------------------------------------------------------------------------
Process: p12 | Page: 0 | Size: 32 bytes
  Offset 0x0000: 00 00 00 00 00 00 00 00 00 00 00 00 00 00 00 00 
  Offset 0x0010: 00 00 00 00 00 00 00 00 00 00 00 00 00 00 00 00 
---------------------------------------------------------------------------
Process: p12 | Page: 1 | Size: 32 bytes
  Offset 0x0000: 00 00 00 00 00 00 00 00 00 00 00 00 00 00 00 00 
  Offset 0x0010: 00 00 00 00 00 00 00 00 00 00 00 00 00 00 00 00 
---------------------------------------------------------------------------
Process: p141 | Page: 0 | Size: 32 bytes
  Offset 0x0000: 00 00 00 00 00 00 00 00 00 00 00 00 00 00 00 00 
  Offset 0x0010: 00 00 00 00 00 00 00 00 00 00 00 00 00 00 00 00 
---------------------------------------------------------------------------
Process: p141 | Page: 1 | Size: 32 bytes
  Offset 0x0000: 00 00 00 00 00 00 00 00 00 00 00 00 00 00 00 00 
  Offset 0x0010: 00 00 00 00 00 00 00 00 00 00 00 00 00 00 00 00 
---------------------------------------------------------------------------
Process: p142 | Page: 0 | Size: 32 bytes
  Offset 0x0000: 00 00 00 00 00 00 00 00 00 00 00 00 00 00 00 00 
  Offset 0x0010: 00 00 00 00 00 00 00 00 00 00 00 00 00 00 00 00 
---------------------------------------------------------------------------
Process: p142 | Page: 1 | Size: 32 bytes
  Offset 0x0000: 00 00 00 00 00 00 00 00 00 00 00 00 00 00 00 00 
  Offset 0x0010: 00 00 00 00 00 00 00 00 00 00 00 00 00 00 00 00 
---------------------------------------------------------------------------
Process: p143 | Page: 0 | Size: 32 bytes
  Offset 0x0000: 00 00 00 00 00 00 00 00 00 00 00 00 00 00 00 00 
  Offset 0x0010: 00 00 00 00 00 00 00 00 00 00 00 00 00 00 00 00 
---------------------------------------------------------------------------
Process: p143 | Page: 1 | Size: 32 bytes
  Offset 0x0000: 00 00 00 00 00 00 00 00 00 00 00 00 00 00 00 00 
  Offset 0x0010: 00 00 00 00 00 00 00 00 00 00 00 00 00 00 00 00 
---------------------------------------------------------------------------
Process: p144 | Page: 0 | Size: 32 bytes
  Offset 0x0000: 00 00 00 00 00 00 00 00 00 00 00 00 00 00 00 00 
  Offset 0x0010: 00 00 00 00 00 00 00 00 00 00 00 00 00 00 00 00 
---------------------------------------------------------------------------
Process: p144 | Page: 1 | Size: 32 bytes
  Offset 0x0000: 00 00 00 00 00 00 00 00 00 00 00 00 00 00 00 00 
  Offset 0x0010: 00 00 00 00 00 00 00 00 00 00 00 00 00 00 00 00 
---------------------------------------------------------------------------
Process: p145 | Page: 0 | Size: 32 bytes
  Offset 0x0000: 00 00 00 00 00 00 00 00 00 00 00 00 00 00 00 00 
  Offset 0x0010: 00 00 00 00 00 00 00 00 00 00 00 00 00 00 00 00 
---------------------------------------------------------------------------
Process: p145 | Page: 1 | Size: 32 bytes
  Offset 0x0000: 00 00 00 00 00 00 00 00 00 00 00 00 00 00 00 00 
  Offset 0x0010: 00 00 00 00 00 00 00 00 00 00 00 00 00 00 00 00 
---------------------------------------------------------------------------
Process: p146 | Page: 0 | Size: 32 bytes
  Offset 0x0000: 00 00 00 00 00 00 00 00 00 00 00 00 00 00 00 00 
  Offset 0x0010: 00 00 00 00 00 00 00 00 00 00 00 00 00 00 00 00 
---------------------------------------------------------------------------
Process: p146 | Page: 1 | Size: 32 bytes
  Offset 0x0000: 00 00 00 00 00 00 00 00 00 00 00 00 00 00 00 00 
  Offset 0x0010: 00 00 00 00 00 00 00 00 00 00 00 00 00 00 00 00 
---------------------------------------------------------------------------
Process: p147 | Page: 0 | Size: 32 bytes
  Offset 0x0000: 00 00 00 00 00 00 00 00 00 00 00 00 00 00 00 00 
  Offset 0x0010: 00 00 00 00 00 00 00 00 00 00 00 00 00 00 00 00 
---------------------------------------------------------------------------
Process: p147 | Page: 1 | Size: 32 bytes
  Offset 0x0000: 00 00 00 00 00 00 00 00 00 00 00 00 00 00 00 00 
  Offset 0x0010: 00 00 00 00 00 00 00 00 00 00 00 00 00 00 00 00 
---------------------------------------------------------------------------
Process: p148 | Page: 0 | Size: 32 bytes
  Offset 0x0000: 00 00 00 00 00 00 00 00 00 00 00 00 00 00 00 00 
  Offset 0x0010: 00 00 00 00 00 00 00 00 00 00 00 00 00 00 00 00 
---------------------------------------------------------------------------
Process: p148 | Page: 1 | Size: 32 bytes
  Offset 0x0000: 00 00 00 00 00 00 00 00 00 00 00 00 00 00 00 00 
  Offset 0x0010: 00 00 00 00 00 00 00 00 00 00 00 00 00 00 00 00 
---------------------------------------------------------------------------
Process: p149 | Page: 0 | Size: 32 bytes
  Offset 0x0000: 00 00 00 00 00 00 00 00 00 00 00 00 00 00 00 00 
  Offset 0x0010: 00 00 00 00 00 00 00 00 00 00 00 00 00 00 00 00 
---------------------------------------------------------------------------
Process: p149 | Page: 1 | Size: 32 bytes
  Offset 0x0000: 00 00 00 00 00 00 00 00 00 00 00 00 00 00 00 00 
  Offset 0x0010: 00 00 00 00 00 00 00 00 00 00 00 00 00 00 00 00 
---------------------------------------------------------------------------
Process: p150 | Page: 0 | Size: 32 bytes
  Offset 0x0000: 00 00 00 00 00 00 00 00 00 00 00 00 00 00 00 00 
  Offset 0x0010: 00 00 00 00 00 00 00 00 00 00 00 00 00 00 00 00 
---------------------------------------------------------------------------
Process: p150 | Page: 1 | Size: 32 bytes
  Offset 0x0000: 00 00 00 00 00 00 00 00 00 00 00 00 00 00 00 00 
  Offset 0x0010: 00 00 00 00 00 00 00 00 00 00 00 00 00 00 00 00 
---------------------------------------------------------------------------
Process: p151 | Page: 0 | Size: 32 bytes
  Offset 0x0000: 00 00 00 00 00 00 00 00 00 00 00 00 00 00 00 00 
  Offset 0x0010: 00 00 00 00 00 00 00 00 00 00 00 00 00 00 00 00 
---------------------------------------------------------------------------
Process: p151 | Page: 1 | Size: 32 bytes
  Offset 0x0000: 00 00 00 00 00 00 00 00 00 00 00 00 00 00 00 00 
  Offset 0x0010: 00 00 00 00 00 00 00 00 00 00 00 00 00 00 00 00 
---------------------------------------------------------------------------
Process: p152 | Page: 0 | Size: 32 bytes
  Offset 0x0000: 00 00 00 00 00 00 00 00 00 00 00 00 00 00 00 00 
  Offset 0x0010: 00 00 00 00 00 00 00 00 00 00 00 00 00 00 00 00 
---------------------------------------------------------------------------
Process: p152 | Page: 1 | Size: 32 bytes
  Offset 0x0000: 00 00 00 00 00 00 00 00 00 00 00 00 00 00 00 00 
  Offset 0x0010: 00 00 00 00 00 00 00 00 00 00 00 00 00 00 00 00 
---------------------------------------------------------------------------
Process: p153 | Page: 0 | Size: 32 bytes
  Offset 0x0000: 00 00 00 00 00 00 00 00 00 00 00 00 00 00 00 00 
  Offset 0x0010: 00 00 00 00 00 00 00 00 00 00 00 00 00 00 00 00 
---------------------------------------------------------------------------
Process: p153 | Page: 1 | Size: 32 bytes
  Offset 0x0000: 00 00 00 00 00 00 00 00 00 00 00 00 00 00 00 00 
  Offset 0x0010: 00 00 00 00 00 00 00 00 00 00 00 00 00 00 00 00 
---------------------------------------------------------------------------
Process: p154 | Page: 0 | Size: 32 bytes
  Offset 0x0000: 00 00 00 00 00 00 00 00 00 00 00 00 00 00 00 00 
  Offset 0x0010: 00 00 00 00 00 00 00 00 00 00 00 00 00 00 00 00 
---------------------------------------------------------------------------
Process: p154 | Page: 1 | Size: 32 bytes
  Offset 0x0000: 00 00 00 00 00 00 00 00 00 00 00 00 00 00 00 00 
  Offset 0x0010: 00 00 00 00 00 00 00 00 00 00 00 00 00 00 00 00 
---------------------------------------------------------------------------
Process: p155 | Page: 0 | Size: 32 bytes
  Offset 0x0000: 00 00 00 00 00 00 00 00 00 00 00 00 00 00 00 00 
  Offset 0x0010: 00 00 00 00 00 00 00 00 00 00 00 00 00 00 00 00 
---------------------------------------------------------------------------
Process: p155 | Page: 1 | Size: 32 bytes
  Offset 0x0000: 00 00 00 00 00 00 00 00 00 00 00 00 00 00 00 00 
  Offset 0x0010: 00 00 00 00 00 00 00 00 00 00 00 00 00 00 00 00 
---------------------------------------------------------------------------
Process: p156 | Page: 0 | Size: 32 bytes
  Offset 0x0000: 00 00 00 00 00 00 00 00 00 00 00 00 00 00 00 00 
  Offset 0x0010: 00 00 00 00 00 00 00 00 00 00 00 00 00 00 00 00 
---------------------------------------------------------------------------
Process: p156 | Page: 1 | Size: 32 bytes
  Offset 0x0000: 00 00 00 00 00 00 00 00 00 00 00 00 00 00 00 00 
  Offset 0x0010: 00 00 00 00 00 00 00 00 00 00 00 00 00 00 00 00 
---------------------------------------------------------------------------
Process: p157 | Page: 0 | Size: 32 bytes
  Offset 0x0000: 00 00 00 00 00 00 00 00 00 00 00 00 00 00 00 00 
  Offset 0x0010: 00 00 00 00 00 00 00 00 00 00 00 00 00 00 00 00 
---------------------------------------------------------------------------
Process: p157 | Page: 1 | Size: 32 bytes
  Offset 0x0000: 00 00 00 00 00 00 00 00 00 00 00 00 00 00 00 00 
  Offset 0x0010: 00 00 00 00 00 00 00 00 00 00 00 00 00 00 00 00 
---------------------------------------------------------------------------
Process: p158 | Page: 0 | Size: 32 bytes
  Offset 0x0000: 00 00 00 00 00 00 00 00 00 00 00 00 00 00 00 00 
  Offset 0x0010: 00 00 00 00 00 00 00 00 00 00 00 00 00 00 00 00 
---------------------------------------------------------------------------
Process: p158 | Page: 1 | Size: 32 bytes
  Offset 0x0000: 00 00 00 00 00 00 00 00 00 00 00 00 00 00 00 00 
  Offset 0x0010: 00 00 00 00 00 00 00 00 00 00 00 00 00 00 00 00 
---------------------------------------------------------------------------
Process: p159 | Page: 0 | Size: 32 bytes
  Offset 0x0000: 00 00 00 00 00 00 00 00 00 00 00 00 00 00 00 00 
  Offset 0x0010: 00 00 00 00 00 00 00 00 00 00 00 00 00 00 00 00 
---------------------------------------------------------------------------
Process: p159 | Page: 1 | Size: 32 bytes
  Offset 0x0000: 00 00 00 00 00 00 00 00 00 00 00 00 00 00 00 00 
  Offset 0x0010: 00 00 00 00 00 00 00 00 00 00 00 00 00 00 00 00 
---------------------------------------------------------------------------
Process: p16 | Page: 0 | Size: 32 bytes
  Offset 0x0000: 00 00 00 00 00 00 00 00 00 00 00 00 00 00 00 00 
  Offset 0x0010: 00 00 00 00 00 00 00 00 00 00 00 00 00 00 00 00 
---------------------------------------------------------------------------
Process: p16 | Page: 1 | Size: 32 bytes
  Offset 0x0000: 00 00 00 00 00 00 00 00 00 00 00 00 00 00 00 00 
  Offset 0x0010: 00 00 00 00 00 00 00 00 00 00 00 00 00 00 00 00 
---------------------------------------------------------------------------
Process: p160 | Page: 0 | Size: 32 bytes
  Offset 0x0000: 00 00 00 00 00 00 00 00 00 00 00 00 00 00 00 00 
  Offset 0x0010: 00 00 00 00 00 00 00 00 00 00 00 00 00 00 00 00 
---------------------------------------------------------------------------
Process: p160 | Page: 1 | Size: 32 bytes
  Offset 0x0000: 00 00 00 00 00 00 00 00 00 00 00 00 00 00 00 00 
  Offset 0x0010: 00 00 00 00 00 00 00 00 00 00 00 00 00 00 00 00 
---------------------------------------------------------------------------
Process: p161 | Page: 0 | Size: 32 bytes
  Offset 0x0000: 00 00 00 00 00 00 00 00 00 00 00 00 00 00 00 00 
  Offset 0x0010: 00 00 00 00 00 00 00 00 00 00 00 00 00 00 00 00 
---------------------------------------------------------------------------
Process: p161 | Page: 1 | Size: 32 bytes
  Offset 0x0000: 00 00 00 00 00 00 00 00 00 00 00 00 00 00 00 00 
  Offset 0x0010: 00 00 00 00 00 00 00 00 00 00 00 00 00 00 00 00 
---------------------------------------------------------------------------
Process: p162 | Page: 0 | Size: 32 bytes
  Offset 0x0000: 00 00 00 00 00 00 00 00 00 00 00 00 00 00 00 00 
  Offset 0x0010: 00 00 00 00 00 00 00 00 00 00 00 00 00 00 00 00 
---------------------------------------------------------------------------
Process: p162 | Page: 1 | Size: 32 bytes
  Offset 0x0000: 00 00 00 00 00 00 00 00 00 00 00 00 00 00 00 00 
  Offset 0x0010: 00 00 00 00 00 00 00 00 00 00 00 00 00 00 00 00 
---------------------------------------------------------------------------
Process: p163 | Page: 0 | Size: 32 bytes
  Offset 0x0000: 00 00 00 00 00 00 00 00 00 00 00 00 00 00 00 00 
  Offset 0x0010: 00 00 00 00 00 00 00 00 00 00 00 00 00 00 00 00 
---------------------------------------------------------------------------
Process: p163 | Page: 1 | Size: 32 bytes
  Offset 0x0000: 00 00 00 00 00 00 00 00 00 00 00 00 00 00 00 00 
  Offset 0x0010: 00 00 00 00 00 00 00 00 00 00 00 00 00 00 00 00 
---------------------------------------------------------------------------
Process: p164 | Page: 0 | Size: 32 bytes
  Offset 0x0000: 00 00 00 00 00 00 00 00 00 00 00 00 00 00 00 00 
  Offset 0x0010: 00 00 00 00 00 00 00 00 00 00 00 00 00 00 00 00 
---------------------------------------------------------------------------
Process: p164 | Page: 1 | Size: 32 bytes
  Offset 0x0000: 00 00 00 00 00 00 00 00 00 00 00 00 00 00 00 00 
  Offset 0x0010: 00 00 00 00 00 00 00 00 00 00 00 00 00 00 00 00 
---------------------------------------------------------------------------
Process: p165 | Page: 0 | Size: 32 bytes
  Offset 0x0000: 00 00 00 00 00 00 00 00 00 00 00 00 00 00 00 00 
  Offset 0x0010: 00 00 00 00 00 00 00 00 00 00 00 00 00 00 00 00 
---------------------------------------------------------------------------
Process: p165 | Page: 1 | Size: 32 bytes
  Offset 0x0000: 00 00 00 00 00 00 00 00 00 00 00 00 00 00 00 00 
  Offset 0x0010: 00 00 00 00 00 00 00 00 00 00 00 00 00 00 00 00 
---------------------------------------------------------------------------
Process: p166 | Page: 0 | Size: 32 bytes
  Offset 0x0000: 00 00 00 00 00 00 00 00 00 00 00 00 00 00 00 00 
  Offset 0x0010: 00 00 00 00 00 00 00 00 00 00 00 00 00 00 00 00 
---------------------------------------------------------------------------
Process: p166 | Page: 1 | Size: 32 bytes
  Offset 0x0000: 00 00 00 00 00 00 00 00 00 00 00 00 00 00 00 00 
  Offset 0x0010: 00 00 00 00 00 00 00 00 00 00 00 00 00 00 00 00 
---------------------------------------------------------------------------
Process: p167 | Page: 0 | Size: 32 bytes
  Offset 0x0000: 00 00 00 00 00 00 00 00 00 00 00 00 00 00 00 00 
  Offset 0x0010: 00 00 00 00 00 00 00 00 00 00 00 00 00 00 00 00 
---------------------------------------------------------------------------
Process: p167 | Page: 1 | Size: 32 bytes
  Offset 0x0000: 00 00 00 00 00 00 00 00 00 00 00 00 00 00 00 00 
  Offset 0x0010: 00 00 00 00 00 00 00 00 00 00 00 00 00 00 00 00 
---------------------------------------------------------------------------
Process: p168 | Page: 0 | Size: 32 bytes
  Offset 0x0000: 00 00 00 00 00 00 00 00 00 00 00 00 00 00 00 00 
  Offset 0x0010: 00 00 00 00 00 00 00 00 00 00 00 00 00 00 00 00 
---------------------------------------------------------------------------
Process: p168 | Page: 1 | Size: 32 bytes
  Offset 0x0000: 00 00 00 00 00 00 00 00 00 00 00 00 00 00 00 00 
  Offset 0x0010: 00 00 00 00 00 00 00 00 00 00 00 00 00 00 00 00 
---------------------------------------------------------------------------
Process: p169 | Page: 0 | Size: 32 bytes
  Offset 0x0000: 00 00 00 00 00 00 00 00 00 00 00 00 00 00 00 00 
  Offset 0x0010: 00 00 00 00 00 00 00 00 00 00 00 00 00 00 00 00 
---------------------------------------------------------------------------
Process: p169 | Page: 1 | Size: 32 bytes
  Offset 0x0000: 00 00 00 00 00 00 00 00 00 00 00 00 00 00 00 00 
  Offset 0x0010: 00 00 00 00 00 00 00 00 00 00 00 00 00 00 00 00 
---------------------------------------------------------------------------
Process: p17 | Page: 0 | Size: 32 bytes
  Offset 0x0000: 00 00 00 00 00 00 00 00 00 00 00 00 00 00 00 00 
  Offset 0x0010: 00 00 00 00 00 00 00 00 00 00 00 00 00 00 00 00 
---------------------------------------------------------------------------
Process: p17 | Page: 1 | Size: 32 bytes
  Offset 0x0000: 00 00 00 00 00 00 00 00 00 00 00 00 00 00 00 00 
  Offset 0x0010: 00 00 00 00 00 00 00 00 00 00 00 00 00 00 00 00 
---------------------------------------------------------------------------
Process: p170 | Page: 0 | Size: 32 bytes
  Offset 0x0000: 00 00 00 00 00 00 00 00 00 00 00 00 00 00 00 00 
  Offset 0x0010: 00 00 00 00 00 00 00 00 00 00 00 00 00 00 00 00 
---------------------------------------------------------------------------
Process: p170 | Page: 1 | Size: 32 bytes
  Offset 0x0000: 00 00 00 00 00 00 00 00 00 00 00 00 00 00 00 00 
  Offset 0x0010: 00 00 00 00 00 00 00 00 00 00 00 00 00 00 00 00 
---------------------------------------------------------------------------
Process: p171 | Page: 0 | Size: 32 bytes
  Offset 0x0000: 00 00 00 00 00 00 00 00 00 00 00 00 00 00 00 00 
  Offset 0x0010: 00 00 00 00 00 00 00 00 00 00 00 00 00 00 00 00 
---------------------------------------------------------------------------
Process: p171 | Page: 1 | Size: 32 bytes
  Offset 0x0000: 00 00 00 00 00 00 00 00 00 00 00 00 00 00 00 00 
  Offset 0x0010: 00 00 00 00 00 00 00 00 00 00 00 00 00 00 00 00 
---------------------------------------------------------------------------
Process: p172 | Page: 0 | Size: 32 bytes
  Offset 0x0000: 00 00 00 00 00 00 00 00 00 00 00 00 00 00 00 00 
  Offset 0x0010: 00 00 00 00 00 00 00 00 00 00 00 00 00 00 00 00 
---------------------------------------------------------------------------
Process: p172 | Page: 1 | Size: 32 bytes
  Offset 0x0000: 00 00 00 00 00 00 00 00 00 00 00 00 00 00 00 00 
  Offset 0x0010: 00 00 00 00 00 00 00 00 00 00 00 00 00 00 00 00 
---------------------------------------------------------------------------
Process: p173 | Page: 0 | Size: 32 bytes
  Offset 0x0000: 00 00 00 00 00 00 00 00 00 00 00 00 00 00 00 00 
  Offset 0x0010: 00 00 00 00 00 00 00 00 00 00 00 00 00 00 00 00 
---------------------------------------------------------------------------
Process: p173 | Page: 1 | Size: 32 bytes
  Offset 0x0000: 00 00 00 00 00 00 00 00 00 00 00 00 00 00 00 00 
  Offset 0x0010: 00 00 00 00 00 00 00 00 00 00 00 00 00 00 00 00 
---------------------------------------------------------------------------
Process: p174 | Page: 0 | Size: 32 bytes
  Offset 0x0000: 00 00 00 00 00 00 00 00 00 00 00 00 00 00 00 00 
  Offset 0x0010: 00 00 00 00 00 00 00 00 00 00 00 00 00 00 00 00 
---------------------------------------------------------------------------
Process: p174 | Page: 1 | Size: 32 bytes
  Offset 0x0000: 00 00 00 00 00 00 00 00 00 00 00 00 00 00 00 00 
  Offset 0x0010: 00 00 00 00 00 00 00 00 00 00 00 00 00 00 00 00 
---------------------------------------------------------------------------
Process: p175 | Page: 0 | Size: 32 bytes
  Offset 0x0000: 00 00 00 00 00 00 00 00 00 00 00 00 00 00 00 00 
  Offset 0x0010: 00 00 00 00 00 00 00 00 00 00 00 00 00 00 00 00 
---------------------------------------------------------------------------
Process: p175 | Page: 1 | Size: 32 bytes
  Offset 0x0000: 00 00 00 00 00 00 00 00 00 00 00 00 00 00 00 00 
  Offset 0x0010: 00 00 00 00 00 00 00 00 00 00 00 00 00 00 00 00 
---------------------------------------------------------------------------
Process: p176 | Page: 0 | Size: 32 bytes
  Offset 0x0000: 00 00 00 00 00 00 00 00 00 00 00 00 00 00 00 00 
  Offset 0x0010: 00 00 00 00 00 00 00 00 00 00 00 00 00 00 00 00 
---------------------------------------------------------------------------
Process: p176 | Page: 1 | Size: 32 bytes
  Offset 0x0000: 00 00 00 00 00 00 00 00 00 00 00 00 00 00 00 00 
  Offset 0x0010: 00 00 00 00 00 00 00 00 00 00 00 00 00 00 00 00 
---------------------------------------------------------------------------
Process: p177 | Page: 0 | Size: 32 bytes
  Offset 0x0000: 00 00 00 00 00 00 00 00 00 00 00 00 00 00 00 00 
  Offset 0x0010: 00 00 00 00 00 00 00 00 00 00 00 00 00 00 00 00 
---------------------------------------------------------------------------
Process: p177 | Page: 1 | Size: 32 bytes
  Offset 0x0000: 00 00 00 00 00 00 00 00 00 00 00 00 00 00 00 00 
  Offset 0x0010: 00 00 00 00 00 00 00 00 00 00 00 00 00 00 00 00 
---------------------------------------------------------------------------
Process: p178 | Page: 0 | Size: 32 bytes
  Offset 0x0000: 00 00 00 00 00 00 00 00 00 00 00 00 00 00 00 00 
  Offset 0x0010: 00 00 00 00 00 00 00 00 00 00 00 00 00 00 00 00 
---------------------------------------------------------------------------
Process: p178 | Page: 1 | Size: 32 bytes
  Offset 0x0000: 00 00 00 00 00 00 00 00 00 00 00 00 00 00 00 00 
  Offset 0x0010: 00 00 00 00 00 00 00 00 00 00 00 00 00 00 00 00 
---------------------------------------------------------------------------
Process: p179 | Page: 0 | Size: 32 bytes
  Offset 0x0000: 00 00 00 00 00 00 00 00 00 00 00 00 00 00 00 00 
  Offset 0x0010: 00 00 00 00 00 00 00 00 00 00 00 00 00 00 00 00 
---------------------------------------------------------------------------
Process: p179 | Page: 1 | Size: 32 bytes
  Offset 0x0000: 00 00 00 00 00 00 00 00 00 00 00 00 00 00 00 00 
  Offset 0x0010: 00 00 00 00 00 00 00 00 00 00 00 00 00 00 00 00 
---------------------------------------------------------------------------
Process: p18 | Page: 0 | Size: 32 bytes
  Offset 0x0000: 00 00 00 00 00 00 00 00 00 00 00 00 00 00 00 00 
  Offset 0x0010: 00 00 00 00 00 00 00 00 00 00 00 00 00 00 00 00 
---------------------------------------------------------------------------
Process: p18 | Page: 1 | Size: 32 bytes
  Offset 0x0000: 00 00 00 00 00 00 00 00 00 00 00 00 00 00 00 00 
  Offset 0x0010: 00 00 00 00 00 00 00 00 00 00 00 00 00 00 00 00 
---------------------------------------------------------------------------
Process: p180 | Page: 0 | Size: 32 bytes
  Offset 0x0000: 00 00 00 00 00 00 00 00 00 00 00 00 00 00 00 00 
  Offset 0x0010: 00 00 00 00 00 00 00 00 00 00 00 00 00 00 00 00 
---------------------------------------------------------------------------
Process: p180 | Page: 1 | Size: 32 bytes
  Offset 0x0000: 00 00 00 00 00 00 00 00 00 00 00 00 00 00 00 00 
  Offset 0x0010: 00 00 00 00 00 00 00 00 00 00 00 00 00 00 00 00 
---------------------------------------------------------------------------
Process: p181 | Page: 0 | Size: 32 bytes
  Offset 0x0000: 00 00 00 00 00 00 00 00 00 00 00 00 00 00 00 00 
  Offset 0x0010: 00 00 00 00 00 00 00 00 00 00 00 00 00 00 00 00 
---------------------------------------------------------------------------
Process: p181 | Page: 1 | Size: 32 bytes
  Offset 0x0000: 00 00 00 00 00 00 00 00 00 00 00 00 00 00 00 00 
  Offset 0x0010: 00 00 00 00 00 00 00 00 00 00 00 00 00 00 00 00 
---------------------------------------------------------------------------
Process: p182 | Page: 0 | Size: 32 bytes
  Offset 0x0000: 00 00 00 00 00 00 00 00 00 00 00 00 00 00 00 00 
  Offset 0x0010: 00 00 00 00 00 00 00 00 00 00 00 00 00 00 00 00 
---------------------------------------------------------------------------
Process: p182 | Page: 1 | Size: 32 bytes
  Offset 0x0000: 00 00 00 00 00 00 00 00 00 00 00 00 00 00 00 00 
  Offset 0x0010: 00 00 00 00 00 00 00 00 00 00 00 00 00 00 00 00 
---------------------------------------------------------------------------
Process: p183 | Page: 0 | Size: 32 bytes
  Offset 0x0000: 00 00 00 00 00 00 00 00 00 00 00 00 00 00 00 00 
  Offset 0x0010: 00 00 00 00 00 00 00 00 00 00 00 00 00 00 00 00 
---------------------------------------------------------------------------
Process: p183 | Page: 1 | Size: 32 bytes
  Offset 0x0000: 00 00 00 00 00 00 00 00 00 00 00 00 00 00 00 00 
  Offset 0x0010: 00 00 00 00 00 00 00 00 00 00 00 00 00 00 00 00 
---------------------------------------------------------------------------
Process: p184 | Page: 0 | Size: 32 bytes
  Offset 0x0000: 00 00 00 00 00 00 00 00 00 00 00 00 00 00 00 00 
  Offset 0x0010: 00 00 00 00 00 00 00 00 00 00 00 00 00 00 00 00 
---------------------------------------------------------------------------
Process: p184 | Page: 1 | Size: 32 bytes
  Offset 0x0000: 00 00 00 00 00 00 00 00 00 00 00 00 00 00 00 00 
  Offset 0x0010: 00 00 00 00 00 00 00 00 00 00 00 00 00 00 00 00 
---------------------------------------------------------------------------
Process: p185 | Page: 0 | Size: 32 bytes
  Offset 0x0000: 00 00 00 00 00 00 00 00 00 00 00 00 00 00 00 00 
  Offset 0x0010: 00 00 00 00 00 00 00 00 00 00 00 00 00 00 00 00 
---------------------------------------------------------------------------
Process: p185 | Page: 1 | Size: 32 bytes
  Offset 0x0000: 00 00 00 00 00 00 00 00 00 00 00 00 00 00 00 00 
  Offset 0x0010: 00 00 00 00 00 00 00 00 00 00 00 00 00 00 00 00 
---------------------------------------------------------------------------
Process: p186 | Page: 0 | Size: 32 bytes
  Offset 0x0000: 00 00 00 00 00 00 00 00 00 00 00 00 00 00 00 00 
  Offset 0x0010: 00 00 00 00 00 00 00 00 00 00 00 00 00 00 00 00 
---------------------------------------------------------------------------
Process: p186 | Page: 1 | Size: 32 bytes
  Offset 0x0000: 00 00 00 00 00 00 00 00 00 00 00 00 00 00 00 00 
  Offset 0x0010: 00 00 00 00 00 00 00 00 00 00 00 00 00 00 00 00 
---------------------------------------------------------------------------
Process: p187 | Page: 0 | Size: 32 bytes
  Offset 0x0000: 00 00 00 00 00 00 00 00 00 00 00 00 00 00 00 00 
  Offset 0x0010: 00 00 00 00 00 00 00 00 00 00 00 00 00 00 00 00 
---------------------------------------------------------------------------
Process: p187 | Page: 1 | Size: 32 bytes
  Offset 0x0000: 00 00 00 00 00 00 00 00 00 00 00 00 00 00 00 00 
  Offset 0x0010: 00 00 00 00 00 00 00 00 00 00 00 00 00 00 00 00 
---------------------------------------------------------------------------
Process: p188 | Page: 0 | Size: 32 bytes
  Offset 0x0000: 00 00 00 00 00 00 00 00 00 00 00 00 00 00 00 00 
  Offset 0x0010: 00 00 00 00 00 00 00 00 00 00 00 00 00 00 00 00 
---------------------------------------------------------------------------
Process: p188 | Page: 1 | Size: 32 bytes
  Offset 0x0000: 00 00 00 00 00 00 00 00 00 00 00 00 00 00 00 00 
  Offset 0x0010: 00 00 00 00 00 00 00 00 00 00 00 00 00 00 00 00 
---------------------------------------------------------------------------
Process: p189 | Page: 0 | Size: 32 bytes
  Offset 0x0000: 00 00 00 00 00 00 00 00 00 00 00 00 00 00 00 00 
  Offset 0x0010: 00 00 00 00 00 00 00 00 00 00 00 00 00 00 00 00 
---------------------------------------------------------------------------
Process: p189 | Page: 1 | Size: 32 bytes
  Offset 0x0000: 00 00 00 00 00 00 00 00 00 00 00 00 00 00 00 00 
  Offset 0x0010: 00 00 00 00 00 00 00 00 00 00 00 00 00 00 00 00 
---------------------------------------------------------------------------
Process: p19 | Page: 0 | Size: 32 bytes
  Offset 0x0000: 00 00 00 00 00 00 00 00 00 00 00 00 00 00 00 00 
  Offset 0x0010: 00 00 00 00 00 00 00 00 00 00 00 00 00 00 00 00 
---------------------------------------------------------------------------
Process: p19 | Page: 1 | Size: 32 bytes
  Offset 0x0000: 00 00 00 00 00 00 00 00 00 00 00 00 00 00 00 00 
  Offset 0x0010: 00 00 00 00 00 00 00 00 00 00 00 00 00 00 00 00 
---------------------------------------------------------------------------
Process: p190 | Page: 0 | Size: 32 bytes
  Offset 0x0000: 00 00 00 00 00 00 00 00 00 00 00 00 00 00 00 00 
  Offset 0x0010: 00 00 00 00 00 00 00 00 00 00 00 00 00 00 00 00 
---------------------------------------------------------------------------
Process: p190 | Page: 1 | Size: 32 bytes
  Offset 0x0000: 00 00 00 00 00 00 00 00 00 00 00 00 00 00 00 00 
  Offset 0x0010: 00 00 00 00 00 00 00 00 00 00 00 00 00 00 00 00 
---------------------------------------------------------------------------
Process: p191 | Page: 0 | Size: 32 bytes
  Offset 0x0000: 00 00 00 00 00 00 00 00 00 00 00 00 00 00 00 00 
  Offset 0x0010: 00 00 00 00 00 00 00 00 00 00 00 00 00 00 00 00 
---------------------------------------------------------------------------
Process: p191 | Page: 1 | Size: 32 bytes
  Offset 0x0000: 00 00 00 00 00 00 00 00 00 00 00 00 00 00 00 00 
  Offset 0x0010: 00 00 00 00 00 00 00 00 00 00 00 00 00 00 00 00 
---------------------------------------------------------------------------
Process: p192 | Page: 0 | Size: 32 bytes
  Offset 0x0000: 00 00 00 00 00 00 00 00 00 00 00 00 00 00 00 00 
  Offset 0x0010: 00 00 00 00 00 00 00 00 00 00 00 00 00 00 00 00 
---------------------------------------------------------------------------
Process: p192 | Page: 1 | Size: 32 bytes
  Offset 0x0000: 00 00 00 00 00 00 00 00 00 00 00 00 00 00 00 00 
  Offset 0x0010: 00 00 00 00 00 00 00 00 00 00 00 00 00 00 00 00 
---------------------------------------------------------------------------
Process: p193 | Page: 0 | Size: 32 bytes
  Offset 0x0000: 00 00 00 00 00 00 00 00 00 00 00 00 00 00 00 00 
  Offset 0x0010: 00 00 00 00 00 00 00 00 00 00 00 00 00 00 00 00 
---------------------------------------------------------------------------
Process: p193 | Page: 1 | Size: 32 bytes
  Offset 0x0000: 00 00 00 00 00 00 00 00 00 00 00 00 00 00 00 00 
  Offset 0x0010: 00 00 00 00 00 00 00 00 00 00 00 00 00 00 00 00 
---------------------------------------------------------------------------
Process: p194 | Page: 0 | Size: 32 bytes
  Offset 0x0000: 00 00 00 00 00 00 00 00 00 00 00 00 00 00 00 00 
  Offset 0x0010: 00 00 00 00 00 00 00 00 00 00 00 00 00 00 00 00 
---------------------------------------------------------------------------
Process: p194 | Page: 1 | Size: 32 bytes
  Offset 0x0000: 00 00 00 00 00 00 00 00 00 00 00 00 00 00 00 00 
  Offset 0x0010: 00 00 00 00 00 00 00 00 00 00 00 00 00 00 00 00 
---------------------------------------------------------------------------
Process: p195 | Page: 0 | Size: 32 bytes
  Offset 0x0000: 00 00 00 00 00 00 00 00 00 00 00 00 00 00 00 00 
  Offset 0x0010: 00 00 00 00 00 00 00 00 00 00 00 00 00 00 00 00 
---------------------------------------------------------------------------
Process: p195 | Page: 1 | Size: 32 bytes
  Offset 0x0000: 00 00 00 00 00 00 00 00 00 00 00 00 00 00 00 00 
  Offset 0x0010: 00 00 00 00 00 00 00 00 00 00 00 00 00 00 00 00 
---------------------------------------------------------------------------
Process: p196 | Page: 0 | Size: 32 bytes
  Offset 0x0000: 00 00 00 00 00 00 00 00 00 00 00 00 00 00 00 00 
  Offset 0x0010: 00 00 00 00 00 00 00 00 00 00 00 00 00 00 00 00 
---------------------------------------------------------------------------
Process: p196 | Page: 1 | Size: 32 bytes
  Offset 0x0000: 00 00 00 00 00 00 00 00 00 00 00 00 00 00 00 00 
  Offset 0x0010: 00 00 00 00 00 00 00 00 00 00 00 00 00 00 00 00 
---------------------------------------------------------------------------
Process: p197 | Page: 0 | Size: 32 bytes
  Offset 0x0000: 00 00 00 00 00 00 00 00 00 00 00 00 00 00 00 00 
  Offset 0x0010: 00 00 00 00 00 00 00 00 00 00 00 00 00 00 00 00 
---------------------------------------------------------------------------
Process: p197 | Page: 1 | Size: 32 bytes
  Offset 0x0000: 00 00 00 00 00 00 00 00 00 00 00 00 00 00 00 00 
  Offset 0x0010: 00 00 00 00 00 00 00 00 00 00 00 00 00 00 00 00 
---------------------------------------------------------------------------
Process: p198 | Page: 0 | Size: 32 bytes
  Offset 0x0000: 00 00 00 00 00 00 00 00 00 00 00 00 00 00 00 00 
  Offset 0x0010: 00 00 00 00 00 00 00 00 00 00 00 00 00 00 00 00 
---------------------------------------------------------------------------
Process: p198 | Page: 1 | Size: 32 bytes
  Offset 0x0000: 00 00 00 00 00 00 00 00 00 00 00 00 00 00 00 00 
  Offset 0x0010: 00 00 00 00 00 00 00 00 00 00 00 00 00 00 00 00 
---------------------------------------------------------------------------
Process: p199 | Page: 0 | Size: 32 bytes
  Offset 0x0000: 00 00 00 00 00 00 00 00 00 00 00 00 00 00 00 00 
  Offset 0x0010: 00 00 00 00 00 00 00 00 00 00 00 00 00 00 00 00 
---------------------------------------------------------------------------
Process: p199 | Page: 1 | Size: 32 bytes
  Offset 0x0000: 00 00 00 00 00 00 00 00 00 00 00 00 00 00 00 00 
  Offset 0x0010: 00 00 00 00 00 00 00 00 00 00 00 00 00 00 00 00 
---------------------------------------------------------------------------
Process: p20 | Page: 0 | Size: 32 bytes
  Offset 0x0000: 00 00 00 00 00 00 00 00 00 00 00 00 00 00 00 00 
  Offset 0x0010: 00 00 00 00 00 00 00 00 00 00 00 00 00 00 00 00 
---------------------------------------------------------------------------
Process: p20 | Page: 1 | Size: 32 bytes
  Offset 0x0000: 00 00 00 00 00 00 00 00 00 00 00 00 00 00 00 00 
  Offset 0x0010: 00 00 00 00 00 00 00 00 00 00 00 00 00 00 00 00 
---------------------------------------------------------------------------
Process: p200 | Page: 0 | Size: 32 bytes
  Offset 0x0000: 00 00 00 00 00 00 00 00 00 00 00 00 00 00 00 00 
  Offset 0x0010: 00 00 00 00 00 00 00 00 00 00 00 00 00 00 00 00 
---------------------------------------------------------------------------
Process: p200 | Page: 1 | Size: 32 bytes
  Offset 0x0000: 00 00 00 00 00 00 00 00 00 00 00 00 00 00 00 00 
  Offset 0x0010: 00 00 00 00 00 00 00 00 00 00 00 00 00 00 00 00 
---------------------------------------------------------------------------
Process: p201 | Page: 0 | Size: 32 bytes
  Offset 0x0000: 00 00 00 00 00 00 00 00 00 00 00 00 00 00 00 00 
  Offset 0x0010: 00 00 00 00 00 00 00 00 00 00 00 00 00 00 00 00 
---------------------------------------------------------------------------
Process: p201 | Page: 1 | Size: 32 bytes
  Offset 0x0000: 00 00 00 00 00 00 00 00 00 00 00 00 00 00 00 00 
  Offset 0x0010: 00 00 00 00 00 00 00 00 00 00 00 00 00 00 00 00 
---------------------------------------------------------------------------
Process: p202 | Page: 0 | Size: 32 bytes
  Offset 0x0000: 00 00 00 00 00 00 00 00 00 00 00 00 00 00 00 00 
  Offset 0x0010: 00 00 00 00 00 00 00 00 00 00 00 00 00 00 00 00 
---------------------------------------------------------------------------
Process: p202 | Page: 1 | Size: 32 bytes
  Offset 0x0000: 00 00 00 00 00 00 00 00 00 00 00 00 00 00 00 00 
  Offset 0x0010: 00 00 00 00 00 00 00 00 00 00 00 00 00 00 00 00 
---------------------------------------------------------------------------
Process: p203 | Page: 0 | Size: 32 bytes
  Offset 0x0000: 00 00 00 00 00 00 00 00 00 00 00 00 00 00 00 00 
  Offset 0x0010: 00 00 00 00 00 00 00 00 00 00 00 00 00 00 00 00 
---------------------------------------------------------------------------
Process: p203 | Page: 1 | Size: 32 bytes
  Offset 0x0000: 00 00 00 00 00 00 00 00 00 00 00 00 00 00 00 00 
  Offset 0x0010: 00 00 00 00 00 00 00 00 00 00 00 00 00 00 00 00 
---------------------------------------------------------------------------
Process: p204 | Page: 0 | Size: 32 bytes
  Offset 0x0000: 00 00 00 00 00 00 00 00 00 00 00 00 00 00 00 00 
  Offset 0x0010: 00 00 00 00 00 00 00 00 00 00 00 00 00 00 00 00 
---------------------------------------------------------------------------
Process: p204 | Page: 1 | Size: 32 bytes
  Offset 0x0000: 00 00 00 00 00 00 00 00 00 00 00 00 00 00 00 00 
  Offset 0x0010: 00 00 00 00 00 00 00 00 00 00 00 00 00 00 00 00 
---------------------------------------------------------------------------
Process: p205 | Page: 0 | Size: 32 bytes
  Offset 0x0000: 00 00 00 00 00 00 00 00 00 00 00 00 00 00 00 00 
  Offset 0x0010: 00 00 00 00 00 00 00 00 00 00 00 00 00 00 00 00 
---------------------------------------------------------------------------
Process: p205 | Page: 1 | Size: 32 bytes
  Offset 0x0000: 00 00 00 00 00 00 00 00 00 00 00 00 00 00 00 00 
  Offset 0x0010: 00 00 00 00 00 00 00 00 00 00 00 00 00 00 00 00 
---------------------------------------------------------------------------
Process: p206 | Page: 0 | Size: 32 bytes
  Offset 0x0000: 00 00 00 00 00 00 00 00 00 00 00 00 00 00 00 00 
  Offset 0x0010: 00 00 00 00 00 00 00 00 00 00 00 00 00 00 00 00 
---------------------------------------------------------------------------
Process: p206 | Page: 1 | Size: 32 bytes
  Offset 0x0000: 00 00 00 00 00 00 00 00 00 00 00 00 00 00 00 00 
  Offset 0x0010: 00 00 00 00 00 00 00 00 00 00 00 00 00 00 00 00 
---------------------------------------------------------------------------
Process: p207 | Page: 0 | Size: 32 bytes
  Offset 0x0000: 00 00 00 00 00 00 00 00 00 00 00 00 00 00 00 00 
  Offset 0x0010: 00 00 00 00 00 00 00 00 00 00 00 00 00 00 00 00 
---------------------------------------------------------------------------
Process: p207 | Page: 1 | Size: 32 bytes
  Offset 0x0000: 00 00 00 00 00 00 00 00 00 00 00 00 00 00 00 00 
  Offset 0x0010: 00 00 00 00 00 00 00 00 00 00 00 00 00 00 00 00 
---------------------------------------------------------------------------
Process: p208 | Page: 0 | Size: 32 bytes
  Offset 0x0000: 00 00 00 00 00 00 00 00 00 00 00 00 00 00 00 00 
  Offset 0x0010: 00 00 00 00 00 00 00 00 00 00 00 00 00 00 00 00 
---------------------------------------------------------------------------
Process: p208 | Page: 1 | Size: 32 bytes
  Offset 0x0000: 00 00 00 00 00 00 00 00 00 00 00 00 00 00 00 00 
  Offset 0x0010: 00 00 00 00 00 00 00 00 00 00 00 00 00 00 00 00 
---------------------------------------------------------------------------
Process: p209 | Page: 0 | Size: 32 bytes
  Offset 0x0000: 00 00 00 00 00 00 00 00 00 00 00 00 00 00 00 00 
  Offset 0x0010: 00 00 00 00 00 00 00 00 00 00 00 00 00 00 00 00 
---------------------------------------------------------------------------
Process: p209 | Page: 1 | Size: 32 bytes
  Offset 0x0000: 00 00 00 00 00 00 00 00 00 00 00 00 00 00 00 00 
  Offset 0x0010: 00 00 00 00 00 00 00 00 00 00 00 00 00 00 00 00 
---------------------------------------------------------------------------
Process: p21 | Page: 0 | Size: 32 bytes
  Offset 0x0000: 00 00 00 00 00 00 00 00 00 00 00 00 00 00 00 00 
  Offset 0x0010: 00 00 00 00 00 00 00 00 00 00 00 00 00 00 00 00 
---------------------------------------------------------------------------
Process: p21 | Page: 1 | Size: 32 bytes
  Offset 0x0000: 00 00 00 00 00 00 00 00 00 00 00 00 00 00 00 00 
  Offset 0x0010: 00 00 00 00 00 00 00 00 00 00 00 00 00 00 00 00 
---------------------------------------------------------------------------
Process: p210 | Page: 0 | Size: 32 bytes
  Offset 0x0000: 00 00 00 00 00 00 00 00 00 00 00 00 00 00 00 00 
  Offset 0x0010: 00 00 00 00 00 00 00 00 00 00 00 00 00 00 00 00 
---------------------------------------------------------------------------
Process: p210 | Page: 1 | Size: 32 bytes
  Offset 0x0000: 00 00 00 00 00 00 00 00 00 00 00 00 00 00 00 00 
  Offset 0x0010: 00 00 00 00 00 00 00 00 00 00 00 00 00 00 00 00 
---------------------------------------------------------------------------
Process: p211 | Page: 0 | Size: 32 bytes
  Offset 0x0000: 00 00 00 00 00 00 00 00 00 00 00 00 00 00 00 00 
  Offset 0x0010: 00 00 00 00 00 00 00 00 00 00 00 00 00 00 00 00 
---------------------------------------------------------------------------
Process: p211 | Page: 1 | Size: 32 bytes
  Offset 0x0000: 00 00 00 00 00 00 00 00 00 00 00 00 00 00 00 00 
  Offset 0x0010: 00 00 00 00 00 00 00 00 00 00 00 00 00 00 00 00 
---------------------------------------------------------------------------
Process: p212 | Page: 0 | Size: 32 bytes
  Offset 0x0000: 00 00 00 00 00 00 00 00 00 00 00 00 00 00 00 00 
  Offset 0x0010: 00 00 00 00 00 00 00 00 00 00 00 00 00 00 00 00 
---------------------------------------------------------------------------
Process: p212 | Page: 1 | Size: 32 bytes
  Offset 0x0000: 00 00 00 00 00 00 00 00 00 00 00 00 00 00 00 00 
  Offset 0x0010: 00 00 00 00 00 00 00 00 00 00 00 00 00 00 00 00 
---------------------------------------------------------------------------
Process: p213 | Page: 0 | Size: 32 bytes
  Offset 0x0000: 00 00 00 00 00 00 00 00 00 00 00 00 00 00 00 00 
  Offset 0x0010: 00 00 00 00 00 00 00 00 00 00 00 00 00 00 00 00 
---------------------------------------------------------------------------
Process: p213 | Page: 1 | Size: 32 bytes
  Offset 0x0000: 00 00 00 00 00 00 00 00 00 00 00 00 00 00 00 00 
  Offset 0x0010: 00 00 00 00 00 00 00 00 00 00 00 00 00 00 00 00 
---------------------------------------------------------------------------
Process: p214 | Page: 0 | Size: 32 bytes
  Offset 0x0000: 00 00 00 00 00 00 00 00 00 00 00 00 00 00 00 00 
  Offset 0x0010: 00 00 00 00 00 00 00 00 00 00 00 00 00 00 00 00 
---------------------------------------------------------------------------
Process: p214 | Page: 1 | Size: 32 bytes
  Offset 0x0000: 00 00 00 00 00 00 00 00 00 00 00 00 00 00 00 00 
  Offset 0x0010: 00 00 00 00 00 00 00 00 00 00 00 00 00 00 00 00 
---------------------------------------------------------------------------
Process: p215 | Page: 0 | Size: 32 bytes
  Offset 0x0000: 00 00 00 00 00 00 00 00 00 00 00 00 00 00 00 00 
  Offset 0x0010: 00 00 00 00 00 00 00 00 00 00 00 00 00 00 00 00 
---------------------------------------------------------------------------
Process: p215 | Page: 1 | Size: 32 bytes
  Offset 0x0000: 00 00 00 00 00 00 00 00 00 00 00 00 00 00 00 00 
  Offset 0x0010: 00 00 00 00 00 00 00 00 00 00 00 00 00 00 00 00 
---------------------------------------------------------------------------
Process: p216 | Page: 0 | Size: 32 bytes
  Offset 0x0000: 00 00 00 00 00 00 00 00 00 00 00 00 00 00 00 00 
  Offset 0x0010: 00 00 00 00 00 00 00 00 00 00 00 00 00 00 00 00 
---------------------------------------------------------------------------
Process: p216 | Page: 1 | Size: 32 bytes
  Offset 0x0000: 00 00 00 00 00 00 00 00 00 00 00 00 00 00 00 00 
  Offset 0x0010: 00 00 00 00 00 00 00 00 00 00 00 00 00 00 00 00 
---------------------------------------------------------------------------
Process: p217 | Page: 0 | Size: 32 bytes
  Offset 0x0000: 00 00 00 00 00 00 00 00 00 00 00 00 00 00 00 00 
  Offset 0x0010: 00 00 00 00 00 00 00 00 00 00 00 00 00 00 00 00 
---------------------------------------------------------------------------
Process: p217 | Page: 1 | Size: 32 bytes
  Offset 0x0000: 00 00 00 00 00 00 00 00 00 00 00 00 00 00 00 00 
  Offset 0x0010: 00 00 00 00 00 00 00 00 00 00 00 00 00 00 00 00 
---------------------------------------------------------------------------
Process: p218 | Page: 0 | Size: 32 bytes
  Offset 0x0000: 00 00 00 00 00 00 00 00 00 00 00 00 00 00 00 00 
  Offset 0x0010: 00 00 00 00 00 00 00 00 00 00 00 00 00 00 00 00 
---------------------------------------------------------------------------
Process: p218 | Page: 1 | Size: 32 bytes
  Offset 0x0000: 00 00 00 00 00 00 00 00 00 00 00 00 00 00 00 00 
  Offset 0x0010: 00 00 00 00 00 00 00 00 00 00 00 00 00 00 00 00 
---------------------------------------------------------------------------
Process: p219 | Page: 0 | Size: 32 bytes
  Offset 0x0000: 00 00 00 00 00 00 00 00 00 00 00 00 00 00 00 00 
  Offset 0x0010: 00 00 00 00 00 00 00 00 00 00 00 00 00 00 00 00 
---------------------------------------------------------------------------
Process: p219 | Page: 1 | Size: 32 bytes
  Offset 0x0000: 00 00 00 00 00 00 00 00 00 00 00 00 00 00 00 00 
  Offset 0x0010: 00 00 00 00 00 00 00 00 00 00 00 00 00 00 00 00 
---------------------------------------------------------------------------
Process: p22 | Page: 0 | Size: 32 bytes
  Offset 0x0000: 00 00 00 00 00 00 00 00 00 00 00 00 00 00 00 00 
  Offset 0x0010: 00 00 00 00 00 00 00 00 00 00 00 00 00 00 00 00 
---------------------------------------------------------------------------
Process: p22 | Page: 1 | Size: 32 bytes
  Offset 0x0000: 00 00 00 00 00 00 00 00 00 00 00 00 00 00 00 00 
  Offset 0x0010: 00 00 00 00 00 00 00 00 00 00 00 00 00 00 00 00 
---------------------------------------------------------------------------
Process: p220 | Page: 0 | Size: 32 bytes
  Offset 0x0000: 00 00 00 00 00 00 00 00 00 00 00 00 00 00 00 00 
  Offset 0x0010: 00 00 00 00 00 00 00 00 00 00 00 00 00 00 00 00 
---------------------------------------------------------------------------
Process: p220 | Page: 1 | Size: 32 bytes
  Offset 0x0000: 00 00 00 00 00 00 00 00 00 00 00 00 00 00 00 00 
  Offset 0x0010: 00 00 00 00 00 00 00 00 00 00 00 00 00 00 00 00 
---------------------------------------------------------------------------
Process: p221 | Page: 0 | Size: 32 bytes
  Offset 0x0000: 00 00 00 00 00 00 00 00 00 00 00 00 00 00 00 00 
  Offset 0x0010: 00 00 00 00 00 00 00 00 00 00 00 00 00 00 00 00 
---------------------------------------------------------------------------
Process: p221 | Page: 1 | Size: 32 bytes
  Offset 0x0000: 00 00 00 00 00 00 00 00 00 00 00 00 00 00 00 00 
  Offset 0x0010: 00 00 00 00 00 00 00 00 00 00 00 00 00 00 00 00 
---------------------------------------------------------------------------
Process: p222 | Page: 0 | Size: 32 bytes
  Offset 0x0000: 00 00 00 00 00 00 00 00 00 00 00 00 00 00 00 00 
  Offset 0x0010: 00 00 00 00 00 00 00 00 00 00 00 00 00 00 00 00 
---------------------------------------------------------------------------
Process: p222 | Page: 1 | Size: 32 bytes
  Offset 0x0000: 00 00 00 00 00 00 00 00 00 00 00 00 00 00 00 00 
  Offset 0x0010: 00 00 00 00 00 00 00 00 00 00 00 00 00 00 00 00 
---------------------------------------------------------------------------
Process: p223 | Page: 0 | Size: 32 bytes
  Offset 0x0000: 00 00 00 00 00 00 00 00 00 00 00 00 00 00 00 00 
  Offset 0x0010: 00 00 00 00 00 00 00 00 00 00 00 00 00 00 00 00 
---------------------------------------------------------------------------
Process: p223 | Page: 1 | Size: 32 bytes
  Offset 0x0000: 00 00 00 00 00 00 00 00 00 00 00 00 00 00 00 00 
  Offset 0x0010: 00 00 00 00 00 00 00 00 00 00 00 00 00 00 00 00 
---------------------------------------------------------------------------
Process: p224 | Page: 0 | Size: 32 bytes
  Offset 0x0000: 00 00 00 00 00 00 00 00 00 00 00 00 00 00 00 00 
  Offset 0x0010: 00 00 00 00 00 00 00 00 00 00 00 00 00 00 00 00 
---------------------------------------------------------------------------
Process: p224 | Page: 1 | Size: 32 bytes
  Offset 0x0000: 00 00 00 00 00 00 00 00 00 00 00 00 00 00 00 00 
  Offset 0x0010: 00 00 00 00 00 00 00 00 00 00 00 00 00 00 00 00 
---------------------------------------------------------------------------
Process: p225 | Page: 0 | Size: 32 bytes
  Offset 0x0000: 00 00 00 00 00 00 00 00 00 00 00 00 00 00 00 00 
  Offset 0x0010: 00 00 00 00 00 00 00 00 00 00 00 00 00 00 00 00 
---------------------------------------------------------------------------
Process: p225 | Page: 1 | Size: 32 bytes
  Offset 0x0000: 00 00 00 00 00 00 00 00 00 00 00 00 00 00 00 00 
  Offset 0x0010: 00 00 00 00 00 00 00 00 00 00 00 00 00 00 00 00 
---------------------------------------------------------------------------
Process: p226 | Page: 0 | Size: 32 bytes
  Offset 0x0000: 00 00 00 00 00 00 00 00 00 00 00 00 00 00 00 00 
  Offset 0x0010: 00 00 00 00 00 00 00 00 00 00 00 00 00 00 00 00 
---------------------------------------------------------------------------
Process: p226 | Page: 1 | Size: 32 bytes
  Offset 0x0000: 00 00 00 00 00 00 00 00 00 00 00 00 00 00 00 00 
  Offset 0x0010: 00 00 00 00 00 00 00 00 00 00 00 00 00 00 00 00 
---------------------------------------------------------------------------
Process: p227 | Page: 0 | Size: 32 bytes
  Offset 0x0000: 00 00 00 00 00 00 00 00 00 00 00 00 00 00 00 00 
  Offset 0x0010: 00 00 00 00 00 00 00 00 00 00 00 00 00 00 00 00 
---------------------------------------------------------------------------
Process: p227 | Page: 1 | Size: 32 bytes
  Offset 0x0000: 00 00 00 00 00 00 00 00 00 00 00 00 00 00 00 00 
  Offset 0x0010: 00 00 00 00 00 00 00 00 00 00 00 00 00 00 00 00 
---------------------------------------------------------------------------
Process: p228 | Page: 0 | Size: 32 bytes
  Offset 0x0000: 00 00 00 00 00 00 00 00 00 00 00 00 00 00 00 00 
  Offset 0x0010: 00 00 00 00 00 00 00 00 00 00 00 00 00 00 00 00 
---------------------------------------------------------------------------
Process: p228 | Page: 1 | Size: 32 bytes
  Offset 0x0000: 00 00 00 00 00 00 00 00 00 00 00 00 00 00 00 00 
  Offset 0x0010: 00 00 00 00 00 00 00 00 00 00 00 00 00 00 00 00 
---------------------------------------------------------------------------
Process: p229 | Page: 0 | Size: 32 bytes
  Offset 0x0000: 00 00 00 00 00 00 00 00 00 00 00 00 00 00 00 00 
  Offset 0x0010: 00 00 00 00 00 00 00 00 00 00 00 00 00 00 00 00 
---------------------------------------------------------------------------
Process: p229 | Page: 1 | Size: 32 bytes
  Offset 0x0000: 00 00 00 00 00 00 00 00 00 00 00 00 00 00 00 00 
  Offset 0x0010: 00 00 00 00 00 00 00 00 00 00 00 00 00 00 00 00 
---------------------------------------------------------------------------
Process: p23 | Page: 0 | Size: 32 bytes
  Offset 0x0000: 00 00 00 00 00 00 00 00 00 00 00 00 00 00 00 00 
  Offset 0x0010: 00 00 00 00 00 00 00 00 00 00 00 00 00 00 00 00 
---------------------------------------------------------------------------
Process: p23 | Page: 1 | Size: 32 bytes
  Offset 0x0000: 00 00 00 00 00 00 00 00 00 00 00 00 00 00 00 00 
  Offset 0x0010: 00 00 00 00 00 00 00 00 00 00 00 00 00 00 00 00 
---------------------------------------------------------------------------
Process: p230 | Page: 0 | Size: 32 bytes
  Offset 0x0000: 00 00 00 00 00 00 00 00 00 00 00 00 00 00 00 00 
  Offset 0x0010: 00 00 00 00 00 00 00 00 00 00 00 00 00 00 00 00 
---------------------------------------------------------------------------
Process: p230 | Page: 1 | Size: 32 bytes
  Offset 0x0000: 00 00 00 00 00 00 00 00 00 00 00 00 00 00 00 00 
  Offset 0x0010: 00 00 00 00 00 00 00 00 00 00 00 00 00 00 00 00 
---------------------------------------------------------------------------
Process: p231 | Page: 0 | Size: 32 bytes
  Offset 0x0000: 00 00 00 00 00 00 00 00 00 00 00 00 00 00 00 00 
  Offset 0x0010: 00 00 00 00 00 00 00 00 00 00 00 00 00 00 00 00 
---------------------------------------------------------------------------
Process: p231 | Page: 1 | Size: 32 bytes
  Offset 0x0000: 00 00 00 00 00 00 00 00 00 00 00 00 00 00 00 00 
  Offset 0x0010: 00 00 00 00 00 00 00 00 00 00 00 00 00 00 00 00 
---------------------------------------------------------------------------
Process: p232 | Page: 0 | Size: 32 bytes
  Offset 0x0000: 00 00 00 00 00 00 00 00 00 00 00 00 00 00 00 00 
  Offset 0x0010: 00 00 00 00 00 00 00 00 00 00 00 00 00 00 00 00 
---------------------------------------------------------------------------
Process: p232 | Page: 1 | Size: 32 bytes
  Offset 0x0000: 00 00 00 00 00 00 00 00 00 00 00 00 00 00 00 00 
  Offset 0x0010: 00 00 00 00 00 00 00 00 00 00 00 00 00 00 00 00 
---------------------------------------------------------------------------
Process: p233 | Page: 0 | Size: 32 bytes
  Offset 0x0000: 00 00 00 00 00 00 00 00 00 00 00 00 00 00 00 00 
  Offset 0x0010: 00 00 00 00 00 00 00 00 00 00 00 00 00 00 00 00 
---------------------------------------------------------------------------
Process: p233 | Page: 1 | Size: 32 bytes
  Offset 0x0000: 00 00 00 00 00 00 00 00 00 00 00 00 00 00 00 00 
  Offset 0x0010: 00 00 00 00 00 00 00 00 00 00 00 00 00 00 00 00 
---------------------------------------------------------------------------
Process: p234 | Page: 0 | Size: 32 bytes
  Offset 0x0000: 00 00 00 00 00 00 00 00 00 00 00 00 00 00 00 00 
  Offset 0x0010: 00 00 00 00 00 00 00 00 00 00 00 00 00 00 00 00 
---------------------------------------------------------------------------
Process: p234 | Page: 1 | Size: 32 bytes
  Offset 0x0000: 00 00 00 00 00 00 00 00 00 00 00 00 00 00 00 00 
  Offset 0x0010: 00 00 00 00 00 00 00 00 00 00 00 00 00 00 00 00 
---------------------------------------------------------------------------
Process: p235 | Page: 0 | Size: 32 bytes
  Offset 0x0000: 00 00 00 00 00 00 00 00 00 00 00 00 00 00 00 00 
  Offset 0x0010: 00 00 00 00 00 00 00 00 00 00 00 00 00 00 00 00 
---------------------------------------------------------------------------
Process: p235 | Page: 1 | Size: 32 bytes
  Offset 0x0000: 00 00 00 00 00 00 00 00 00 00 00 00 00 00 00 00 
  Offset 0x0010: 00 00 00 00 00 00 00 00 00 00 00 00 00 00 00 00 
---------------------------------------------------------------------------
Process: p236 | Page: 0 | Size: 32 bytes
  Offset 0x0000: 00 00 00 00 00 00 00 00 00 00 00 00 00 00 00 00 
  Offset 0x0010: 00 00 00 00 00 00 00 00 00 00 00 00 00 00 00 00 
---------------------------------------------------------------------------
Process: p236 | Page: 1 | Size: 32 bytes
  Offset 0x0000: 00 00 00 00 00 00 00 00 00 00 00 00 00 00 00 00 
  Offset 0x0010: 00 00 00 00 00 00 00 00 00 00 00 00 00 00 00 00 
---------------------------------------------------------------------------
Process: p237 | Page: 0 | Size: 32 bytes
  Offset 0x0000: 00 00 00 00 00 00 00 00 00 00 00 00 00 00 00 00 
  Offset 0x0010: 00 00 00 00 00 00 00 00 00 00 00 00 00 00 00 00 
---------------------------------------------------------------------------
Process: p237 | Page: 1 | Size: 32 bytes
  Offset 0x0000: 00 00 00 00 00 00 00 00 00 00 00 00 00 00 00 00 
  Offset 0x0010: 00 00 00 00 00 00 00 00 00 00 00 00 00 00 00 00 
---------------------------------------------------------------------------
Process: p238 | Page: 0 | Size: 32 bytes
  Offset 0x0000: 00 00 00 00 00 00 00 00 00 00 00 00 00 00 00 00 
  Offset 0x0010: 00 00 00 00 00 00 00 00 00 00 00 00 00 00 00 00 
---------------------------------------------------------------------------
Process: p238 | Page: 1 | Size: 32 bytes
  Offset 0x0000: 00 00 00 00 00 00 00 00 00 00 00 00 00 00 00 00 
  Offset 0x0010: 00 00 00 00 00 00 00 00 00 00 00 00 00 00 00 00 
---------------------------------------------------------------------------
Process: p239 | Page: 0 | Size: 32 bytes
  Offset 0x0000: 00 00 00 00 00 00 00 00 00 00 00 00 00 00 00 00 
  Offset 0x0010: 00 00 00 00 00 00 00 00 00 00 00 00 00 00 00 00 
---------------------------------------------------------------------------
Process: p239 | Page: 1 | Size: 32 bytes
  Offset 0x0000: 00 00 00 00 00 00 00 00 00 00 00 00 00 00 00 00 
  Offset 0x0010: 00 00 00 00 00 00 00 00 00 00 00 00 00 00 00 00 
---------------------------------------------------------------------------
Process: p24 | Page: 0 | Size: 32 bytes
  Offset 0x0000: 00 00 00 00 00 00 00 00 00 00 00 00 00 00 00 00 
  Offset 0x0010: 00 00 00 00 00 00 00 00 00 00 00 00 00 00 00 00 
---------------------------------------------------------------------------
Process: p24 | Page: 1 | Size: 32 bytes
  Offset 0x0000: 00 00 00 00 00 00 00 00 00 00 00 00 00 00 00 00 
  Offset 0x0010: 00 00 00 00 00 00 00 00 00 00 00 00 00 00 00 00 
---------------------------------------------------------------------------
Process: p240 | Page: 0 | Size: 32 bytes
  Offset 0x0000: 00 00 00 00 00 00 00 00 00 00 00 00 00 00 00 00 
  Offset 0x0010: 00 00 00 00 00 00 00 00 00 00 00 00 00 00 00 00 
---------------------------------------------------------------------------
Process: p240 | Page: 1 | Size: 32 bytes
  Offset 0x0000: 00 00 00 00 00 00 00 00 00 00 00 00 00 00 00 00 
  Offset 0x0010: 00 00 00 00 00 00 00 00 00 00 00 00 00 00 00 00 
---------------------------------------------------------------------------
Process: p241 | Page: 0 | Size: 32 bytes
  Offset 0x0000: 00 00 00 00 00 00 00 00 00 00 00 00 00 00 00 00 
  Offset 0x0010: 00 00 00 00 00 00 00 00 00 00 00 00 00 00 00 00 
---------------------------------------------------------------------------
Process: p241 | Page: 1 | Size: 32 bytes
  Offset 0x0000: 00 00 00 00 00 00 00 00 00 00 00 00 00 00 00 00 
  Offset 0x0010: 00 00 00 00 00 00 00 00 00 00 00 00 00 00 00 00 
---------------------------------------------------------------------------
Process: p242 | Page: 0 | Size: 32 bytes
  Offset 0x0000: 00 00 00 00 00 00 00 00 00 00 00 00 00 00 00 00 
  Offset 0x0010: 00 00 00 00 00 00 00 00 00 00 00 00 00 00 00 00 
---------------------------------------------------------------------------
Process: p242 | Page: 1 | Size: 32 bytes
  Offset 0x0000: 00 00 00 00 00 00 00 00 00 00 00 00 00 00 00 00 
  Offset 0x0010: 00 00 00 00 00 00 00 00 00 00 00 00 00 00 00 00 
---------------------------------------------------------------------------
Process: p243 | Page: 0 | Size: 32 bytes
  Offset 0x0000: 00 00 00 00 00 00 00 00 00 00 00 00 00 00 00 00 
  Offset 0x0010: 00 00 00 00 00 00 00 00 00 00 00 00 00 00 00 00 
---------------------------------------------------------------------------
Process: p243 | Page: 1 | Size: 32 bytes
  Offset 0x0000: 00 00 00 00 00 00 00 00 00 00 00 00 00 00 00 00 
  Offset 0x0010: 00 00 00 00 00 00 00 00 00 00 00 00 00 00 00 00 
---------------------------------------------------------------------------
Process: p244 | Page: 0 | Size: 32 bytes
  Offset 0x0000: 00 00 00 00 00 00 00 00 00 00 00 00 00 00 00 00 
  Offset 0x0010: 00 00 00 00 00 00 00 00 00 00 00 00 00 00 00 00 
---------------------------------------------------------------------------
Process: p244 | Page: 1 | Size: 32 bytes
  Offset 0x0000: 00 00 00 00 00 00 00 00 00 00 00 00 00 00 00 00 
  Offset 0x0010: 00 00 00 00 00 00 00 00 00 00 00 00 00 00 00 00 
---------------------------------------------------------------------------
Process: p245 | Page: 0 | Size: 32 bytes
  Offset 0x0000: 00 00 00 00 00 00 00 00 00 00 00 00 00 00 00 00 
  Offset 0x0010: 00 00 00 00 00 00 00 00 00 00 00 00 00 00 00 00 
---------------------------------------------------------------------------
Process: p245 | Page: 1 | Size: 32 bytes
  Offset 0x0000: 00 00 00 00 00 00 00 00 00 00 00 00 00 00 00 00 
  Offset 0x0010: 00 00 00 00 00 00 00 00 00 00 00 00 00 00 00 00 
---------------------------------------------------------------------------
Process: p246 | Page: 0 | Size: 32 bytes
  Offset 0x0000: 00 00 00 00 00 00 00 00 00 00 00 00 00 00 00 00 
  Offset 0x0010: 00 00 00 00 00 00 00 00 00 00 00 00 00 00 00 00 
---------------------------------------------------------------------------
Process: p246 | Page: 1 | Size: 32 bytes
  Offset 0x0000: 00 00 00 00 00 00 00 00 00 00 00 00 00 00 00 00 
  Offset 0x0010: 00 00 00 00 00 00 00 00 00 00 00 00 00 00 00 00 
---------------------------------------------------------------------------
Process: p247 | Page: 0 | Size: 32 bytes
  Offset 0x0000: 00 00 00 00 00 00 00 00 00 00 00 00 00 00 00 00 
  Offset 0x0010: 00 00 00 00 00 00 00 00 00 00 00 00 00 00 00 00 
---------------------------------------------------------------------------
Process: p247 | Page: 1 | Size: 32 bytes
  Offset 0x0000: 00 00 00 00 00 00 00 00 00 00 00 00 00 00 00 00 
  Offset 0x0010: 00 00 00 00 00 00 00 00 00 00 00 00 00 00 00 00 
---------------------------------------------------------------------------
Process: p248 | Page: 0 | Size: 32 bytes
  Offset 0x0000: 00 00 00 00 00 00 00 00 00 00 00 00 00 00 00 00 
  Offset 0x0010: 00 00 00 00 00 00 00 00 00 00 00 00 00 00 00 00 
---------------------------------------------------------------------------
Process: p248 | Page: 1 | Size: 32 bytes
  Offset 0x0000: 00 00 00 00 00 00 00 00 00 00 00 00 00 00 00 00 
  Offset 0x0010: 00 00 00 00 00 00 00 00 00 00 00 00 00 00 00 00 
---------------------------------------------------------------------------
Process: p249 | Page: 0 | Size: 32 bytes
  Offset 0x0000: 00 00 00 00 00 00 00 00 00 00 00 00 00 00 00 00 
  Offset 0x0010: 00 00 00 00 00 00 00 00 00 00 00 00 00 00 00 00 
---------------------------------------------------------------------------
Process: p249 | Page: 1 | Size: 32 bytes
  Offset 0x0000: 00 00 00 00 00 00 00 00 00 00 00 00 00 00 00 00 
  Offset 0x0010: 00 00 00 00 00 00 00 00 00 00 00 00 00 00 00 00 
---------------------------------------------------------------------------
Process: p25 | Page: 0 | Size: 32 bytes
  Offset 0x0000: 00 00 00 00 00 00 00 00 00 00 00 00 00 00 00 00 
  Offset 0x0010: 00 00 00 00 00 00 00 00 00 00 00 00 00 00 00 00 
---------------------------------------------------------------------------
Process: p25 | Page: 1 | Size: 32 bytes
  Offset 0x0000: 00 00 00 00 00 00 00 00 00 00 00 00 00 00 00 00 
  Offset 0x0010: 00 00 00 00 00 00 00 00 00 00 00 00 00 00 00 00 
---------------------------------------------------------------------------
Process: p250 | Page: 0 | Size: 32 bytes
  Offset 0x0000: 00 00 00 00 00 00 00 00 00 00 00 00 00 00 00 00 
  Offset 0x0010: 00 00 00 00 00 00 00 00 00 00 00 00 00 00 00 00 
---------------------------------------------------------------------------
Process: p250 | Page: 1 | Size: 32 bytes
  Offset 0x0000: 00 00 00 00 00 00 00 00 00 00 00 00 00 00 00 00 
  Offset 0x0010: 00 00 00 00 00 00 00 00 00 00 00 00 00 00 00 00 
---------------------------------------------------------------------------
Process: p251 | Page: 0 | Size: 32 bytes
  Offset 0x0000: 00 00 00 00 00 00 00 00 00 00 00 00 00 00 00 00 
  Offset 0x0010: 00 00 00 00 00 00 00 00 00 00 00 00 00 00 00 00 
---------------------------------------------------------------------------
Process: p251 | Page: 1 | Size: 32 bytes
  Offset 0x0000: 00 00 00 00 00 00 00 00 00 00 00 00 00 00 00 00 
  Offset 0x0010: 00 00 00 00 00 00 00 00 00 00 00 00 00 00 00 00 
---------------------------------------------------------------------------
Process: p26 | Page: 0 | Size: 32 bytes
  Offset 0x0000: 00 00 00 00 00 00 00 00 00 00 00 00 00 00 00 00 
  Offset 0x0010: 00 00 00 00 00 00 00 00 00 00 00 00 00 00 00 00 
---------------------------------------------------------------------------
Process: p26 | Page: 1 | Size: 32 bytes
  Offset 0x0000: 00 00 00 00 00 00 00 00 00 00 00 00 00 00 00 00 
  Offset 0x0010: 00 00 00 00 00 00 00 00 00 00 00 00 00 00 00 00 
---------------------------------------------------------------------------
Process: p303 | Page: 0 | Size: 32 bytes
  Offset 0x0000: 00 00 00 00 00 00 00 00 00 00 00 00 00 00 00 00 
  Offset 0x0010: 00 00 00 00 00 00 00 00 00 00 00 00 00 00 00 00 
---------------------------------------------------------------------------
Process: p303 | Page: 1 | Size: 32 bytes
  Offset 0x0000: 00 00 00 00 00 00 00 00 00 00 00 00 00 00 00 00 
  Offset 0x0010: 00 00 00 00 00 00 00 00 00 00 00 00 00 00 00 00 
---------------------------------------------------------------------------
Process: p304 | Page: 0 | Size: 32 bytes
  Offset 0x0000: 00 00 00 00 00 00 00 00 00 00 00 00 00 00 00 00 
  Offset 0x0010: 00 00 00 00 00 00 00 00 00 00 00 00 00 00 00 00 
---------------------------------------------------------------------------
Process: p304 | Page: 1 | Size: 32 bytes
  Offset 0x0000: 00 00 00 00 00 00 00 00 00 00 00 00 00 00 00 00 
  Offset 0x0010: 00 00 00 00 00 00 00 00 00 00 00 00 00 00 00 00 
---------------------------------------------------------------------------
Process: p305 | Page: 0 | Size: 32 bytes
  Offset 0x0000: 00 00 00 00 00 00 00 00 00 00 00 00 00 00 00 00 
  Offset 0x0010: 00 00 00 00 00 00 00 00 00 00 00 00 00 00 00 00 
---------------------------------------------------------------------------
Process: p305 | Page: 1 | Size: 32 bytes
  Offset 0x0000: 00 00 00 00 00 00 00 00 00 00 00 00 00 00 00 00 
  Offset 0x0010: 00 00 00 00 00 00 00 00 00 00 00 00 00 00 00 00 
---------------------------------------------------------------------------
Process: p306 | Page: 0 | Size: 32 bytes
  Offset 0x0000: 00 00 00 00 00 00 00 00 00 00 00 00 00 00 00 00 
  Offset 0x0010: 00 00 00 00 00 00 00 00 00 00 00 00 00 00 00 00 
---------------------------------------------------------------------------
Process: p306 | Page: 1 | Size: 32 bytes
  Offset 0x0000: 00 00 00 00 00 00 00 00 00 00 00 00 00 00 00 00 
  Offset 0x0010: 00 00 00 00 00 00 00 00 00 00 00 00 00 00 00 00 
---------------------------------------------------------------------------
Process: p307 | Page: 0 | Size: 32 bytes
  Offset 0x0000: 00 00 00 00 00 00 00 00 00 00 00 00 00 00 00 00 
  Offset 0x0010: 00 00 00 00 00 00 00 00 00 00 00 00 00 00 00 00 
---------------------------------------------------------------------------
Process: p307 | Page: 1 | Size: 32 bytes
  Offset 0x0000: 00 00 00 00 00 00 00 00 00 00 00 00 00 00 00 00 
  Offset 0x0010: 00 00 00 00 00 00 00 00 00 00 00 00 00 00 00 00 
---------------------------------------------------------------------------
Process: p308 | Page: 0 | Size: 32 bytes
  Offset 0x0000: 00 00 00 00 00 00 00 00 00 00 00 00 00 00 00 00 
  Offset 0x0010: 00 00 00 00 00 00 00 00 00 00 00 00 00 00 00 00 
---------------------------------------------------------------------------
Process: p308 | Page: 1 | Size: 32 bytes
  Offset 0x0000: 00 00 00 00 00 00 00 00 00 00 00 00 00 00 00 00 
  Offset 0x0010: 00 00 00 00 00 00 00 00 00 00 00 00 00 00 00 00 
---------------------------------------------------------------------------
Process: p309 | Page: 0 | Size: 32 bytes
  Offset 0x0000: 00 00 00 00 00 00 00 00 00 00 00 00 00 00 00 00 
  Offset 0x0010: 00 00 00 00 00 00 00 00 00 00 00 00 00 00 00 00 
---------------------------------------------------------------------------
Process: p309 | Page: 1 | Size: 32 bytes
  Offset 0x0000: 00 00 00 00 00 00 00 00 00 00 00 00 00 00 00 00 
  Offset 0x0010: 00 00 00 00 00 00 00 00 00 00 00 00 00 00 00 00 
---------------------------------------------------------------------------
Process: p310 | Page: 0 | Size: 32 bytes
  Offset 0x0000: 00 00 00 00 00 00 00 00 00 00 00 00 00 00 00 00 
  Offset 0x0010: 00 00 00 00 00 00 00 00 00 00 00 00 00 00 00 00 
---------------------------------------------------------------------------
Process: p310 | Page: 1 | Size: 32 bytes
  Offset 0x0000: 00 00 00 00 00 00 00 00 00 00 00 00 00 00 00 00 
  Offset 0x0010: 00 00 00 00 00 00 00 00 00 00 00 00 00 00 00 00 
---------------------------------------------------------------------------
Process: p311 | Page: 0 | Size: 32 bytes
  Offset 0x0000: 00 00 00 00 00 00 00 00 00 00 00 00 00 00 00 00 
  Offset 0x0010: 00 00 00 00 00 00 00 00 00 00 00 00 00 00 00 00 
---------------------------------------------------------------------------
Process: p311 | Page: 1 | Size: 32 bytes
  Offset 0x0000: 00 00 00 00 00 00 00 00 00 00 00 00 00 00 00 00 
  Offset 0x0010: 00 00 00 00 00 00 00 00 00 00 00 00 00 00 00 00 
---------------------------------------------------------------------------
Process: p312 | Page: 0 | Size: 32 bytes
  Offset 0x0000: 00 00 00 00 00 00 00 00 00 00 00 00 00 00 00 00 
  Offset 0x0010: 00 00 00 00 00 00 00 00 00 00 00 00 00 00 00 00 
---------------------------------------------------------------------------
Process: p312 | Page: 1 | Size: 32 bytes
  Offset 0x0000: 00 00 00 00 00 00 00 00 00 00 00 00 00 00 00 00 
  Offset 0x0010: 00 00 00 00 00 00 00 00 00 00 00 00 00 00 00 00 
---------------------------------------------------------------------------
Process: p313 | Page: 0 | Size: 32 bytes
  Offset 0x0000: 00 00 00 00 00 00 00 00 00 00 00 00 00 00 00 00 
  Offset 0x0010: 00 00 00 00 00 00 00 00 00 00 00 00 00 00 00 00 
---------------------------------------------------------------------------
Process: p313 | Page: 1 | Size: 32 bytes
  Offset 0x0000: 00 00 00 00 00 00 00 00 00 00 00 00 00 00 00 00 
  Offset 0x0010: 00 00 00 00 00 00 00 00 00 00 00 00 00 00 00 00 
---------------------------------------------------------------------------
Process: p314 | Page: 0 | Size: 32 bytes
  Offset 0x0000: 00 00 00 00 00 00 00 00 00 00 00 00 00 00 00 00 
  Offset 0x0010: 00 00 00 00 00 00 00 00 00 00 00 00 00 00 00 00 
---------------------------------------------------------------------------
Process: p314 | Page: 1 | Size: 32 bytes
  Offset 0x0000: 00 00 00 00 00 00 00 00 00 00 00 00 00 00 00 00 
  Offset 0x0010: 00 00 00 00 00 00 00 00 00 00 00 00 00 00 00 00 
---------------------------------------------------------------------------
Process: p315 | Page: 0 | Size: 32 bytes
  Offset 0x0000: 00 00 00 00 00 00 00 00 00 00 00 00 00 00 00 00 
  Offset 0x0010: 00 00 00 00 00 00 00 00 00 00 00 00 00 00 00 00 
---------------------------------------------------------------------------
Process: p315 | Page: 1 | Size: 32 bytes
  Offset 0x0000: 00 00 00 00 00 00 00 00 00 00 00 00 00 00 00 00 
  Offset 0x0010: 00 00 00 00 00 00 00 00 00 00 00 00 00 00 00 00 
---------------------------------------------------------------------------
Process: p316 | Page: 0 | Size: 32 bytes
  Offset 0x0000: 00 00 00 00 00 00 00 00 00 00 00 00 00 00 00 00 
  Offset 0x0010: 00 00 00 00 00 00 00 00 00 00 00 00 00 00 00 00 
---------------------------------------------------------------------------
Process: p316 | Page: 1 | Size: 32 bytes
  Offset 0x0000: 00 00 00 00 00 00 00 00 00 00 00 00 00 00 00 00 
  Offset 0x0010: 00 00 00 00 00 00 00 00 00 00 00 00 00 00 00 00 
---------------------------------------------------------------------------
Process: p317 | Page: 0 | Size: 32 bytes
  Offset 0x0000: 00 00 00 00 00 00 00 00 00 00 00 00 00 00 00 00 
  Offset 0x0010: 00 00 00 00 00 00 00 00 00 00 00 00 00 00 00 00 
---------------------------------------------------------------------------
Process: p317 | Page: 1 | Size: 32 bytes
  Offset 0x0000: 00 00 00 00 00 00 00 00 00 00 00 00 00 00 00 00 
  Offset 0x0010: 00 00 00 00 00 00 00 00 00 00 00 00 00 00 00 00 
---------------------------------------------------------------------------
Process: p318 | Page: 0 | Size: 32 bytes
  Offset 0x0000: 00 00 00 00 00 00 00 00 00 00 00 00 00 00 00 00 
  Offset 0x0010: 00 00 00 00 00 00 00 00 00 00 00 00 00 00 00 00 
---------------------------------------------------------------------------
Process: p318 | Page: 1 | Size: 32 bytes
  Offset 0x0000: 00 00 00 00 00 00 00 00 00 00 00 00 00 00 00 00 
  Offset 0x0010: 00 00 00 00 00 00 00 00 00 00 00 00 00 00 00 00 
---------------------------------------------------------------------------
Process: p319 | Page: 0 | Size: 32 bytes
  Offset 0x0000: 00 00 00 00 00 00 00 00 00 00 00 00 00 00 00 00 
  Offset 0x0010: 00 00 00 00 00 00 00 00 00 00 00 00 00 00 00 00 
---------------------------------------------------------------------------
Process: p319 | Page: 1 | Size: 32 bytes
  Offset 0x0000: 00 00 00 00 00 00 00 00 00 00 00 00 00 00 00 00 
  Offset 0x0010: 00 00 00 00 00 00 00 00 00 00 00 00 00 00 00 00 
---------------------------------------------------------------------------
Process: p32 | Page: 0 | Size: 32 bytes
  Offset 0x0000: 00 00 00 00 00 00 00 00 00 00 00 00 00 00 00 00 
  Offset 0x0010: 00 00 00 00 00 00 00 00 00 00 00 00 00 00 00 00 
---------------------------------------------------------------------------
Process: p32 | Page: 1 | Size: 32 bytes
  Offset 0x0000: 00 00 00 00 00 00 00 00 00 00 00 00 00 00 00 00 
  Offset 0x0010: 00 00 00 00 00 00 00 00 00 00 00 00 00 00 00 00 
---------------------------------------------------------------------------
Process: p320 | Page: 0 | Size: 32 bytes
  Offset 0x0000: 00 00 00 00 00 00 00 00 00 00 00 00 00 00 00 00 
  Offset 0x0010: 00 00 00 00 00 00 00 00 00 00 00 00 00 00 00 00 
---------------------------------------------------------------------------
Process: p320 | Page: 1 | Size: 32 bytes
  Offset 0x0000: 00 00 00 00 00 00 00 00 00 00 00 00 00 00 00 00 
  Offset 0x0010: 00 00 00 00 00 00 00 00 00 00 00 00 00 00 00 00 
---------------------------------------------------------------------------
Process: p321 | Page: 0 | Size: 32 bytes
  Offset 0x0000: 00 00 00 00 00 00 00 00 00 00 00 00 00 00 00 00 
  Offset 0x0010: 00 00 00 00 00 00 00 00 00 00 00 00 00 00 00 00 
---------------------------------------------------------------------------
Process: p321 | Page: 1 | Size: 32 bytes
  Offset 0x0000: 00 00 00 00 00 00 00 00 00 00 00 00 00 00 00 00 
  Offset 0x0010: 00 00 00 00 00 00 00 00 00 00 00 00 00 00 00 00 
---------------------------------------------------------------------------
Process: p322 | Page: 0 | Size: 32 bytes
  Offset 0x0000: 00 00 00 00 00 00 00 00 00 00 00 00 00 00 00 00 
  Offset 0x0010: 00 00 00 00 00 00 00 00 00 00 00 00 00 00 00 00 
---------------------------------------------------------------------------
Process: p322 | Page: 1 | Size: 32 bytes
  Offset 0x0000: 00 00 00 00 00 00 00 00 00 00 00 00 00 00 00 00 
  Offset 0x0010: 00 00 00 00 00 00 00 00 00 00 00 00 00 00 00 00 
---------------------------------------------------------------------------
Process: p323 | Page: 0 | Size: 32 bytes
  Offset 0x0000: 00 00 00 00 00 00 00 00 00 00 00 00 00 00 00 00 
  Offset 0x0010: 00 00 00 00 00 00 00 00 00 00 00 00 00 00 00 00 
---------------------------------------------------------------------------
Process: p323 | Page: 1 | Size: 32 bytes
  Offset 0x0000: 00 00 00 00 00 00 00 00 00 00 00 00 00 00 00 00 
  Offset 0x0010: 00 00 00 00 00 00 00 00 00 00 00 00 00 00 00 00 
---------------------------------------------------------------------------
Process: p324 | Page: 0 | Size: 32 bytes
  Offset 0x0000: 00 00 00 00 00 00 00 00 00 00 00 00 00 00 00 00 
  Offset 0x0010: 00 00 00 00 00 00 00 00 00 00 00 00 00 00 00 00 
---------------------------------------------------------------------------
Process: p324 | Page: 1 | Size: 32 bytes
  Offset 0x0000: 00 00 00 00 00 00 00 00 00 00 00 00 00 00 00 00 
  Offset 0x0010: 00 00 00 00 00 00 00 00 00 00 00 00 00 00 00 00 
---------------------------------------------------------------------------
Process: p325 | Page: 0 | Size: 32 bytes
  Offset 0x0000: 00 00 00 00 00 00 00 00 00 00 00 00 00 00 00 00 
  Offset 0x0010: 00 00 00 00 00 00 00 00 00 00 00 00 00 00 00 00 
---------------------------------------------------------------------------
Process: p325 | Page: 1 | Size: 32 bytes
  Offset 0x0000: 00 00 00 00 00 00 00 00 00 00 00 00 00 00 00 00 
  Offset 0x0010: 00 00 00 00 00 00 00 00 00 00 00 00 00 00 00 00 
---------------------------------------------------------------------------
Process: p326 | Page: 0 | Size: 32 bytes
  Offset 0x0000: 00 00 00 00 00 00 00 00 00 00 00 00 00 00 00 00 
  Offset 0x0010: 00 00 00 00 00 00 00 00 00 00 00 00 00 00 00 00 
---------------------------------------------------------------------------
Process: p326 | Page: 1 | Size: 32 bytes
  Offset 0x0000: 00 00 00 00 00 00 00 00 00 00 00 00 00 00 00 00 
  Offset 0x0010: 00 00 00 00 00 00 00 00 00 00 00 00 00 00 00 00 
---------------------------------------------------------------------------
Process: p327 | Page: 0 | Size: 32 bytes
  Offset 0x0000: 00 00 00 00 00 00 00 00 00 00 00 00 00 00 00 00 
  Offset 0x0010: 00 00 00 00 00 00 00 00 00 00 00 00 00 00 00 00 
---------------------------------------------------------------------------
Process: p327 | Page: 1 | Size: 32 bytes
  Offset 0x0000: 00 00 00 00 00 00 00 00 00 00 00 00 00 00 00 00 
  Offset 0x0010: 00 00 00 00 00 00 00 00 00 00 00 00 00 00 00 00 
---------------------------------------------------------------------------
Process: p328 | Page: 0 | Size: 32 bytes
  Offset 0x0000: 00 00 00 00 00 00 00 00 00 00 00 00 00 00 00 00 
  Offset 0x0010: 00 00 00 00 00 00 00 00 00 00 00 00 00 00 00 00 
---------------------------------------------------------------------------
Process: p328 | Page: 1 | Size: 32 bytes
  Offset 0x0000: 00 00 00 00 00 00 00 00 00 00 00 00 00 00 00 00 
  Offset 0x0010: 00 00 00 00 00 00 00 00 00 00 00 00 00 00 00 00 
---------------------------------------------------------------------------
Process: p329 | Page: 0 | Size: 32 bytes
  Offset 0x0000: 00 00 00 00 00 00 00 00 00 00 00 00 00 00 00 00 
  Offset 0x0010: 00 00 00 00 00 00 00 00 00 00 00 00 00 00 00 00 
---------------------------------------------------------------------------
Process: p329 | Page: 1 | Size: 32 bytes
  Offset 0x0000: 00 00 00 00 00 00 00 00 00 00 00 00 00 00 00 00 
  Offset 0x0010: 00 00 00 00 00 00 00 00 00 00 00 00 00 00 00 00 
---------------------------------------------------------------------------
Process: p33 | Page: 0 | Size: 32 bytes
  Offset 0x0000: 00 00 00 00 00 00 00 00 00 00 00 00 00 00 00 00 
  Offset 0x0010: 00 00 00 00 00 00 00 00 00 00 00 00 00 00 00 00 
---------------------------------------------------------------------------
Process: p33 | Page: 1 | Size: 32 bytes
  Offset 0x0000: 00 00 00 00 00 00 00 00 00 00 00 00 00 00 00 00 
  Offset 0x0010: 00 00 00 00 00 00 00 00 00 00 00 00 00 00 00 00 
---------------------------------------------------------------------------
Process: p330 | Page: 0 | Size: 32 bytes
  Offset 0x0000: 00 00 00 00 00 00 00 00 00 00 00 00 00 00 00 00 
  Offset 0x0010: 00 00 00 00 00 00 00 00 00 00 00 00 00 00 00 00 
---------------------------------------------------------------------------
Process: p330 | Page: 1 | Size: 32 bytes
  Offset 0x0000: 00 00 00 00 00 00 00 00 00 00 00 00 00 00 00 00 
  Offset 0x0010: 00 00 00 00 00 00 00 00 00 00 00 00 00 00 00 00 
---------------------------------------------------------------------------
Process: p331 | Page: 0 | Size: 32 bytes
  Offset 0x0000: 00 00 00 00 00 00 00 00 00 00 00 00 00 00 00 00 
  Offset 0x0010: 00 00 00 00 00 00 00 00 00 00 00 00 00 00 00 00 
---------------------------------------------------------------------------
Process: p331 | Page: 1 | Size: 32 bytes
  Offset 0x0000: 00 00 00 00 00 00 00 00 00 00 00 00 00 00 00 00 
  Offset 0x0010: 00 00 00 00 00 00 00 00 00 00 00 00 00 00 00 00 
---------------------------------------------------------------------------
Process: p332 | Page: 0 | Size: 32 bytes
  Offset 0x0000: 00 00 00 00 00 00 00 00 00 00 00 00 00 00 00 00 
  Offset 0x0010: 00 00 00 00 00 00 00 00 00 00 00 00 00 00 00 00 
---------------------------------------------------------------------------
Process: p332 | Page: 1 | Size: 32 bytes
  Offset 0x0000: 00 00 00 00 00 00 00 00 00 00 00 00 00 00 00 00 
  Offset 0x0010: 00 00 00 00 00 00 00 00 00 00 00 00 00 00 00 00 
---------------------------------------------------------------------------
Process: p333 | Page: 0 | Size: 32 bytes
  Offset 0x0000: 00 00 00 00 00 00 00 00 00 00 00 00 00 00 00 00 
  Offset 0x0010: 00 00 00 00 00 00 00 00 00 00 00 00 00 00 00 00 
---------------------------------------------------------------------------
Process: p333 | Page: 1 | Size: 32 bytes
  Offset 0x0000: 00 00 00 00 00 00 00 00 00 00 00 00 00 00 00 00 
  Offset 0x0010: 00 00 00 00 00 00 00 00 00 00 00 00 00 00 00 00 
---------------------------------------------------------------------------
Process: p334 | Page: 0 | Size: 32 bytes
  Offset 0x0000: 00 00 00 00 00 00 00 00 00 00 00 00 00 00 00 00 
  Offset 0x0010: 00 00 00 00 00 00 00 00 00 00 00 00 00 00 00 00 
---------------------------------------------------------------------------
Process: p334 | Page: 1 | Size: 32 bytes
  Offset 0x0000: 00 00 00 00 00 00 00 00 00 00 00 00 00 00 00 00 
  Offset 0x0010: 00 00 00 00 00 00 00 00 00 00 00 00 00 00 00 00 
---------------------------------------------------------------------------
Process: p335 | Page: 0 | Size: 32 bytes
  Offset 0x0000: 00 00 00 00 00 00 00 00 00 00 00 00 00 00 00 00 
  Offset 0x0010: 00 00 00 00 00 00 00 00 00 00 00 00 00 00 00 00 
---------------------------------------------------------------------------
Process: p335 | Page: 1 | Size: 32 bytes
  Offset 0x0000: 00 00 00 00 00 00 00 00 00 00 00 00 00 00 00 00 
  Offset 0x0010: 00 00 00 00 00 00 00 00 00 00 00 00 00 00 00 00 
---------------------------------------------------------------------------
Process: p336 | Page: 0 | Size: 32 bytes
  Offset 0x0000: 00 00 00 00 00 00 00 00 00 00 00 00 00 00 00 00 
  Offset 0x0010: 00 00 00 00 00 00 00 00 00 00 00 00 00 00 00 00 
---------------------------------------------------------------------------
Process: p336 | Page: 1 | Size: 32 bytes
  Offset 0x0000: 00 00 00 00 00 00 00 00 00 00 00 00 00 00 00 00 
  Offset 0x0010: 00 00 00 00 00 00 00 00 00 00 00 00 00 00 00 00 
---------------------------------------------------------------------------
Process: p337 | Page: 0 | Size: 32 bytes
  Offset 0x0000: 00 00 00 00 00 00 00 00 00 00 00 00 00 00 00 00 
  Offset 0x0010: 00 00 00 00 00 00 00 00 00 00 00 00 00 00 00 00 
---------------------------------------------------------------------------
Process: p337 | Page: 1 | Size: 32 bytes
  Offset 0x0000: 00 00 00 00 00 00 00 00 00 00 00 00 00 00 00 00 
  Offset 0x0010: 00 00 00 00 00 00 00 00 00 00 00 00 00 00 00 00 
---------------------------------------------------------------------------
Process: p338 | Page: 0 | Size: 32 bytes
  Offset 0x0000: 00 00 00 00 00 00 00 00 00 00 00 00 00 00 00 00 
  Offset 0x0010: 00 00 00 00 00 00 00 00 00 00 00 00 00 00 00 00 
---------------------------------------------------------------------------
Process: p338 | Page: 1 | Size: 32 bytes
  Offset 0x0000: 00 00 00 00 00 00 00 00 00 00 00 00 00 00 00 00 
  Offset 0x0010: 00 00 00 00 00 00 00 00 00 00 00 00 00 00 00 00 
---------------------------------------------------------------------------
Process: p339 | Page: 0 | Size: 32 bytes
  Offset 0x0000: 00 00 00 00 00 00 00 00 00 00 00 00 00 00 00 00 
  Offset 0x0010: 00 00 00 00 00 00 00 00 00 00 00 00 00 00 00 00 
---------------------------------------------------------------------------
Process: p339 | Page: 1 | Size: 32 bytes
  Offset 0x0000: 00 00 00 00 00 00 00 00 00 00 00 00 00 00 00 00 
  Offset 0x0010: 00 00 00 00 00 00 00 00 00 00 00 00 00 00 00 00 
---------------------------------------------------------------------------
Process: p34 | Page: 0 | Size: 32 bytes
  Offset 0x0000: 00 00 00 00 00 00 00 00 00 00 00 00 00 00 00 00 
  Offset 0x0010: 00 00 00 00 00 00 00 00 00 00 00 00 00 00 00 00 
---------------------------------------------------------------------------
Process: p34 | Page: 1 | Size: 32 bytes
  Offset 0x0000: 00 00 00 00 00 00 00 00 00 00 00 00 00 00 00 00 
  Offset 0x0010: 00 00 00 00 00 00 00 00 00 00 00 00 00 00 00 00 
---------------------------------------------------------------------------
Process: p340 | Page: 0 | Size: 32 bytes
  Offset 0x0000: 00 00 00 00 00 00 00 00 00 00 00 00 00 00 00 00 
  Offset 0x0010: 00 00 00 00 00 00 00 00 00 00 00 00 00 00 00 00 
---------------------------------------------------------------------------
Process: p340 | Page: 1 | Size: 32 bytes
  Offset 0x0000: 00 00 00 00 00 00 00 00 00 00 00 00 00 00 00 00 
  Offset 0x0010: 00 00 00 00 00 00 00 00 00 00 00 00 00 00 00 00 
---------------------------------------------------------------------------
Process: p341 | Page: 0 | Size: 32 bytes
  Offset 0x0000: 00 00 00 00 00 00 00 00 00 00 00 00 00 00 00 00 
  Offset 0x0010: 00 00 00 00 00 00 00 00 00 00 00 00 00 00 00 00 
---------------------------------------------------------------------------
Process: p341 | Page: 1 | Size: 32 bytes
  Offset 0x0000: 00 00 00 00 00 00 00 00 00 00 00 00 00 00 00 00 
  Offset 0x0010: 00 00 00 00 00 00 00 00 00 00 00 00 00 00 00 00 
---------------------------------------------------------------------------
Process: p342 | Page: 0 | Size: 32 bytes
  Offset 0x0000: 00 00 00 00 00 00 00 00 00 00 00 00 00 00 00 00 
  Offset 0x0010: 00 00 00 00 00 00 00 00 00 00 00 00 00 00 00 00 
---------------------------------------------------------------------------
Process: p342 | Page: 1 | Size: 32 bytes
  Offset 0x0000: 00 00 00 00 00 00 00 00 00 00 00 00 00 00 00 00 
  Offset 0x0010: 00 00 00 00 00 00 00 00 00 00 00 00 00 00 00 00 
---------------------------------------------------------------------------
Process: p343 | Page: 0 | Size: 32 bytes
  Offset 0x0000: 00 00 00 00 00 00 00 00 00 00 00 00 00 00 00 00 
  Offset 0x0010: 00 00 00 00 00 00 00 00 00 00 00 00 00 00 00 00 
---------------------------------------------------------------------------
Process: p343 | Page: 1 | Size: 32 bytes
  Offset 0x0000: 00 00 00 00 00 00 00 00 00 00 00 00 00 00 00 00 
  Offset 0x0010: 00 00 00 00 00 00 00 00 00 00 00 00 00 00 00 00 
---------------------------------------------------------------------------
Process: p344 | Page: 0 | Size: 32 bytes
  Offset 0x0000: 00 00 00 00 00 00 00 00 00 00 00 00 00 00 00 00 
  Offset 0x0010: 00 00 00 00 00 00 00 00 00 00 00 00 00 00 00 00 
---------------------------------------------------------------------------
Process: p344 | Page: 1 | Size: 32 bytes
  Offset 0x0000: 00 00 00 00 00 00 00 00 00 00 00 00 00 00 00 00 
  Offset 0x0010: 00 00 00 00 00 00 00 00 00 00 00 00 00 00 00 00 
---------------------------------------------------------------------------
Process: p345 | Page: 0 | Size: 32 bytes
  Offset 0x0000: 00 00 00 00 00 00 00 00 00 00 00 00 00 00 00 00 
  Offset 0x0010: 00 00 00 00 00 00 00 00 00 00 00 00 00 00 00 00 
---------------------------------------------------------------------------
Process: p345 | Page: 1 | Size: 32 bytes
  Offset 0x0000: 00 00 00 00 00 00 00 00 00 00 00 00 00 00 00 00 
  Offset 0x0010: 00 00 00 00 00 00 00 00 00 00 00 00 00 00 00 00 
---------------------------------------------------------------------------
Process: p346 | Page: 0 | Size: 32 bytes
  Offset 0x0000: 00 00 00 00 00 00 00 00 00 00 00 00 00 00 00 00 
  Offset 0x0010: 00 00 00 00 00 00 00 00 00 00 00 00 00 00 00 00 
---------------------------------------------------------------------------
Process: p346 | Page: 1 | Size: 32 bytes
  Offset 0x0000: 00 00 00 00 00 00 00 00 00 00 00 00 00 00 00 00 
  Offset 0x0010: 00 00 00 00 00 00 00 00 00 00 00 00 00 00 00 00 
---------------------------------------------------------------------------
Process: p347 | Page: 0 | Size: 32 bytes
  Offset 0x0000: 00 00 00 00 00 00 00 00 00 00 00 00 00 00 00 00 
  Offset 0x0010: 00 00 00 00 00 00 00 00 00 00 00 00 00 00 00 00 
---------------------------------------------------------------------------
Process: p347 | Page: 1 | Size: 32 bytes
  Offset 0x0000: 00 00 00 00 00 00 00 00 00 00 00 00 00 00 00 00 
  Offset 0x0010: 00 00 00 00 00 00 00 00 00 00 00 00 00 00 00 00 
---------------------------------------------------------------------------
Process: p348 | Page: 0 | Size: 32 bytes
  Offset 0x0000: 00 00 00 00 00 00 00 00 00 00 00 00 00 00 00 00 
  Offset 0x0010: 00 00 00 00 00 00 00 00 00 00 00 00 00 00 00 00 
---------------------------------------------------------------------------
Process: p348 | Page: 1 | Size: 32 bytes
  Offset 0x0000: 00 00 00 00 00 00 00 00 00 00 00 00 00 00 00 00 
  Offset 0x0010: 00 00 00 00 00 00 00 00 00 00 00 00 00 00 00 00 
---------------------------------------------------------------------------
Process: p349 | Page: 0 | Size: 32 bytes
  Offset 0x0000: 00 00 00 00 00 00 00 00 00 00 00 00 00 00 00 00 
  Offset 0x0010: 00 00 00 00 00 00 00 00 00 00 00 00 00 00 00 00 
---------------------------------------------------------------------------
Process: p349 | Page: 1 | Size: 32 bytes
  Offset 0x0000: 00 00 00 00 00 00 00 00 00 00 00 00 00 00 00 00 
  Offset 0x0010: 00 00 00 00 00 00 00 00 00 00 00 00 00 00 00 00 
---------------------------------------------------------------------------
Process: p35 | Page: 0 | Size: 32 bytes
  Offset 0x0000: 00 00 00 00 00 00 00 00 00 00 00 00 00 00 00 00 
  Offset 0x0010: 00 00 00 00 00 00 00 00 00 00 00 00 00 00 00 00 
---------------------------------------------------------------------------
Process: p35 | Page: 1 | Size: 32 bytes
  Offset 0x0000: 00 00 00 00 00 00 00 00 00 00 00 00 00 00 00 00 
  Offset 0x0010: 00 00 00 00 00 00 00 00 00 00 00 00 00 00 00 00 
---------------------------------------------------------------------------
Process: p350 | Page: 0 | Size: 32 bytes
  Offset 0x0000: 00 00 00 00 00 00 00 00 00 00 00 00 00 00 00 00 
  Offset 0x0010: 00 00 00 00 00 00 00 00 00 00 00 00 00 00 00 00 
---------------------------------------------------------------------------
Process: p350 | Page: 1 | Size: 32 bytes
  Offset 0x0000: 00 00 00 00 00 00 00 00 00 00 00 00 00 00 00 00 
  Offset 0x0010: 00 00 00 00 00 00 00 00 00 00 00 00 00 00 00 00 
---------------------------------------------------------------------------
Process: p351 | Page: 0 | Size: 32 bytes
  Offset 0x0000: 00 00 00 00 00 00 00 00 00 00 00 00 00 00 00 00 
  Offset 0x0010: 00 00 00 00 00 00 00 00 00 00 00 00 00 00 00 00 
---------------------------------------------------------------------------
Process: p351 | Page: 1 | Size: 32 bytes
  Offset 0x0000: 00 00 00 00 00 00 00 00 00 00 00 00 00 00 00 00 
  Offset 0x0010: 00 00 00 00 00 00 00 00 00 00 00 00 00 00 00 00 
---------------------------------------------------------------------------
Process: p352 | Page: 0 | Size: 32 bytes
  Offset 0x0000: 00 00 00 00 00 00 00 00 00 00 00 00 00 00 00 00 
  Offset 0x0010: 00 00 00 00 00 00 00 00 00 00 00 00 00 00 00 00 
---------------------------------------------------------------------------
Process: p352 | Page: 1 | Size: 32 bytes
  Offset 0x0000: 00 00 00 00 00 00 00 00 00 00 00 00 00 00 00 00 
  Offset 0x0010: 00 00 00 00 00 00 00 00 00 00 00 00 00 00 00 00 
---------------------------------------------------------------------------
Process: p353 | Page: 0 | Size: 32 bytes
  Offset 0x0000: 00 00 00 00 00 00 00 00 00 00 00 00 00 00 00 00 
  Offset 0x0010: 00 00 00 00 00 00 00 00 00 00 00 00 00 00 00 00 
---------------------------------------------------------------------------
Process: p353 | Page: 1 | Size: 32 bytes
  Offset 0x0000: 00 00 00 00 00 00 00 00 00 00 00 00 00 00 00 00 
  Offset 0x0010: 00 00 00 00 00 00 00 00 00 00 00 00 00 00 00 00 
---------------------------------------------------------------------------
Process: p354 | Page: 0 | Size: 32 bytes
  Offset 0x0000: 00 00 00 00 00 00 00 00 00 00 00 00 00 00 00 00 
  Offset 0x0010: 00 00 00 00 00 00 00 00 00 00 00 00 00 00 00 00 
---------------------------------------------------------------------------
Process: p354 | Page: 1 | Size: 32 bytes
  Offset 0x0000: 00 00 00 00 00 00 00 00 00 00 00 00 00 00 00 00 
  Offset 0x0010: 00 00 00 00 00 00 00 00 00 00 00 00 00 00 00 00 
---------------------------------------------------------------------------
Process: p355 | Page: 0 | Size: 32 bytes
  Offset 0x0000: 00 00 00 00 00 00 00 00 00 00 00 00 00 00 00 00 
  Offset 0x0010: 00 00 00 00 00 00 00 00 00 00 00 00 00 00 00 00 
---------------------------------------------------------------------------
Process: p355 | Page: 1 | Size: 32 bytes
  Offset 0x0000: 00 00 00 00 00 00 00 00 00 00 00 00 00 00 00 00 
  Offset 0x0010: 00 00 00 00 00 00 00 00 00 00 00 00 00 00 00 00 
---------------------------------------------------------------------------
Process: p356 | Page: 0 | Size: 32 bytes
  Offset 0x0000: 00 00 00 00 00 00 00 00 00 00 00 00 00 00 00 00 
  Offset 0x0010: 00 00 00 00 00 00 00 00 00 00 00 00 00 00 00 00 
---------------------------------------------------------------------------
Process: p356 | Page: 1 | Size: 32 bytes
  Offset 0x0000: 00 00 00 00 00 00 00 00 00 00 00 00 00 00 00 00 
  Offset 0x0010: 00 00 00 00 00 00 00 00 00 00 00 00 00 00 00 00 
---------------------------------------------------------------------------
Process: p357 | Page: 0 | Size: 32 bytes
  Offset 0x0000: 00 00 00 00 00 00 00 00 00 00 00 00 00 00 00 00 
  Offset 0x0010: 00 00 00 00 00 00 00 00 00 00 00 00 00 00 00 00 
---------------------------------------------------------------------------
Process: p357 | Page: 1 | Size: 32 bytes
  Offset 0x0000: 00 00 00 00 00 00 00 00 00 00 00 00 00 00 00 00 
  Offset 0x0010: 00 00 00 00 00 00 00 00 00 00 00 00 00 00 00 00 
---------------------------------------------------------------------------
Process: p358 | Page: 0 | Size: 32 bytes
  Offset 0x0000: 00 00 00 00 00 00 00 00 00 00 00 00 00 00 00 00 
  Offset 0x0010: 00 00 00 00 00 00 00 00 00 00 00 00 00 00 00 00 
---------------------------------------------------------------------------
Process: p358 | Page: 1 | Size: 32 bytes
  Offset 0x0000: 00 00 00 00 00 00 00 00 00 00 00 00 00 00 00 00 
  Offset 0x0010: 00 00 00 00 00 00 00 00 00 00 00 00 00 00 00 00 
---------------------------------------------------------------------------
Process: p359 | Page: 0 | Size: 32 bytes
  Offset 0x0000: 00 00 00 00 00 00 00 00 00 00 00 00 00 00 00 00 
  Offset 0x0010: 00 00 00 00 00 00 00 00 00 00 00 00 00 00 00 00 
---------------------------------------------------------------------------
Process: p359 | Page: 1 | Size: 32 bytes
  Offset 0x0000: 00 00 00 00 00 00 00 00 00 00 00 00 00 00 00 00 
  Offset 0x0010: 00 00 00 00 00 00 00 00 00 00 00 00 00 00 00 00 
---------------------------------------------------------------------------
Process: p36 | Page: 0 | Size: 32 bytes
  Offset 0x0000: 00 00 00 00 00 00 00 00 00 00 00 00 00 00 00 00 
  Offset 0x0010: 00 00 00 00 00 00 00 00 00 00 00 00 00 00 00 00 
---------------------------------------------------------------------------
Process: p36 | Page: 1 | Size: 32 bytes
  Offset 0x0000: 00 00 00 00 00 00 00 00 00 00 00 00 00 00 00 00 
  Offset 0x0010: 00 00 00 00 00 00 00 00 00 00 00 00 00 00 00 00 
---------------------------------------------------------------------------
Process: p360 | Page: 0 | Size: 32 bytes
  Offset 0x0000: 00 00 00 00 00 00 00 00 00 00 00 00 00 00 00 00 
  Offset 0x0010: 00 00 00 00 00 00 00 00 00 00 00 00 00 00 00 00 
---------------------------------------------------------------------------
Process: p360 | Page: 1 | Size: 32 bytes
  Offset 0x0000: 00 00 00 00 00 00 00 00 00 00 00 00 00 00 00 00 
  Offset 0x0010: 00 00 00 00 00 00 00 00 00 00 00 00 00 00 00 00 
---------------------------------------------------------------------------
Process: p361 | Page: 0 | Size: 32 bytes
  Offset 0x0000: 00 00 00 00 00 00 00 00 00 00 00 00 00 00 00 00 
  Offset 0x0010: 00 00 00 00 00 00 00 00 00 00 00 00 00 00 00 00 
---------------------------------------------------------------------------
Process: p361 | Page: 1 | Size: 32 bytes
  Offset 0x0000: 00 00 00 00 00 00 00 00 00 00 00 00 00 00 00 00 
  Offset 0x0010: 00 00 00 00 00 00 00 00 00 00 00 00 00 00 00 00 
---------------------------------------------------------------------------
Process: p362 | Page: 0 | Size: 32 bytes
  Offset 0x0000: 00 00 00 00 00 00 00 00 00 00 00 00 00 00 00 00 
  Offset 0x0010: 00 00 00 00 00 00 00 00 00 00 00 00 00 00 00 00 
---------------------------------------------------------------------------
Process: p362 | Page: 1 | Size: 32 bytes
  Offset 0x0000: 00 00 00 00 00 00 00 00 00 00 00 00 00 00 00 00 
  Offset 0x0010: 00 00 00 00 00 00 00 00 00 00 00 00 00 00 00 00 
---------------------------------------------------------------------------
Process: p363 | Page: 0 | Size: 32 bytes
  Offset 0x0000: 00 00 00 00 00 00 00 00 00 00 00 00 00 00 00 00 
  Offset 0x0010: 00 00 00 00 00 00 00 00 00 00 00 00 00 00 00 00 
---------------------------------------------------------------------------
Process: p363 | Page: 1 | Size: 32 bytes
  Offset 0x0000: 00 00 00 00 00 00 00 00 00 00 00 00 00 00 00 00 
  Offset 0x0010: 00 00 00 00 00 00 00 00 00 00 00 00 00 00 00 00 
---------------------------------------------------------------------------
Process: p364 | Page: 0 | Size: 32 bytes
  Offset 0x0000: 00 00 00 00 00 00 00 00 00 00 00 00 00 00 00 00 
  Offset 0x0010: 00 00 00 00 00 00 00 00 00 00 00 00 00 00 00 00 
---------------------------------------------------------------------------
Process: p364 | Page: 1 | Size: 32 bytes
  Offset 0x0000: 00 00 00 00 00 00 00 00 00 00 00 00 00 00 00 00 
  Offset 0x0010: 00 00 00 00 00 00 00 00 00 00 00 00 00 00 00 00 
---------------------------------------------------------------------------
Process: p365 | Page: 0 | Size: 32 bytes
  Offset 0x0000: 00 00 00 00 00 00 00 00 00 00 00 00 00 00 00 00 
  Offset 0x0010: 00 00 00 00 00 00 00 00 00 00 00 00 00 00 00 00 
---------------------------------------------------------------------------
Process: p365 | Page: 1 | Size: 32 bytes
  Offset 0x0000: 00 00 00 00 00 00 00 00 00 00 00 00 00 00 00 00 
  Offset 0x0010: 00 00 00 00 00 00 00 00 00 00 00 00 00 00 00 00 
---------------------------------------------------------------------------
Process: p366 | Page: 0 | Size: 32 bytes
  Offset 0x0000: 00 00 00 00 00 00 00 00 00 00 00 00 00 00 00 00 
  Offset 0x0010: 00 00 00 00 00 00 00 00 00 00 00 00 00 00 00 00 
---------------------------------------------------------------------------
Process: p366 | Page: 1 | Size: 32 bytes
  Offset 0x0000: 00 00 00 00 00 00 00 00 00 00 00 00 00 00 00 00 
  Offset 0x0010: 00 00 00 00 00 00 00 00 00 00 00 00 00 00 00 00 
---------------------------------------------------------------------------
Process: p367 | Page: 0 | Size: 32 bytes
  Offset 0x0000: 00 00 00 00 00 00 00 00 00 00 00 00 00 00 00 00 
  Offset 0x0010: 00 00 00 00 00 00 00 00 00 00 00 00 00 00 00 00 
---------------------------------------------------------------------------
Process: p367 | Page: 1 | Size: 32 bytes
  Offset 0x0000: 00 00 00 00 00 00 00 00 00 00 00 00 00 00 00 00 
  Offset 0x0010: 00 00 00 00 00 00 00 00 00 00 00 00 00 00 00 00 
---------------------------------------------------------------------------
Process: p368 | Page: 0 | Size: 32 bytes
  Offset 0x0000: 00 00 00 00 00 00 00 00 00 00 00 00 00 00 00 00 
  Offset 0x0010: 00 00 00 00 00 00 00 00 00 00 00 00 00 00 00 00 
---------------------------------------------------------------------------
Process: p368 | Page: 1 | Size: 32 bytes
  Offset 0x0000: 00 00 00 00 00 00 00 00 00 00 00 00 00 00 00 00 
  Offset 0x0010: 00 00 00 00 00 00 00 00 00 00 00 00 00 00 00 00 
---------------------------------------------------------------------------
Process: p369 | Page: 0 | Size: 32 bytes
  Offset 0x0000: 00 00 00 00 00 00 00 00 00 00 00 00 00 00 00 00 
  Offset 0x0010: 00 00 00 00 00 00 00 00 00 00 00 00 00 00 00 00 
---------------------------------------------------------------------------
Process: p369 | Page: 1 | Size: 32 bytes
  Offset 0x0000: 00 00 00 00 00 00 00 00 00 00 00 00 00 00 00 00 
  Offset 0x0010: 00 00 00 00 00 00 00 00 00 00 00 00 00 00 00 00 
---------------------------------------------------------------------------
Process: p37 | Page: 0 | Size: 32 bytes
  Offset 0x0000: 00 00 00 00 00 00 00 00 00 00 00 00 00 00 00 00 
  Offset 0x0010: 00 00 00 00 00 00 00 00 00 00 00 00 00 00 00 00 
---------------------------------------------------------------------------
Process: p37 | Page: 1 | Size: 32 bytes
  Offset 0x0000: 00 00 00 00 00 00 00 00 00 00 00 00 00 00 00 00 
  Offset 0x0010: 00 00 00 00 00 00 00 00 00 00 00 00 00 00 00 00 
---------------------------------------------------------------------------
Process: p370 | Page: 0 | Size: 32 bytes
  Offset 0x0000: 00 00 00 00 00 00 00 00 00 00 00 00 00 00 00 00 
  Offset 0x0010: 00 00 00 00 00 00 00 00 00 00 00 00 00 00 00 00 
---------------------------------------------------------------------------
Process: p370 | Page: 1 | Size: 32 bytes
  Offset 0x0000: 00 00 00 00 00 00 00 00 00 00 00 00 00 00 00 00 
  Offset 0x0010: 00 00 00 00 00 00 00 00 00 00 00 00 00 00 00 00 
---------------------------------------------------------------------------
Process: p371 | Page: 0 | Size: 32 bytes
  Offset 0x0000: 00 00 00 00 00 00 00 00 00 00 00 00 00 00 00 00 
  Offset 0x0010: 00 00 00 00 00 00 00 00 00 00 00 00 00 00 00 00 
---------------------------------------------------------------------------
Process: p371 | Page: 1 | Size: 32 bytes
  Offset 0x0000: 00 00 00 00 00 00 00 00 00 00 00 00 00 00 00 00 
  Offset 0x0010: 00 00 00 00 00 00 00 00 00 00 00 00 00 00 00 00 
---------------------------------------------------------------------------
Process: p372 | Page: 0 | Size: 32 bytes
  Offset 0x0000: 00 00 00 00 00 00 00 00 00 00 00 00 00 00 00 00 
  Offset 0x0010: 00 00 00 00 00 00 00 00 00 00 00 00 00 00 00 00 
---------------------------------------------------------------------------
Process: p372 | Page: 1 | Size: 32 bytes
  Offset 0x0000: 00 00 00 00 00 00 00 00 00 00 00 00 00 00 00 00 
  Offset 0x0010: 00 00 00 00 00 00 00 00 00 00 00 00 00 00 00 00 
---------------------------------------------------------------------------
Process: p373 | Page: 0 | Size: 32 bytes
  Offset 0x0000: 00 00 00 00 00 00 00 00 00 00 00 00 00 00 00 00 
  Offset 0x0010: 00 00 00 00 00 00 00 00 00 00 00 00 00 00 00 00 
---------------------------------------------------------------------------
Process: p373 | Page: 1 | Size: 32 bytes
  Offset 0x0000: 00 00 00 00 00 00 00 00 00 00 00 00 00 00 00 00 
  Offset 0x0010: 00 00 00 00 00 00 00 00 00 00 00 00 00 00 00 00 
---------------------------------------------------------------------------
Process: p374 | Page: 0 | Size: 32 bytes
  Offset 0x0000: 00 00 00 00 00 00 00 00 00 00 00 00 00 00 00 00 
  Offset 0x0010: 00 00 00 00 00 00 00 00 00 00 00 00 00 00 00 00 
---------------------------------------------------------------------------
Process: p374 | Page: 1 | Size: 32 bytes
  Offset 0x0000: 00 00 00 00 00 00 00 00 00 00 00 00 00 00 00 00 
  Offset 0x0010: 00 00 00 00 00 00 00 00 00 00 00 00 00 00 00 00 
---------------------------------------------------------------------------
Process: p375 | Page: 0 | Size: 32 bytes
  Offset 0x0000: 00 00 00 00 00 00 00 00 00 00 00 00 00 00 00 00 
  Offset 0x0010: 00 00 00 00 00 00 00 00 00 00 00 00 00 00 00 00 
---------------------------------------------------------------------------
Process: p375 | Page: 1 | Size: 32 bytes
  Offset 0x0000: 00 00 00 00 00 00 00 00 00 00 00 00 00 00 00 00 
  Offset 0x0010: 00 00 00 00 00 00 00 00 00 00 00 00 00 00 00 00 
---------------------------------------------------------------------------
Process: p376 | Page: 0 | Size: 32 bytes
  Offset 0x0000: 00 00 00 00 00 00 00 00 00 00 00 00 00 00 00 00 
  Offset 0x0010: 00 00 00 00 00 00 00 00 00 00 00 00 00 00 00 00 
---------------------------------------------------------------------------
Process: p376 | Page: 1 | Size: 32 bytes
  Offset 0x0000: 00 00 00 00 00 00 00 00 00 00 00 00 00 00 00 00 
  Offset 0x0010: 00 00 00 00 00 00 00 00 00 00 00 00 00 00 00 00 
---------------------------------------------------------------------------
Process: p377 | Page: 0 | Size: 32 bytes
  Offset 0x0000: 00 00 00 00 00 00 00 00 00 00 00 00 00 00 00 00 
  Offset 0x0010: 00 00 00 00 00 00 00 00 00 00 00 00 00 00 00 00 
---------------------------------------------------------------------------
Process: p377 | Page: 1 | Size: 32 bytes
  Offset 0x0000: 00 00 00 00 00 00 00 00 00 00 00 00 00 00 00 00 
  Offset 0x0010: 00 00 00 00 00 00 00 00 00 00 00 00 00 00 00 00 
---------------------------------------------------------------------------
Process: p378 | Page: 0 | Size: 32 bytes
  Offset 0x0000: 00 00 00 00 00 00 00 00 00 00 00 00 00 00 00 00 
  Offset 0x0010: 00 00 00 00 00 00 00 00 00 00 00 00 00 00 00 00 
---------------------------------------------------------------------------
Process: p378 | Page: 1 | Size: 32 bytes
  Offset 0x0000: 00 00 00 00 00 00 00 00 00 00 00 00 00 00 00 00 
  Offset 0x0010: 00 00 00 00 00 00 00 00 00 00 00 00 00 00 00 00 
---------------------------------------------------------------------------
Process: p379 | Page: 0 | Size: 32 bytes
  Offset 0x0000: 00 00 00 00 00 00 00 00 00 00 00 00 00 00 00 00 
  Offset 0x0010: 00 00 00 00 00 00 00 00 00 00 00 00 00 00 00 00 
---------------------------------------------------------------------------
Process: p379 | Page: 1 | Size: 32 bytes
  Offset 0x0000: 00 00 00 00 00 00 00 00 00 00 00 00 00 00 00 00 
  Offset 0x0010: 00 00 00 00 00 00 00 00 00 00 00 00 00 00 00 00 
---------------------------------------------------------------------------
Process: p38 | Page: 0 | Size: 32 bytes
  Offset 0x0000: 00 00 00 00 00 00 00 00 00 00 00 00 00 00 00 00 
  Offset 0x0010: 00 00 00 00 00 00 00 00 00 00 00 00 00 00 00 00 
---------------------------------------------------------------------------
Process: p38 | Page: 1 | Size: 32 bytes
  Offset 0x0000: 00 00 00 00 00 00 00 00 00 00 00 00 00 00 00 00 
  Offset 0x0010: 00 00 00 00 00 00 00 00 00 00 00 00 00 00 00 00 
---------------------------------------------------------------------------
Process: p380 | Page: 0 | Size: 32 bytes
  Offset 0x0000: 00 00 00 00 00 00 00 00 00 00 00 00 00 00 00 00 
  Offset 0x0010: 00 00 00 00 00 00 00 00 00 00 00 00 00 00 00 00 
---------------------------------------------------------------------------
Process: p380 | Page: 1 | Size: 32 bytes
  Offset 0x0000: 00 00 00 00 00 00 00 00 00 00 00 00 00 00 00 00 
  Offset 0x0010: 00 00 00 00 00 00 00 00 00 00 00 00 00 00 00 00 
---------------------------------------------------------------------------
Process: p381 | Page: 0 | Size: 32 bytes
  Offset 0x0000: 00 00 00 00 00 00 00 00 00 00 00 00 00 00 00 00 
  Offset 0x0010: 00 00 00 00 00 00 00 00 00 00 00 00 00 00 00 00 
---------------------------------------------------------------------------
Process: p381 | Page: 1 | Size: 32 bytes
  Offset 0x0000: 00 00 00 00 00 00 00 00 00 00 00 00 00 00 00 00 
  Offset 0x0010: 00 00 00 00 00 00 00 00 00 00 00 00 00 00 00 00 
---------------------------------------------------------------------------
Process: p382 | Page: 0 | Size: 32 bytes
  Offset 0x0000: 00 00 00 00 00 00 00 00 00 00 00 00 00 00 00 00 
  Offset 0x0010: 00 00 00 00 00 00 00 00 00 00 00 00 00 00 00 00 
---------------------------------------------------------------------------
Process: p382 | Page: 1 | Size: 32 bytes
  Offset 0x0000: 00 00 00 00 00 00 00 00 00 00 00 00 00 00 00 00 
  Offset 0x0010: 00 00 00 00 00 00 00 00 00 00 00 00 00 00 00 00 
---------------------------------------------------------------------------
Process: p383 | Page: 0 | Size: 32 bytes
  Offset 0x0000: 00 00 00 00 00 00 00 00 00 00 00 00 00 00 00 00 
  Offset 0x0010: 00 00 00 00 00 00 00 00 00 00 00 00 00 00 00 00 
---------------------------------------------------------------------------
Process: p383 | Page: 1 | Size: 32 bytes
  Offset 0x0000: 00 00 00 00 00 00 00 00 00 00 00 00 00 00 00 00 
  Offset 0x0010: 00 00 00 00 00 00 00 00 00 00 00 00 00 00 00 00 
---------------------------------------------------------------------------
Process: p384 | Page: 0 | Size: 32 bytes
  Offset 0x0000: 00 00 00 00 00 00 00 00 00 00 00 00 00 00 00 00 
  Offset 0x0010: 00 00 00 00 00 00 00 00 00 00 00 00 00 00 00 00 
---------------------------------------------------------------------------
Process: p384 | Page: 1 | Size: 32 bytes
  Offset 0x0000: 00 00 00 00 00 00 00 00 00 00 00 00 00 00 00 00 
  Offset 0x0010: 00 00 00 00 00 00 00 00 00 00 00 00 00 00 00 00 
---------------------------------------------------------------------------
Process: p385 | Page: 0 | Size: 32 bytes
  Offset 0x0000: 00 00 00 00 00 00 00 00 00 00 00 00 00 00 00 00 
  Offset 0x0010: 00 00 00 00 00 00 00 00 00 00 00 00 00 00 00 00 
---------------------------------------------------------------------------
Process: p385 | Page: 1 | Size: 32 bytes
  Offset 0x0000: 00 00 00 00 00 00 00 00 00 00 00 00 00 00 00 00 
  Offset 0x0010: 00 00 00 00 00 00 00 00 00 00 00 00 00 00 00 00 
---------------------------------------------------------------------------
Process: p386 | Page: 0 | Size: 32 bytes
  Offset 0x0000: 00 00 00 00 00 00 00 00 00 00 00 00 00 00 00 00 
  Offset 0x0010: 00 00 00 00 00 00 00 00 00 00 00 00 00 00 00 00 
---------------------------------------------------------------------------
Process: p386 | Page: 1 | Size: 32 bytes
  Offset 0x0000: 00 00 00 00 00 00 00 00 00 00 00 00 00 00 00 00 
  Offset 0x0010: 00 00 00 00 00 00 00 00 00 00 00 00 00 00 00 00 
---------------------------------------------------------------------------
Process: p387 | Page: 0 | Size: 32 bytes
  Offset 0x0000: 00 00 00 00 00 00 00 00 00 00 00 00 00 00 00 00 
  Offset 0x0010: 00 00 00 00 00 00 00 00 00 00 00 00 00 00 00 00 
---------------------------------------------------------------------------
Process: p387 | Page: 1 | Size: 32 bytes
  Offset 0x0000: 00 00 00 00 00 00 00 00 00 00 00 00 00 00 00 00 
  Offset 0x0010: 00 00 00 00 00 00 00 00 00 00 00 00 00 00 00 00 
---------------------------------------------------------------------------
Process: p388 | Page: 0 | Size: 32 bytes
  Offset 0x0000: 00 00 00 00 00 00 00 00 00 00 00 00 00 00 00 00 
  Offset 0x0010: 00 00 00 00 00 00 00 00 00 00 00 00 00 00 00 00 
---------------------------------------------------------------------------
Process: p388 | Page: 1 | Size: 32 bytes
  Offset 0x0000: 00 00 00 00 00 00 00 00 00 00 00 00 00 00 00 00 
  Offset 0x0010: 00 00 00 00 00 00 00 00 00 00 00 00 00 00 00 00 
---------------------------------------------------------------------------
Process: p389 | Page: 0 | Size: 32 bytes
  Offset 0x0000: 00 00 00 00 00 00 00 00 00 00 00 00 00 00 00 00 
  Offset 0x0010: 00 00 00 00 00 00 00 00 00 00 00 00 00 00 00 00 
---------------------------------------------------------------------------
Process: p389 | Page: 1 | Size: 32 bytes
  Offset 0x0000: 00 00 00 00 00 00 00 00 00 00 00 00 00 00 00 00 
  Offset 0x0010: 00 00 00 00 00 00 00 00 00 00 00 00 00 00 00 00 
---------------------------------------------------------------------------
Process: p39 | Page: 0 | Size: 32 bytes
  Offset 0x0000: 00 00 00 00 00 00 00 00 00 00 00 00 00 00 00 00 
  Offset 0x0010: 00 00 00 00 00 00 00 00 00 00 00 00 00 00 00 00 
---------------------------------------------------------------------------
Process: p39 | Page: 1 | Size: 32 bytes
  Offset 0x0000: 00 00 00 00 00 00 00 00 00 00 00 00 00 00 00 00 
  Offset 0x0010: 00 00 00 00 00 00 00 00 00 00 00 00 00 00 00 00 
---------------------------------------------------------------------------
Process: p390 | Page: 0 | Size: 32 bytes
  Offset 0x0000: 00 00 00 00 00 00 00 00 00 00 00 00 00 00 00 00 
  Offset 0x0010: 00 00 00 00 00 00 00 00 00 00 00 00 00 00 00 00 
---------------------------------------------------------------------------
Process: p390 | Page: 1 | Size: 32 bytes
  Offset 0x0000: 00 00 00 00 00 00 00 00 00 00 00 00 00 00 00 00 
  Offset 0x0010: 00 00 00 00 00 00 00 00 00 00 00 00 00 00 00 00 
---------------------------------------------------------------------------
Process: p391 | Page: 0 | Size: 32 bytes
  Offset 0x0000: 00 00 00 00 00 00 00 00 00 00 00 00 00 00 00 00 
  Offset 0x0010: 00 00 00 00 00 00 00 00 00 00 00 00 00 00 00 00 
---------------------------------------------------------------------------
Process: p391 | Page: 1 | Size: 32 bytes
  Offset 0x0000: 00 00 00 00 00 00 00 00 00 00 00 00 00 00 00 00 
  Offset 0x0010: 00 00 00 00 00 00 00 00 00 00 00 00 00 00 00 00 
---------------------------------------------------------------------------
Process: p392 | Page: 0 | Size: 32 bytes
  Offset 0x0000: 00 00 00 00 00 00 00 00 00 00 00 00 00 00 00 00 
  Offset 0x0010: 00 00 00 00 00 00 00 00 00 00 00 00 00 00 00 00 
---------------------------------------------------------------------------
Process: p392 | Page: 1 | Size: 32 bytes
  Offset 0x0000: 00 00 00 00 00 00 00 00 00 00 00 00 00 00 00 00 
  Offset 0x0010: 00 00 00 00 00 00 00 00 00 00 00 00 00 00 00 00 
---------------------------------------------------------------------------
Process: p393 | Page: 0 | Size: 32 bytes
  Offset 0x0000: 00 00 00 00 00 00 00 00 00 00 00 00 00 00 00 00 
  Offset 0x0010: 00 00 00 00 00 00 00 00 00 00 00 00 00 00 00 00 
---------------------------------------------------------------------------
Process: p393 | Page: 1 | Size: 32 bytes
  Offset 0x0000: 00 00 00 00 00 00 00 00 00 00 00 00 00 00 00 00 
  Offset 0x0010: 00 00 00 00 00 00 00 00 00 00 00 00 00 00 00 00 
---------------------------------------------------------------------------
Process: p394 | Page: 0 | Size: 32 bytes
  Offset 0x0000: 00 00 00 00 00 00 00 00 00 00 00 00 00 00 00 00 
  Offset 0x0010: 00 00 00 00 00 00 00 00 00 00 00 00 00 00 00 00 
---------------------------------------------------------------------------
Process: p394 | Page: 1 | Size: 32 bytes
  Offset 0x0000: 00 00 00 00 00 00 00 00 00 00 00 00 00 00 00 00 
  Offset 0x0010: 00 00 00 00 00 00 00 00 00 00 00 00 00 00 00 00 
---------------------------------------------------------------------------
Process: p395 | Page: 0 | Size: 32 bytes
  Offset 0x0000: 00 00 00 00 00 00 00 00 00 00 00 00 00 00 00 00 
  Offset 0x0010: 00 00 00 00 00 00 00 00 00 00 00 00 00 00 00 00 
---------------------------------------------------------------------------
Process: p395 | Page: 1 | Size: 32 bytes
  Offset 0x0000: 00 00 00 00 00 00 00 00 00 00 00 00 00 00 00 00 
  Offset 0x0010: 00 00 00 00 00 00 00 00 00 00 00 00 00 00 00 00 
---------------------------------------------------------------------------
Process: p396 | Page: 0 | Size: 32 bytes
  Offset 0x0000: 00 00 00 00 00 00 00 00 00 00 00 00 00 00 00 00 
  Offset 0x0010: 00 00 00 00 00 00 00 00 00 00 00 00 00 00 00 00 
---------------------------------------------------------------------------
Process: p396 | Page: 1 | Size: 32 bytes
  Offset 0x0000: 00 00 00 00 00 00 00 00 00 00 00 00 00 00 00 00 
  Offset 0x0010: 00 00 00 00 00 00 00 00 00 00 00 00 00 00 00 00 
---------------------------------------------------------------------------
Process: p397 | Page: 0 | Size: 32 bytes
  Offset 0x0000: 00 00 00 00 00 00 00 00 00 00 00 00 00 00 00 00 
  Offset 0x0010: 00 00 00 00 00 00 00 00 00 00 00 00 00 00 00 00 
---------------------------------------------------------------------------
Process: p397 | Page: 1 | Size: 32 bytes
  Offset 0x0000: 00 00 00 00 00 00 00 00 00 00 00 00 00 00 00 00 
  Offset 0x0010: 00 00 00 00 00 00 00 00 00 00 00 00 00 00 00 00 
---------------------------------------------------------------------------
Process: p398 | Page: 0 | Size: 32 bytes
  Offset 0x0000: 00 00 00 00 00 00 00 00 00 00 00 00 00 00 00 00 
  Offset 0x0010: 00 00 00 00 00 00 00 00 00 00 00 00 00 00 00 00 
---------------------------------------------------------------------------
Process: p398 | Page: 1 | Size: 32 bytes
  Offset 0x0000: 00 00 00 00 00 00 00 00 00 00 00 00 00 00 00 00 
  Offset 0x0010: 00 00 00 00 00 00 00 00 00 00 00 00 00 00 00 00 
---------------------------------------------------------------------------
Process: p399 | Page: 0 | Size: 32 bytes
  Offset 0x0000: 00 00 00 00 00 00 00 00 00 00 00 00 00 00 00 00 
  Offset 0x0010: 00 00 00 00 00 00 00 00 00 00 00 00 00 00 00 00 
---------------------------------------------------------------------------
Process: p399 | Page: 1 | Size: 32 bytes
  Offset 0x0000: 00 00 00 00 00 00 00 00 00 00 00 00 00 00 00 00 
  Offset 0x0010: 00 00 00 00 00 00 00 00 00 00 00 00 00 00 00 00 
---------------------------------------------------------------------------
Process: p40 | Page: 0 | Size: 32 bytes
  Offset 0x0000: 00 00 00 00 00 00 00 00 00 00 00 00 00 00 00 00 
  Offset 0x0010: 00 00 00 00 00 00 00 00 00 00 00 00 00 00 00 00 
---------------------------------------------------------------------------
Process: p40 | Page: 1 | Size: 32 bytes
  Offset 0x0000: 00 00 00 00 00 00 00 00 00 00 00 00 00 00 00 00 
  Offset 0x0010: 00 00 00 00 00 00 00 00 00 00 00 00 00 00 00 00 
---------------------------------------------------------------------------
Process: p400 | Page: 0 | Size: 32 bytes
  Offset 0x0000: 00 00 00 00 00 00 00 00 00 00 00 00 00 00 00 00 
  Offset 0x0010: 00 00 00 00 00 00 00 00 00 00 00 00 00 00 00 00 
---------------------------------------------------------------------------
Process: p400 | Page: 1 | Size: 32 bytes
  Offset 0x0000: 00 00 00 00 00 00 00 00 00 00 00 00 00 00 00 00 
  Offset 0x0010: 00 00 00 00 00 00 00 00 00 00 00 00 00 00 00 00 
---------------------------------------------------------------------------
Process: p401 | Page: 0 | Size: 32 bytes
  Offset 0x0000: 00 00 00 00 00 00 00 00 00 00 00 00 00 00 00 00 
  Offset 0x0010: 00 00 00 00 00 00 00 00 00 00 00 00 00 00 00 00 
---------------------------------------------------------------------------
Process: p401 | Page: 1 | Size: 32 bytes
  Offset 0x0000: 00 00 00 00 00 00 00 00 00 00 00 00 00 00 00 00 
  Offset 0x0010: 00 00 00 00 00 00 00 00 00 00 00 00 00 00 00 00 
---------------------------------------------------------------------------
Process: p402 | Page: 0 | Size: 32 bytes
  Offset 0x0000: 00 00 00 00 00 00 00 00 00 00 00 00 00 00 00 00 
  Offset 0x0010: 00 00 00 00 00 00 00 00 00 00 00 00 00 00 00 00 
---------------------------------------------------------------------------
Process: p402 | Page: 1 | Size: 32 bytes
  Offset 0x0000: 00 00 00 00 00 00 00 00 00 00 00 00 00 00 00 00 
  Offset 0x0010: 00 00 00 00 00 00 00 00 00 00 00 00 00 00 00 00 
---------------------------------------------------------------------------
Process: p403 | Page: 0 | Size: 32 bytes
  Offset 0x0000: 00 00 00 00 00 00 00 00 00 00 00 00 00 00 00 00 
  Offset 0x0010: 00 00 00 00 00 00 00 00 00 00 00 00 00 00 00 00 
---------------------------------------------------------------------------
Process: p403 | Page: 1 | Size: 32 bytes
  Offset 0x0000: 00 00 00 00 00 00 00 00 00 00 00 00 00 00 00 00 
  Offset 0x0010: 00 00 00 00 00 00 00 00 00 00 00 00 00 00 00 00 
---------------------------------------------------------------------------
Process: p404 | Page: 0 | Size: 32 bytes
  Offset 0x0000: 00 00 00 00 00 00 00 00 00 00 00 00 00 00 00 00 
  Offset 0x0010: 00 00 00 00 00 00 00 00 00 00 00 00 00 00 00 00 
---------------------------------------------------------------------------
Process: p404 | Page: 1 | Size: 32 bytes
  Offset 0x0000: 00 00 00 00 00 00 00 00 00 00 00 00 00 00 00 00 
  Offset 0x0010: 00 00 00 00 00 00 00 00 00 00 00 00 00 00 00 00 
---------------------------------------------------------------------------
Process: p405 | Page: 0 | Size: 32 bytes
  Offset 0x0000: 00 00 00 00 00 00 00 00 00 00 00 00 00 00 00 00 
  Offset 0x0010: 00 00 00 00 00 00 00 00 00 00 00 00 00 00 00 00 
---------------------------------------------------------------------------
Process: p405 | Page: 1 | Size: 32 bytes
  Offset 0x0000: 00 00 00 00 00 00 00 00 00 00 00 00 00 00 00 00 
  Offset 0x0010: 00 00 00 00 00 00 00 00 00 00 00 00 00 00 00 00 
---------------------------------------------------------------------------
Process: p406 | Page: 0 | Size: 32 bytes
  Offset 0x0000: 00 00 00 00 00 00 00 00 00 00 00 00 00 00 00 00 
  Offset 0x0010: 00 00 00 00 00 00 00 00 00 00 00 00 00 00 00 00 
---------------------------------------------------------------------------
Process: p406 | Page: 1 | Size: 32 bytes
  Offset 0x0000: 00 00 00 00 00 00 00 00 00 00 00 00 00 00 00 00 
  Offset 0x0010: 00 00 00 00 00 00 00 00 00 00 00 00 00 00 00 00 
---------------------------------------------------------------------------
Process: p407 | Page: 0 | Size: 32 bytes
  Offset 0x0000: 00 00 00 00 00 00 00 00 00 00 00 00 00 00 00 00 
  Offset 0x0010: 00 00 00 00 00 00 00 00 00 00 00 00 00 00 00 00 
---------------------------------------------------------------------------
Process: p407 | Page: 1 | Size: 32 bytes
  Offset 0x0000: 00 00 00 00 00 00 00 00 00 00 00 00 00 00 00 00 
  Offset 0x0010: 00 00 00 00 00 00 00 00 00 00 00 00 00 00 00 00 
---------------------------------------------------------------------------
Process: p408 | Page: 0 | Size: 32 bytes
  Offset 0x0000: 00 00 00 00 00 00 00 00 00 00 00 00 00 00 00 00 
  Offset 0x0010: 00 00 00 00 00 00 00 00 00 00 00 00 00 00 00 00 
---------------------------------------------------------------------------
Process: p408 | Page: 1 | Size: 32 bytes
  Offset 0x0000: 00 00 00 00 00 00 00 00 00 00 00 00 00 00 00 00 
  Offset 0x0010: 00 00 00 00 00 00 00 00 00 00 00 00 00 00 00 00 
---------------------------------------------------------------------------
Process: p409 | Page: 0 | Size: 32 bytes
  Offset 0x0000: 00 00 00 00 00 00 00 00 00 00 00 00 00 00 00 00 
  Offset 0x0010: 00 00 00 00 00 00 00 00 00 00 00 00 00 00 00 00 
---------------------------------------------------------------------------
Process: p409 | Page: 1 | Size: 32 bytes
  Offset 0x0000: 00 00 00 00 00 00 00 00 00 00 00 00 00 00 00 00 
  Offset 0x0010: 00 00 00 00 00 00 00 00 00 00 00 00 00 00 00 00 
---------------------------------------------------------------------------
Process: p41 | Page: 0 | Size: 32 bytes
  Offset 0x0000: 00 00 00 00 00 00 00 00 00 00 00 00 00 00 00 00 
  Offset 0x0010: 00 00 00 00 00 00 00 00 00 00 00 00 00 00 00 00 
---------------------------------------------------------------------------
Process: p41 | Page: 1 | Size: 32 bytes
  Offset 0x0000: 00 00 00 00 00 00 00 00 00 00 00 00 00 00 00 00 
  Offset 0x0010: 00 00 00 00 00 00 00 00 00 00 00 00 00 00 00 00 
---------------------------------------------------------------------------
Process: p410 | Page: 0 | Size: 32 bytes
  Offset 0x0000: 00 00 00 00 00 00 00 00 00 00 00 00 00 00 00 00 
  Offset 0x0010: 00 00 00 00 00 00 00 00 00 00 00 00 00 00 00 00 
---------------------------------------------------------------------------
Process: p410 | Page: 1 | Size: 32 bytes
  Offset 0x0000: 00 00 00 00 00 00 00 00 00 00 00 00 00 00 00 00 
  Offset 0x0010: 00 00 00 00 00 00 00 00 00 00 00 00 00 00 00 00 
---------------------------------------------------------------------------
Process: p411 | Page: 0 | Size: 32 bytes
  Offset 0x0000: 00 00 00 00 00 00 00 00 00 00 00 00 00 00 00 00 
  Offset 0x0010: 00 00 00 00 00 00 00 00 00 00 00 00 00 00 00 00 
---------------------------------------------------------------------------
Process: p411 | Page: 1 | Size: 32 bytes
  Offset 0x0000: 00 00 00 00 00 00 00 00 00 00 00 00 00 00 00 00 
  Offset 0x0010: 00 00 00 00 00 00 00 00 00 00 00 00 00 00 00 00 
---------------------------------------------------------------------------
Process: p412 | Page: 0 | Size: 32 bytes
  Offset 0x0000: 00 00 00 00 00 00 00 00 00 00 00 00 00 00 00 00 
  Offset 0x0010: 00 00 00 00 00 00 00 00 00 00 00 00 00 00 00 00 
---------------------------------------------------------------------------
Process: p412 | Page: 1 | Size: 32 bytes
  Offset 0x0000: 00 00 00 00 00 00 00 00 00 00 00 00 00 00 00 00 
  Offset 0x0010: 00 00 00 00 00 00 00 00 00 00 00 00 00 00 00 00 
---------------------------------------------------------------------------
Process: p413 | Page: 0 | Size: 32 bytes
  Offset 0x0000: 00 00 00 00 00 00 00 00 00 00 00 00 00 00 00 00 
  Offset 0x0010: 00 00 00 00 00 00 00 00 00 00 00 00 00 00 00 00 
---------------------------------------------------------------------------
Process: p413 | Page: 1 | Size: 32 bytes
  Offset 0x0000: 00 00 00 00 00 00 00 00 00 00 00 00 00 00 00 00 
  Offset 0x0010: 00 00 00 00 00 00 00 00 00 00 00 00 00 00 00 00 
---------------------------------------------------------------------------
Process: p414 | Page: 0 | Size: 32 bytes
  Offset 0x0000: 00 00 00 00 00 00 00 00 00 00 00 00 00 00 00 00 
  Offset 0x0010: 00 00 00 00 00 00 00 00 00 00 00 00 00 00 00 00 
---------------------------------------------------------------------------
Process: p414 | Page: 1 | Size: 32 bytes
  Offset 0x0000: 00 00 00 00 00 00 00 00 00 00 00 00 00 00 00 00 
  Offset 0x0010: 00 00 00 00 00 00 00 00 00 00 00 00 00 00 00 00 
---------------------------------------------------------------------------
Process: p415 | Page: 0 | Size: 32 bytes
  Offset 0x0000: 00 00 00 00 00 00 00 00 00 00 00 00 00 00 00 00 
  Offset 0x0010: 00 00 00 00 00 00 00 00 00 00 00 00 00 00 00 00 
---------------------------------------------------------------------------
Process: p415 | Page: 1 | Size: 32 bytes
  Offset 0x0000: 00 00 00 00 00 00 00 00 00 00 00 00 00 00 00 00 
  Offset 0x0010: 00 00 00 00 00 00 00 00 00 00 00 00 00 00 00 00 
---------------------------------------------------------------------------
Process: p416 | Page: 0 | Size: 32 bytes
  Offset 0x0000: 00 00 00 00 00 00 00 00 00 00 00 00 00 00 00 00 
  Offset 0x0010: 00 00 00 00 00 00 00 00 00 00 00 00 00 00 00 00 
---------------------------------------------------------------------------
Process: p416 | Page: 1 | Size: 32 bytes
  Offset 0x0000: 00 00 00 00 00 00 00 00 00 00 00 00 00 00 00 00 
  Offset 0x0010: 00 00 00 00 00 00 00 00 00 00 00 00 00 00 00 00 
---------------------------------------------------------------------------
Process: p417 | Page: 0 | Size: 32 bytes
  Offset 0x0000: 00 00 00 00 00 00 00 00 00 00 00 00 00 00 00 00 
  Offset 0x0010: 00 00 00 00 00 00 00 00 00 00 00 00 00 00 00 00 
---------------------------------------------------------------------------
Process: p417 | Page: 1 | Size: 32 bytes
  Offset 0x0000: 00 00 00 00 00 00 00 00 00 00 00 00 00 00 00 00 
  Offset 0x0010: 00 00 00 00 00 00 00 00 00 00 00 00 00 00 00 00 
---------------------------------------------------------------------------
Process: p418 | Page: 0 | Size: 32 bytes
  Offset 0x0000: 00 00 00 00 00 00 00 00 00 00 00 00 00 00 00 00 
  Offset 0x0010: 00 00 00 00 00 00 00 00 00 00 00 00 00 00 00 00 
---------------------------------------------------------------------------
Process: p418 | Page: 1 | Size: 32 bytes
  Offset 0x0000: 00 00 00 00 00 00 00 00 00 00 00 00 00 00 00 00 
  Offset 0x0010: 00 00 00 00 00 00 00 00 00 00 00 00 00 00 00 00 
---------------------------------------------------------------------------
Process: p419 | Page: 0 | Size: 32 bytes
  Offset 0x0000: 00 00 00 00 00 00 00 00 00 00 00 00 00 00 00 00 
  Offset 0x0010: 00 00 00 00 00 00 00 00 00 00 00 00 00 00 00 00 
---------------------------------------------------------------------------
Process: p419 | Page: 1 | Size: 32 bytes
  Offset 0x0000: 00 00 00 00 00 00 00 00 00 00 00 00 00 00 00 00 
  Offset 0x0010: 00 00 00 00 00 00 00 00 00 00 00 00 00 00 00 00 
---------------------------------------------------------------------------
Process: p42 | Page: 0 | Size: 32 bytes
  Offset 0x0000: 00 00 00 00 00 00 00 00 00 00 00 00 00 00 00 00 
  Offset 0x0010: 00 00 00 00 00 00 00 00 00 00 00 00 00 00 00 00 
---------------------------------------------------------------------------
Process: p42 | Page: 1 | Size: 32 bytes
  Offset 0x0000: 00 00 00 00 00 00 00 00 00 00 00 00 00 00 00 00 
  Offset 0x0010: 00 00 00 00 00 00 00 00 00 00 00 00 00 00 00 00 
---------------------------------------------------------------------------
Process: p420 | Page: 0 | Size: 32 bytes
  Offset 0x0000: 00 00 00 00 00 00 00 00 00 00 00 00 00 00 00 00 
  Offset 0x0010: 00 00 00 00 00 00 00 00 00 00 00 00 00 00 00 00 
---------------------------------------------------------------------------
Process: p420 | Page: 1 | Size: 32 bytes
  Offset 0x0000: 00 00 00 00 00 00 00 00 00 00 00 00 00 00 00 00 
  Offset 0x0010: 00 00 00 00 00 00 00 00 00 00 00 00 00 00 00 00 
---------------------------------------------------------------------------
Process: p421 | Page: 0 | Size: 32 bytes
  Offset 0x0000: 00 00 00 00 00 00 00 00 00 00 00 00 00 00 00 00 
  Offset 0x0010: 00 00 00 00 00 00 00 00 00 00 00 00 00 00 00 00 
---------------------------------------------------------------------------
Process: p421 | Page: 1 | Size: 32 bytes
  Offset 0x0000: 00 00 00 00 00 00 00 00 00 00 00 00 00 00 00 00 
  Offset 0x0010: 00 00 00 00 00 00 00 00 00 00 00 00 00 00 00 00 
---------------------------------------------------------------------------
Process: p422 | Page: 0 | Size: 32 bytes
  Offset 0x0000: 00 00 00 00 00 00 00 00 00 00 00 00 00 00 00 00 
  Offset 0x0010: 00 00 00 00 00 00 00 00 00 00 00 00 00 00 00 00 
---------------------------------------------------------------------------
Process: p422 | Page: 1 | Size: 32 bytes
  Offset 0x0000: 00 00 00 00 00 00 00 00 00 00 00 00 00 00 00 00 
  Offset 0x0010: 00 00 00 00 00 00 00 00 00 00 00 00 00 00 00 00 
---------------------------------------------------------------------------
Process: p423 | Page: 0 | Size: 32 bytes
  Offset 0x0000: 00 00 00 00 00 00 00 00 00 00 00 00 00 00 00 00 
  Offset 0x0010: 00 00 00 00 00 00 00 00 00 00 00 00 00 00 00 00 
---------------------------------------------------------------------------
Process: p423 | Page: 1 | Size: 32 bytes
  Offset 0x0000: 00 00 00 00 00 00 00 00 00 00 00 00 00 00 00 00 
  Offset 0x0010: 00 00 00 00 00 00 00 00 00 00 00 00 00 00 00 00 
---------------------------------------------------------------------------
Process: p424 | Page: 0 | Size: 32 bytes
  Offset 0x0000: 00 00 00 00 00 00 00 00 00 00 00 00 00 00 00 00 
  Offset 0x0010: 00 00 00 00 00 00 00 00 00 00 00 00 00 00 00 00 
---------------------------------------------------------------------------
Process: p424 | Page: 1 | Size: 32 bytes
  Offset 0x0000: 00 00 00 00 00 00 00 00 00 00 00 00 00 00 00 00 
  Offset 0x0010: 00 00 00 00 00 00 00 00 00 00 00 00 00 00 00 00 
---------------------------------------------------------------------------
Process: p425 | Page: 0 | Size: 32 bytes
  Offset 0x0000: 00 00 00 00 00 00 00 00 00 00 00 00 00 00 00 00 
  Offset 0x0010: 00 00 00 00 00 00 00 00 00 00 00 00 00 00 00 00 
---------------------------------------------------------------------------
Process: p425 | Page: 1 | Size: 32 bytes
  Offset 0x0000: 00 00 00 00 00 00 00 00 00 00 00 00 00 00 00 00 
  Offset 0x0010: 00 00 00 00 00 00 00 00 00 00 00 00 00 00 00 00 
---------------------------------------------------------------------------
Process: p426 | Page: 0 | Size: 32 bytes
  Offset 0x0000: 00 00 00 00 00 00 00 00 00 00 00 00 00 00 00 00 
  Offset 0x0010: 00 00 00 00 00 00 00 00 00 00 00 00 00 00 00 00 
---------------------------------------------------------------------------
Process: p426 | Page: 1 | Size: 32 bytes
  Offset 0x0000: 00 00 00 00 00 00 00 00 00 00 00 00 00 00 00 00 
  Offset 0x0010: 00 00 00 00 00 00 00 00 00 00 00 00 00 00 00 00 
---------------------------------------------------------------------------
Process: p427 | Page: 0 | Size: 32 bytes
  Offset 0x0000: 00 00 00 00 00 00 00 00 00 00 00 00 00 00 00 00 
  Offset 0x0010: 00 00 00 00 00 00 00 00 00 00 00 00 00 00 00 00 
---------------------------------------------------------------------------
Process: p427 | Page: 1 | Size: 32 bytes
  Offset 0x0000: 00 00 00 00 00 00 00 00 00 00 00 00 00 00 00 00 
  Offset 0x0010: 00 00 00 00 00 00 00 00 00 00 00 00 00 00 00 00 
---------------------------------------------------------------------------
Process: p428 | Page: 0 | Size: 32 bytes
  Offset 0x0000: 00 00 00 00 00 00 00 00 00 00 00 00 00 00 00 00 
  Offset 0x0010: 00 00 00 00 00 00 00 00 00 00 00 00 00 00 00 00 
---------------------------------------------------------------------------
Process: p428 | Page: 1 | Size: 32 bytes
  Offset 0x0000: 00 00 00 00 00 00 00 00 00 00 00 00 00 00 00 00 
  Offset 0x0010: 00 00 00 00 00 00 00 00 00 00 00 00 00 00 00 00 
---------------------------------------------------------------------------
Process: p429 | Page: 0 | Size: 32 bytes
  Offset 0x0000: 00 00 00 00 00 00 00 00 00 00 00 00 00 00 00 00 
  Offset 0x0010: 00 00 00 00 00 00 00 00 00 00 00 00 00 00 00 00 
---------------------------------------------------------------------------
Process: p429 | Page: 1 | Size: 32 bytes
  Offset 0x0000: 00 00 00 00 00 00 00 00 00 00 00 00 00 00 00 00 
  Offset 0x0010: 00 00 00 00 00 00 00 00 00 00 00 00 00 00 00 00 
---------------------------------------------------------------------------
Process: p43 | Page: 0 | Size: 32 bytes
  Offset 0x0000: 00 00 00 00 00 00 00 00 00 00 00 00 00 00 00 00 
  Offset 0x0010: 00 00 00 00 00 00 00 00 00 00 00 00 00 00 00 00 
---------------------------------------------------------------------------
Process: p43 | Page: 1 | Size: 32 bytes
  Offset 0x0000: 00 00 00 00 00 00 00 00 00 00 00 00 00 00 00 00 
  Offset 0x0010: 00 00 00 00 00 00 00 00 00 00 00 00 00 00 00 00 
---------------------------------------------------------------------------
Process: p430 | Page: 0 | Size: 32 bytes
  Offset 0x0000: 00 00 00 00 00 00 00 00 00 00 00 00 00 00 00 00 
  Offset 0x0010: 00 00 00 00 00 00 00 00 00 00 00 00 00 00 00 00 
---------------------------------------------------------------------------
Process: p430 | Page: 1 | Size: 32 bytes
  Offset 0x0000: 00 00 00 00 00 00 00 00 00 00 00 00 00 00 00 00 
  Offset 0x0010: 00 00 00 00 00 00 00 00 00 00 00 00 00 00 00 00 
---------------------------------------------------------------------------
Process: p431 | Page: 0 | Size: 32 bytes
  Offset 0x0000: 00 00 00 00 00 00 00 00 00 00 00 00 00 00 00 00 
  Offset 0x0010: 00 00 00 00 00 00 00 00 00 00 00 00 00 00 00 00 
---------------------------------------------------------------------------
Process: p431 | Page: 1 | Size: 32 bytes
  Offset 0x0000: 00 00 00 00 00 00 00 00 00 00 00 00 00 00 00 00 
  Offset 0x0010: 00 00 00 00 00 00 00 00 00 00 00 00 00 00 00 00 
---------------------------------------------------------------------------
Process: p432 | Page: 0 | Size: 32 bytes
  Offset 0x0000: 00 00 00 00 00 00 00 00 00 00 00 00 00 00 00 00 
  Offset 0x0010: 00 00 00 00 00 00 00 00 00 00 00 00 00 00 00 00 
---------------------------------------------------------------------------
Process: p432 | Page: 1 | Size: 32 bytes
  Offset 0x0000: 00 00 00 00 00 00 00 00 00 00 00 00 00 00 00 00 
  Offset 0x0010: 00 00 00 00 00 00 00 00 00 00 00 00 00 00 00 00 
---------------------------------------------------------------------------
Process: p433 | Page: 0 | Size: 32 bytes
  Offset 0x0000: 00 00 00 00 00 00 00 00 00 00 00 00 00 00 00 00 
  Offset 0x0010: 00 00 00 00 00 00 00 00 00 00 00 00 00 00 00 00 
---------------------------------------------------------------------------
Process: p433 | Page: 1 | Size: 32 bytes
  Offset 0x0000: 00 00 00 00 00 00 00 00 00 00 00 00 00 00 00 00 
  Offset 0x0010: 00 00 00 00 00 00 00 00 00 00 00 00 00 00 00 00 
---------------------------------------------------------------------------
Process: p434 | Page: 0 | Size: 32 bytes
  Offset 0x0000: 00 00 00 00 00 00 00 00 00 00 00 00 00 00 00 00 
  Offset 0x0010: 00 00 00 00 00 00 00 00 00 00 00 00 00 00 00 00 
---------------------------------------------------------------------------
Process: p434 | Page: 1 | Size: 32 bytes
  Offset 0x0000: 00 00 00 00 00 00 00 00 00 00 00 00 00 00 00 00 
  Offset 0x0010: 00 00 00 00 00 00 00 00 00 00 00 00 00 00 00 00 
---------------------------------------------------------------------------
Process: p435 | Page: 0 | Size: 32 bytes
  Offset 0x0000: 00 00 00 00 00 00 00 00 00 00 00 00 00 00 00 00 
  Offset 0x0010: 00 00 00 00 00 00 00 00 00 00 00 00 00 00 00 00 
---------------------------------------------------------------------------
Process: p435 | Page: 1 | Size: 32 bytes
  Offset 0x0000: 00 00 00 00 00 00 00 00 00 00 00 00 00 00 00 00 
  Offset 0x0010: 00 00 00 00 00 00 00 00 00 00 00 00 00 00 00 00 
---------------------------------------------------------------------------
Process: p436 | Page: 0 | Size: 32 bytes
  Offset 0x0000: 00 00 00 00 00 00 00 00 00 00 00 00 00 00 00 00 
  Offset 0x0010: 00 00 00 00 00 00 00 00 00 00 00 00 00 00 00 00 
---------------------------------------------------------------------------
Process: p436 | Page: 1 | Size: 32 bytes
  Offset 0x0000: 00 00 00 00 00 00 00 00 00 00 00 00 00 00 00 00 
  Offset 0x0010: 00 00 00 00 00 00 00 00 00 00 00 00 00 00 00 00 
---------------------------------------------------------------------------
Process: p437 | Page: 0 | Size: 32 bytes
  Offset 0x0000: 00 00 00 00 00 00 00 00 00 00 00 00 00 00 00 00 
  Offset 0x0010: 00 00 00 00 00 00 00 00 00 00 00 00 00 00 00 00 
---------------------------------------------------------------------------
Process: p437 | Page: 1 | Size: 32 bytes
  Offset 0x0000: 00 00 00 00 00 00 00 00 00 00 00 00 00 00 00 00 
  Offset 0x0010: 00 00 00 00 00 00 00 00 00 00 00 00 00 00 00 00 
---------------------------------------------------------------------------
Process: p438 | Page: 0 | Size: 32 bytes
  Offset 0x0000: 00 00 00 00 00 00 00 00 00 00 00 00 00 00 00 00 
  Offset 0x0010: 00 00 00 00 00 00 00 00 00 00 00 00 00 00 00 00 
---------------------------------------------------------------------------
Process: p438 | Page: 1 | Size: 32 bytes
  Offset 0x0000: 00 00 00 00 00 00 00 00 00 00 00 00 00 00 00 00 
  Offset 0x0010: 00 00 00 00 00 00 00 00 00 00 00 00 00 00 00 00 
---------------------------------------------------------------------------
Process: p439 | Page: 0 | Size: 32 bytes
  Offset 0x0000: 00 00 00 00 00 00 00 00 00 00 00 00 00 00 00 00 
  Offset 0x0010: 00 00 00 00 00 00 00 00 00 00 00 00 00 00 00 00 
---------------------------------------------------------------------------
Process: p439 | Page: 1 | Size: 32 bytes
  Offset 0x0000: 00 00 00 00 00 00 00 00 00 00 00 00 00 00 00 00 
  Offset 0x0010: 00 00 00 00 00 00 00 00 00 00 00 00 00 00 00 00 
---------------------------------------------------------------------------
Process: p44 | Page: 0 | Size: 32 bytes
  Offset 0x0000: 00 00 00 00 00 00 00 00 00 00 00 00 00 00 00 00 
  Offset 0x0010: 00 00 00 00 00 00 00 00 00 00 00 00 00 00 00 00 
---------------------------------------------------------------------------
Process: p44 | Page: 1 | Size: 32 bytes
  Offset 0x0000: 00 00 00 00 00 00 00 00 00 00 00 00 00 00 00 00 
  Offset 0x0010: 00 00 00 00 00 00 00 00 00 00 00 00 00 00 00 00 
---------------------------------------------------------------------------
Process: p440 | Page: 0 | Size: 32 bytes
  Offset 0x0000: 00 00 00 00 00 00 00 00 00 00 00 00 00 00 00 00 
  Offset 0x0010: 00 00 00 00 00 00 00 00 00 00 00 00 00 00 00 00 
---------------------------------------------------------------------------
Process: p440 | Page: 1 | Size: 32 bytes
  Offset 0x0000: 00 00 00 00 00 00 00 00 00 00 00 00 00 00 00 00 
  Offset 0x0010: 00 00 00 00 00 00 00 00 00 00 00 00 00 00 00 00 
---------------------------------------------------------------------------
Process: p441 | Page: 0 | Size: 32 bytes
  Offset 0x0000: 00 00 00 00 00 00 00 00 00 00 00 00 00 00 00 00 
  Offset 0x0010: 00 00 00 00 00 00 00 00 00 00 00 00 00 00 00 00 
---------------------------------------------------------------------------
Process: p441 | Page: 1 | Size: 32 bytes
  Offset 0x0000: 00 00 00 00 00 00 00 00 00 00 00 00 00 00 00 00 
  Offset 0x0010: 00 00 00 00 00 00 00 00 00 00 00 00 00 00 00 00 
---------------------------------------------------------------------------
Process: p442 | Page: 0 | Size: 32 bytes
  Offset 0x0000: 00 00 00 00 00 00 00 00 00 00 00 00 00 00 00 00 
  Offset 0x0010: 00 00 00 00 00 00 00 00 00 00 00 00 00 00 00 00 
---------------------------------------------------------------------------
Process: p442 | Page: 1 | Size: 32 bytes
  Offset 0x0000: 00 00 00 00 00 00 00 00 00 00 00 00 00 00 00 00 
  Offset 0x0010: 00 00 00 00 00 00 00 00 00 00 00 00 00 00 00 00 
---------------------------------------------------------------------------
Process: p443 | Page: 0 | Size: 32 bytes
  Offset 0x0000: 00 00 00 00 00 00 00 00 00 00 00 00 00 00 00 00 
  Offset 0x0010: 00 00 00 00 00 00 00 00 00 00 00 00 00 00 00 00 
---------------------------------------------------------------------------
Process: p443 | Page: 1 | Size: 32 bytes
  Offset 0x0000: 00 00 00 00 00 00 00 00 00 00 00 00 00 00 00 00 
  Offset 0x0010: 00 00 00 00 00 00 00 00 00 00 00 00 00 00 00 00 
---------------------------------------------------------------------------
Process: p444 | Page: 0 | Size: 32 bytes
  Offset 0x0000: 00 00 00 00 00 00 00 00 00 00 00 00 00 00 00 00 
  Offset 0x0010: 00 00 00 00 00 00 00 00 00 00 00 00 00 00 00 00 
---------------------------------------------------------------------------
Process: p444 | Page: 1 | Size: 32 bytes
  Offset 0x0000: 00 00 00 00 00 00 00 00 00 00 00 00 00 00 00 00 
  Offset 0x0010: 00 00 00 00 00 00 00 00 00 00 00 00 00 00 00 00 
---------------------------------------------------------------------------
Process: p445 | Page: 0 | Size: 32 bytes
  Offset 0x0000: 00 00 00 00 00 00 00 00 00 00 00 00 00 00 00 00 
  Offset 0x0010: 00 00 00 00 00 00 00 00 00 00 00 00 00 00 00 00 
---------------------------------------------------------------------------
Process: p445 | Page: 1 | Size: 32 bytes
  Offset 0x0000: 00 00 00 00 00 00 00 00 00 00 00 00 00 00 00 00 
  Offset 0x0010: 00 00 00 00 00 00 00 00 00 00 00 00 00 00 00 00 
---------------------------------------------------------------------------
Process: p446 | Page: 0 | Size: 32 bytes
  Offset 0x0000: 00 00 00 00 00 00 00 00 00 00 00 00 00 00 00 00 
  Offset 0x0010: 00 00 00 00 00 00 00 00 00 00 00 00 00 00 00 00 
---------------------------------------------------------------------------
Process: p446 | Page: 1 | Size: 32 bytes
  Offset 0x0000: 00 00 00 00 00 00 00 00 00 00 00 00 00 00 00 00 
  Offset 0x0010: 00 00 00 00 00 00 00 00 00 00 00 00 00 00 00 00 
---------------------------------------------------------------------------
Process: p447 | Page: 0 | Size: 32 bytes
  Offset 0x0000: 00 00 00 00 00 00 00 00 00 00 00 00 00 00 00 00 
  Offset 0x0010: 00 00 00 00 00 00 00 00 00 00 00 00 00 00 00 00 
---------------------------------------------------------------------------
Process: p447 | Page: 1 | Size: 32 bytes
  Offset 0x0000: 00 00 00 00 00 00 00 00 00 00 00 00 00 00 00 00 
  Offset 0x0010: 00 00 00 00 00 00 00 00 00 00 00 00 00 00 00 00 
---------------------------------------------------------------------------
Process: p448 | Page: 0 | Size: 32 bytes
  Offset 0x0000: 00 00 00 00 00 00 00 00 00 00 00 00 00 00 00 00 
  Offset 0x0010: 00 00 00 00 00 00 00 00 00 00 00 00 00 00 00 00 
---------------------------------------------------------------------------
Process: p448 | Page: 1 | Size: 32 bytes
  Offset 0x0000: 00 00 00 00 00 00 00 00 00 00 00 00 00 00 00 00 
  Offset 0x0010: 00 00 00 00 00 00 00 00 00 00 00 00 00 00 00 00 
---------------------------------------------------------------------------
Process: p449 | Page: 0 | Size: 32 bytes
  Offset 0x0000: 00 00 00 00 00 00 00 00 00 00 00 00 00 00 00 00 
  Offset 0x0010: 00 00 00 00 00 00 00 00 00 00 00 00 00 00 00 00 
---------------------------------------------------------------------------
Process: p449 | Page: 1 | Size: 32 bytes
  Offset 0x0000: 00 00 00 00 00 00 00 00 00 00 00 00 00 00 00 00 
  Offset 0x0010: 00 00 00 00 00 00 00 00 00 00 00 00 00 00 00 00 
---------------------------------------------------------------------------
Process: p45 | Page: 0 | Size: 32 bytes
  Offset 0x0000: 00 00 00 00 00 00 00 00 00 00 00 00 00 00 00 00 
  Offset 0x0010: 00 00 00 00 00 00 00 00 00 00 00 00 00 00 00 00 
---------------------------------------------------------------------------
Process: p45 | Page: 1 | Size: 32 bytes
  Offset 0x0000: 00 00 00 00 00 00 00 00 00 00 00 00 00 00 00 00 
  Offset 0x0010: 00 00 00 00 00 00 00 00 00 00 00 00 00 00 00 00 
---------------------------------------------------------------------------
Process: p450 | Page: 0 | Size: 32 bytes
  Offset 0x0000: 00 00 00 00 00 00 00 00 00 00 00 00 00 00 00 00 
  Offset 0x0010: 00 00 00 00 00 00 00 00 00 00 00 00 00 00 00 00 
---------------------------------------------------------------------------
Process: p450 | Page: 1 | Size: 32 bytes
  Offset 0x0000: 00 00 00 00 00 00 00 00 00 00 00 00 00 00 00 00 
  Offset 0x0010: 00 00 00 00 00 00 00 00 00 00 00 00 00 00 00 00 
---------------------------------------------------------------------------
Process: p451 | Page: 0 | Size: 32 bytes
  Offset 0x0000: 00 00 00 00 00 00 00 00 00 00 00 00 00 00 00 00 
  Offset 0x0010: 00 00 00 00 00 00 00 00 00 00 00 00 00 00 00 00 
---------------------------------------------------------------------------
Process: p451 | Page: 1 | Size: 32 bytes
  Offset 0x0000: 00 00 00 00 00 00 00 00 00 00 00 00 00 00 00 00 
  Offset 0x0010: 00 00 00 00 00 00 00 00 00 00 00 00 00 00 00 00 
---------------------------------------------------------------------------
Process: p452 | Page: 0 | Size: 32 bytes
  Offset 0x0000: 00 00 00 00 00 00 00 00 00 00 00 00 00 00 00 00 
  Offset 0x0010: 00 00 00 00 00 00 00 00 00 00 00 00 00 00 00 00 
---------------------------------------------------------------------------
Process: p452 | Page: 1 | Size: 32 bytes
  Offset 0x0000: 00 00 00 00 00 00 00 00 00 00 00 00 00 00 00 00 
  Offset 0x0010: 00 00 00 00 00 00 00 00 00 00 00 00 00 00 00 00 
---------------------------------------------------------------------------
Process: p453 | Page: 0 | Size: 32 bytes
  Offset 0x0000: 00 00 00 00 00 00 00 00 00 00 00 00 00 00 00 00 
  Offset 0x0010: 00 00 00 00 00 00 00 00 00 00 00 00 00 00 00 00 
---------------------------------------------------------------------------
Process: p453 | Page: 1 | Size: 32 bytes
  Offset 0x0000: 00 00 00 00 00 00 00 00 00 00 00 00 00 00 00 00 
  Offset 0x0010: 00 00 00 00 00 00 00 00 00 00 00 00 00 00 00 00 
---------------------------------------------------------------------------
Process: p454 | Page: 0 | Size: 32 bytes
  Offset 0x0000: 00 00 00 00 00 00 00 00 00 00 00 00 00 00 00 00 
  Offset 0x0010: 00 00 00 00 00 00 00 00 00 00 00 00 00 00 00 00 
---------------------------------------------------------------------------
Process: p454 | Page: 1 | Size: 32 bytes
  Offset 0x0000: 00 00 00 00 00 00 00 00 00 00 00 00 00 00 00 00 
  Offset 0x0010: 00 00 00 00 00 00 00 00 00 00 00 00 00 00 00 00 
---------------------------------------------------------------------------
Process: p455 | Page: 0 | Size: 32 bytes
  Offset 0x0000: 00 00 00 00 00 00 00 00 00 00 00 00 00 00 00 00 
  Offset 0x0010: 00 00 00 00 00 00 00 00 00 00 00 00 00 00 00 00 
---------------------------------------------------------------------------
Process: p455 | Page: 1 | Size: 32 bytes
  Offset 0x0000: 00 00 00 00 00 00 00 00 00 00 00 00 00 00 00 00 
  Offset 0x0010: 00 00 00 00 00 00 00 00 00 00 00 00 00 00 00 00 
---------------------------------------------------------------------------
Process: p456 | Page: 0 | Size: 32 bytes
  Offset 0x0000: 00 00 00 00 00 00 00 00 00 00 00 00 00 00 00 00 
  Offset 0x0010: 00 00 00 00 00 00 00 00 00 00 00 00 00 00 00 00 
---------------------------------------------------------------------------
Process: p456 | Page: 1 | Size: 32 bytes
  Offset 0x0000: 00 00 00 00 00 00 00 00 00 00 00 00 00 00 00 00 
  Offset 0x0010: 00 00 00 00 00 00 00 00 00 00 00 00 00 00 00 00 
---------------------------------------------------------------------------
Process: p457 | Page: 0 | Size: 32 bytes
  Offset 0x0000: 00 00 00 00 00 00 00 00 00 00 00 00 00 00 00 00 
  Offset 0x0010: 00 00 00 00 00 00 00 00 00 00 00 00 00 00 00 00 
---------------------------------------------------------------------------
Process: p457 | Page: 1 | Size: 32 bytes
  Offset 0x0000: 00 00 00 00 00 00 00 00 00 00 00 00 00 00 00 00 
  Offset 0x0010: 00 00 00 00 00 00 00 00 00 00 00 00 00 00 00 00 
---------------------------------------------------------------------------
Process: p458 | Page: 0 | Size: 32 bytes
  Offset 0x0000: 00 00 00 00 00 00 00 00 00 00 00 00 00 00 00 00 
  Offset 0x0010: 00 00 00 00 00 00 00 00 00 00 00 00 00 00 00 00 
---------------------------------------------------------------------------
Process: p458 | Page: 1 | Size: 32 bytes
  Offset 0x0000: 00 00 00 00 00 00 00 00 00 00 00 00 00 00 00 00 
  Offset 0x0010: 00 00 00 00 00 00 00 00 00 00 00 00 00 00 00 00 
---------------------------------------------------------------------------
Process: p459 | Page: 0 | Size: 32 bytes
  Offset 0x0000: 00 00 00 00 00 00 00 00 00 00 00 00 00 00 00 00 
  Offset 0x0010: 00 00 00 00 00 00 00 00 00 00 00 00 00 00 00 00 
---------------------------------------------------------------------------
Process: p459 | Page: 1 | Size: 32 bytes
  Offset 0x0000: 00 00 00 00 00 00 00 00 00 00 00 00 00 00 00 00 
  Offset 0x0010: 00 00 00 00 00 00 00 00 00 00 00 00 00 00 00 00 
---------------------------------------------------------------------------
Process: p46 | Page: 0 | Size: 32 bytes
  Offset 0x0000: 00 00 00 00 00 00 00 00 00 00 00 00 00 00 00 00 
  Offset 0x0010: 00 00 00 00 00 00 00 00 00 00 00 00 00 00 00 00 
---------------------------------------------------------------------------
Process: p46 | Page: 1 | Size: 32 bytes
  Offset 0x0000: 00 00 00 00 00 00 00 00 00 00 00 00 00 00 00 00 
  Offset 0x0010: 00 00 00 00 00 00 00 00 00 00 00 00 00 00 00 00 
---------------------------------------------------------------------------
Process: p460 | Page: 0 | Size: 32 bytes
  Offset 0x0000: 00 00 00 00 00 00 00 00 00 00 00 00 00 00 00 00 
  Offset 0x0010: 00 00 00 00 00 00 00 00 00 00 00 00 00 00 00 00 
---------------------------------------------------------------------------
Process: p460 | Page: 1 | Size: 32 bytes
  Offset 0x0000: 00 00 00 00 00 00 00 00 00 00 00 00 00 00 00 00 
  Offset 0x0010: 00 00 00 00 00 00 00 00 00 00 00 00 00 00 00 00 
---------------------------------------------------------------------------
Process: p461 | Page: 0 | Size: 32 bytes
  Offset 0x0000: 00 00 00 00 00 00 00 00 00 00 00 00 00 00 00 00 
  Offset 0x0010: 00 00 00 00 00 00 00 00 00 00 00 00 00 00 00 00 
---------------------------------------------------------------------------
Process: p461 | Page: 1 | Size: 32 bytes
  Offset 0x0000: 00 00 00 00 00 00 00 00 00 00 00 00 00 00 00 00 
  Offset 0x0010: 00 00 00 00 00 00 00 00 00 00 00 00 00 00 00 00 
---------------------------------------------------------------------------
Process: p462 | Page: 0 | Size: 32 bytes
  Offset 0x0000: 00 00 00 00 00 00 00 00 00 00 00 00 00 00 00 00 
  Offset 0x0010: 00 00 00 00 00 00 00 00 00 00 00 00 00 00 00 00 
---------------------------------------------------------------------------
Process: p462 | Page: 1 | Size: 32 bytes
  Offset 0x0000: 00 00 00 00 00 00 00 00 00 00 00 00 00 00 00 00 
  Offset 0x0010: 00 00 00 00 00 00 00 00 00 00 00 00 00 00 00 00 
---------------------------------------------------------------------------
Process: p463 | Page: 0 | Size: 32 bytes
  Offset 0x0000: 00 00 00 00 00 00 00 00 00 00 00 00 00 00 00 00 
  Offset 0x0010: 00 00 00 00 00 00 00 00 00 00 00 00 00 00 00 00 
---------------------------------------------------------------------------
Process: p463 | Page: 1 | Size: 32 bytes
  Offset 0x0000: 00 00 00 00 00 00 00 00 00 00 00 00 00 00 00 00 
  Offset 0x0010: 00 00 00 00 00 00 00 00 00 00 00 00 00 00 00 00 
---------------------------------------------------------------------------
Process: p464 | Page: 0 | Size: 32 bytes
  Offset 0x0000: 00 00 00 00 00 00 00 00 00 00 00 00 00 00 00 00 
  Offset 0x0010: 00 00 00 00 00 00 00 00 00 00 00 00 00 00 00 00 
---------------------------------------------------------------------------
Process: p464 | Page: 1 | Size: 32 bytes
  Offset 0x0000: 00 00 00 00 00 00 00 00 00 00 00 00 00 00 00 00 
  Offset 0x0010: 00 00 00 00 00 00 00 00 00 00 00 00 00 00 00 00 
---------------------------------------------------------------------------
Process: p465 | Page: 0 | Size: 32 bytes
  Offset 0x0000: 00 00 00 00 00 00 00 00 00 00 00 00 00 00 00 00 
  Offset 0x0010: 00 00 00 00 00 00 00 00 00 00 00 00 00 00 00 00 
---------------------------------------------------------------------------
Process: p465 | Page: 1 | Size: 32 bytes
  Offset 0x0000: 00 00 00 00 00 00 00 00 00 00 00 00 00 00 00 00 
  Offset 0x0010: 00 00 00 00 00 00 00 00 00 00 00 00 00 00 00 00 
---------------------------------------------------------------------------
Process: p466 | Page: 0 | Size: 32 bytes
  Offset 0x0000: 00 00 00 00 00 00 00 00 00 00 00 00 00 00 00 00 
  Offset 0x0010: 00 00 00 00 00 00 00 00 00 00 00 00 00 00 00 00 
---------------------------------------------------------------------------
Process: p466 | Page: 1 | Size: 32 bytes
  Offset 0x0000: 00 00 00 00 00 00 00 00 00 00 00 00 00 00 00 00 
  Offset 0x0010: 00 00 00 00 00 00 00 00 00 00 00 00 00 00 00 00 
---------------------------------------------------------------------------
Process: p467 | Page: 0 | Size: 32 bytes
  Offset 0x0000: 00 00 00 00 00 00 00 00 00 00 00 00 00 00 00 00 
  Offset 0x0010: 00 00 00 00 00 00 00 00 00 00 00 00 00 00 00 00 
---------------------------------------------------------------------------
Process: p467 | Page: 1 | Size: 32 bytes
  Offset 0x0000: 00 00 00 00 00 00 00 00 00 00 00 00 00 00 00 00 
  Offset 0x0010: 00 00 00 00 00 00 00 00 00 00 00 00 00 00 00 00 
---------------------------------------------------------------------------
Process: p468 | Page: 0 | Size: 32 bytes
  Offset 0x0000: 00 00 00 00 00 00 00 00 00 00 00 00 00 00 00 00 
  Offset 0x0010: 00 00 00 00 00 00 00 00 00 00 00 00 00 00 00 00 
---------------------------------------------------------------------------
Process: p468 | Page: 1 | Size: 32 bytes
  Offset 0x0000: 00 00 00 00 00 00 00 00 00 00 00 00 00 00 00 00 
  Offset 0x0010: 00 00 00 00 00 00 00 00 00 00 00 00 00 00 00 00 
---------------------------------------------------------------------------
Process: p469 | Page: 0 | Size: 32 bytes
  Offset 0x0000: 00 00 00 00 00 00 00 00 00 00 00 00 00 00 00 00 
  Offset 0x0010: 00 00 00 00 00 00 00 00 00 00 00 00 00 00 00 00 
---------------------------------------------------------------------------
Process: p469 | Page: 1 | Size: 32 bytes
  Offset 0x0000: 00 00 00 00 00 00 00 00 00 00 00 00 00 00 00 00 
  Offset 0x0010: 00 00 00 00 00 00 00 00 00 00 00 00 00 00 00 00 
---------------------------------------------------------------------------
Process: p47 | Page: 0 | Size: 32 bytes
  Offset 0x0000: 00 00 00 00 00 00 00 00 00 00 00 00 00 00 00 00 
  Offset 0x0010: 00 00 00 00 00 00 00 00 00 00 00 00 00 00 00 00 
---------------------------------------------------------------------------
Process: p47 | Page: 1 | Size: 32 bytes
  Offset 0x0000: 00 00 00 00 00 00 00 00 00 00 00 00 00 00 00 00 
  Offset 0x0010: 00 00 00 00 00 00 00 00 00 00 00 00 00 00 00 00 
---------------------------------------------------------------------------
Process: p470 | Page: 0 | Size: 32 bytes
  Offset 0x0000: 00 00 00 00 00 00 00 00 00 00 00 00 00 00 00 00 
  Offset 0x0010: 00 00 00 00 00 00 00 00 00 00 00 00 00 00 00 00 
---------------------------------------------------------------------------
Process: p470 | Page: 1 | Size: 32 bytes
  Offset 0x0000: 00 00 00 00 00 00 00 00 00 00 00 00 00 00 00 00 
  Offset 0x0010: 00 00 00 00 00 00 00 00 00 00 00 00 00 00 00 00 
---------------------------------------------------------------------------
Process: p471 | Page: 0 | Size: 32 bytes
  Offset 0x0000: 00 00 00 00 00 00 00 00 00 00 00 00 00 00 00 00 
  Offset 0x0010: 00 00 00 00 00 00 00 00 00 00 00 00 00 00 00 00 
---------------------------------------------------------------------------
Process: p471 | Page: 1 | Size: 32 bytes
  Offset 0x0000: 00 00 00 00 00 00 00 00 00 00 00 00 00 00 00 00 
  Offset 0x0010: 00 00 00 00 00 00 00 00 00 00 00 00 00 00 00 00 
---------------------------------------------------------------------------
Process: p472 | Page: 0 | Size: 32 bytes
  Offset 0x0000: 00 00 00 00 00 00 00 00 00 00 00 00 00 00 00 00 
  Offset 0x0010: 00 00 00 00 00 00 00 00 00 00 00 00 00 00 00 00 
---------------------------------------------------------------------------
Process: p472 | Page: 1 | Size: 32 bytes
  Offset 0x0000: 00 00 00 00 00 00 00 00 00 00 00 00 00 00 00 00 
  Offset 0x0010: 00 00 00 00 00 00 00 00 00 00 00 00 00 00 00 00 
---------------------------------------------------------------------------
Process: p473 | Page: 0 | Size: 32 bytes
  Offset 0x0000: 00 00 00 00 00 00 00 00 00 00 00 00 00 00 00 00 
  Offset 0x0010: 00 00 00 00 00 00 00 00 00 00 00 00 00 00 00 00 
---------------------------------------------------------------------------
Process: p473 | Page: 1 | Size: 32 bytes
  Offset 0x0000: 00 00 00 00 00 00 00 00 00 00 00 00 00 00 00 00 
  Offset 0x0010: 00 00 00 00 00 00 00 00 00 00 00 00 00 00 00 00 
---------------------------------------------------------------------------
Process: p474 | Page: 0 | Size: 32 bytes
  Offset 0x0000: 00 00 00 00 00 00 00 00 00 00 00 00 00 00 00 00 
  Offset 0x0010: 00 00 00 00 00 00 00 00 00 00 00 00 00 00 00 00 
---------------------------------------------------------------------------
Process: p474 | Page: 1 | Size: 32 bytes
  Offset 0x0000: 00 00 00 00 00 00 00 00 00 00 00 00 00 00 00 00 
  Offset 0x0010: 00 00 00 00 00 00 00 00 00 00 00 00 00 00 00 00 
---------------------------------------------------------------------------
Process: p475 | Page: 0 | Size: 32 bytes
  Offset 0x0000: 00 00 00 00 00 00 00 00 00 00 00 00 00 00 00 00 
  Offset 0x0010: 00 00 00 00 00 00 00 00 00 00 00 00 00 00 00 00 
---------------------------------------------------------------------------
Process: p475 | Page: 1 | Size: 32 bytes
  Offset 0x0000: 00 00 00 00 00 00 00 00 00 00 00 00 00 00 00 00 
  Offset 0x0010: 00 00 00 00 00 00 00 00 00 00 00 00 00 00 00 00 
---------------------------------------------------------------------------
Process: p476 | Page: 0 | Size: 32 bytes
  Offset 0x0000: 00 00 00 00 00 00 00 00 00 00 00 00 00 00 00 00 
  Offset 0x0010: 00 00 00 00 00 00 00 00 00 00 00 00 00 00 00 00 
---------------------------------------------------------------------------
Process: p476 | Page: 1 | Size: 32 bytes
  Offset 0x0000: 00 00 00 00 00 00 00 00 00 00 00 00 00 00 00 00 
  Offset 0x0010: 00 00 00 00 00 00 00 00 00 00 00 00 00 00 00 00 
---------------------------------------------------------------------------
Process: p477 | Page: 0 | Size: 32 bytes
  Offset 0x0000: 00 00 00 00 00 00 00 00 00 00 00 00 00 00 00 00 
  Offset 0x0010: 00 00 00 00 00 00 00 00 00 00 00 00 00 00 00 00 
---------------------------------------------------------------------------
Process: p477 | Page: 1 | Size: 32 bytes
  Offset 0x0000: 00 00 00 00 00 00 00 00 00 00 00 00 00 00 00 00 
  Offset 0x0010: 00 00 00 00 00 00 00 00 00 00 00 00 00 00 00 00 
---------------------------------------------------------------------------
Process: p478 | Page: 0 | Size: 32 bytes
  Offset 0x0000: 00 00 00 00 00 00 00 00 00 00 00 00 00 00 00 00 
  Offset 0x0010: 00 00 00 00 00 00 00 00 00 00 00 00 00 00 00 00 
---------------------------------------------------------------------------
Process: p478 | Page: 1 | Size: 32 bytes
  Offset 0x0000: 00 00 00 00 00 00 00 00 00 00 00 00 00 00 00 00 
  Offset 0x0010: 00 00 00 00 00 00 00 00 00 00 00 00 00 00 00 00 
---------------------------------------------------------------------------
Process: p479 | Page: 0 | Size: 32 bytes
  Offset 0x0000: 00 00 00 00 00 00 00 00 00 00 00 00 00 00 00 00 
  Offset 0x0010: 00 00 00 00 00 00 00 00 00 00 00 00 00 00 00 00 
---------------------------------------------------------------------------
Process: p479 | Page: 1 | Size: 32 bytes
  Offset 0x0000: 00 00 00 00 00 00 00 00 00 00 00 00 00 00 00 00 
  Offset 0x0010: 00 00 00 00 00 00 00 00 00 00 00 00 00 00 00 00 
---------------------------------------------------------------------------
Process: p48 | Page: 0 | Size: 32 bytes
  Offset 0x0000: 00 00 00 00 00 00 00 00 00 00 00 00 00 00 00 00 
  Offset 0x0010: 00 00 00 00 00 00 00 00 00 00 00 00 00 00 00 00 
---------------------------------------------------------------------------
Process: p48 | Page: 1 | Size: 32 bytes
  Offset 0x0000: 00 00 00 00 00 00 00 00 00 00 00 00 00 00 00 00 
  Offset 0x0010: 00 00 00 00 00 00 00 00 00 00 00 00 00 00 00 00 
---------------------------------------------------------------------------
Process: p480 | Page: 0 | Size: 32 bytes
  Offset 0x0000: 00 00 00 00 00 00 00 00 00 00 00 00 00 00 00 00 
  Offset 0x0010: 00 00 00 00 00 00 00 00 00 00 00 00 00 00 00 00 
---------------------------------------------------------------------------
Process: p480 | Page: 1 | Size: 32 bytes
  Offset 0x0000: 00 00 00 00 00 00 00 00 00 00 00 00 00 00 00 00 
  Offset 0x0010: 00 00 00 00 00 00 00 00 00 00 00 00 00 00 00 00 
---------------------------------------------------------------------------
Process: p481 | Page: 0 | Size: 32 bytes
  Offset 0x0000: 00 00 00 00 00 00 00 00 00 00 00 00 00 00 00 00 
  Offset 0x0010: 00 00 00 00 00 00 00 00 00 00 00 00 00 00 00 00 
---------------------------------------------------------------------------
Process: p481 | Page: 1 | Size: 32 bytes
  Offset 0x0000: 00 00 00 00 00 00 00 00 00 00 00 00 00 00 00 00 
  Offset 0x0010: 00 00 00 00 00 00 00 00 00 00 00 00 00 00 00 00 
---------------------------------------------------------------------------
Process: p482 | Page: 0 | Size: 32 bytes
  Offset 0x0000: 00 00 00 00 00 00 00 00 00 00 00 00 00 00 00 00 
  Offset 0x0010: 00 00 00 00 00 00 00 00 00 00 00 00 00 00 00 00 
---------------------------------------------------------------------------
Process: p482 | Page: 1 | Size: 32 bytes
  Offset 0x0000: 00 00 00 00 00 00 00 00 00 00 00 00 00 00 00 00 
  Offset 0x0010: 00 00 00 00 00 00 00 00 00 00 00 00 00 00 00 00 
---------------------------------------------------------------------------
Process: p483 | Page: 0 | Size: 32 bytes
  Offset 0x0000: 00 00 00 00 00 00 00 00 00 00 00 00 00 00 00 00 
  Offset 0x0010: 00 00 00 00 00 00 00 00 00 00 00 00 00 00 00 00 
---------------------------------------------------------------------------
Process: p483 | Page: 1 | Size: 32 bytes
  Offset 0x0000: 00 00 00 00 00 00 00 00 00 00 00 00 00 00 00 00 
  Offset 0x0010: 00 00 00 00 00 00 00 00 00 00 00 00 00 00 00 00 
---------------------------------------------------------------------------
Process: p484 | Page: 0 | Size: 32 bytes
  Offset 0x0000: 00 00 00 00 00 00 00 00 00 00 00 00 00 00 00 00 
  Offset 0x0010: 00 00 00 00 00 00 00 00 00 00 00 00 00 00 00 00 
---------------------------------------------------------------------------
Process: p484 | Page: 1 | Size: 32 bytes
  Offset 0x0000: 00 00 00 00 00 00 00 00 00 00 00 00 00 00 00 00 
  Offset 0x0010: 00 00 00 00 00 00 00 00 00 00 00 00 00 00 00 00 
---------------------------------------------------------------------------
Process: p485 | Page: 0 | Size: 32 bytes
  Offset 0x0000: 00 00 00 00 00 00 00 00 00 00 00 00 00 00 00 00 
  Offset 0x0010: 00 00 00 00 00 00 00 00 00 00 00 00 00 00 00 00 
---------------------------------------------------------------------------
Process: p485 | Page: 1 | Size: 32 bytes
  Offset 0x0000: 00 00 00 00 00 00 00 00 00 00 00 00 00 00 00 00 
  Offset 0x0010: 00 00 00 00 00 00 00 00 00 00 00 00 00 00 00 00 
---------------------------------------------------------------------------
Process: p486 | Page: 0 | Size: 32 bytes
  Offset 0x0000: 00 00 00 00 00 00 00 00 00 00 00 00 00 00 00 00 
  Offset 0x0010: 00 00 00 00 00 00 00 00 00 00 00 00 00 00 00 00 
---------------------------------------------------------------------------
Process: p486 | Page: 1 | Size: 32 bytes
  Offset 0x0000: 00 00 00 00 00 00 00 00 00 00 00 00 00 00 00 00 
  Offset 0x0010: 00 00 00 00 00 00 00 00 00 00 00 00 00 00 00 00 
---------------------------------------------------------------------------
Process: p487 | Page: 0 | Size: 32 bytes
  Offset 0x0000: 00 00 00 00 00 00 00 00 00 00 00 00 00 00 00 00 
  Offset 0x0010: 00 00 00 00 00 00 00 00 00 00 00 00 00 00 00 00 
---------------------------------------------------------------------------
Process: p487 | Page: 1 | Size: 32 bytes
  Offset 0x0000: 00 00 00 00 00 00 00 00 00 00 00 00 00 00 00 00 
  Offset 0x0010: 00 00 00 00 00 00 00 00 00 00 00 00 00 00 00 00 
---------------------------------------------------------------------------
Process: p488 | Page: 0 | Size: 32 bytes
  Offset 0x0000: 00 00 00 00 00 00 00 00 00 00 00 00 00 00 00 00 
  Offset 0x0010: 00 00 00 00 00 00 00 00 00 00 00 00 00 00 00 00 
---------------------------------------------------------------------------
Process: p488 | Page: 1 | Size: 32 bytes
  Offset 0x0000: 00 00 00 00 00 00 00 00 00 00 00 00 00 00 00 00 
  Offset 0x0010: 00 00 00 00 00 00 00 00 00 00 00 00 00 00 00 00 
---------------------------------------------------------------------------
Process: p489 | Page: 0 | Size: 32 bytes
  Offset 0x0000: 00 00 00 00 00 00 00 00 00 00 00 00 00 00 00 00 
  Offset 0x0010: 00 00 00 00 00 00 00 00 00 00 00 00 00 00 00 00 
---------------------------------------------------------------------------
Process: p489 | Page: 1 | Size: 32 bytes
  Offset 0x0000: 00 00 00 00 00 00 00 00 00 00 00 00 00 00 00 00 
  Offset 0x0010: 00 00 00 00 00 00 00 00 00 00 00 00 00 00 00 00 
---------------------------------------------------------------------------
Process: p49 | Page: 0 | Size: 32 bytes
  Offset 0x0000: 00 00 00 00 00 00 00 00 00 00 00 00 00 00 00 00 
  Offset 0x0010: 00 00 00 00 00 00 00 00 00 00 00 00 00 00 00 00 
---------------------------------------------------------------------------
Process: p49 | Page: 1 | Size: 32 bytes
  Offset 0x0000: 00 00 00 00 00 00 00 00 00 00 00 00 00 00 00 00 
  Offset 0x0010: 00 00 00 00 00 00 00 00 00 00 00 00 00 00 00 00 
---------------------------------------------------------------------------
Process: p490 | Page: 0 | Size: 32 bytes
  Offset 0x0000: 00 00 00 00 00 00 00 00 00 00 00 00 00 00 00 00 
  Offset 0x0010: 00 00 00 00 00 00 00 00 00 00 00 00 00 00 00 00 
---------------------------------------------------------------------------
Process: p490 | Page: 1 | Size: 32 bytes
  Offset 0x0000: 00 00 00 00 00 00 00 00 00 00 00 00 00 00 00 00 
  Offset 0x0010: 00 00 00 00 00 00 00 00 00 00 00 00 00 00 00 00 
---------------------------------------------------------------------------
Process: p491 | Page: 0 | Size: 32 bytes
  Offset 0x0000: 00 00 00 00 00 00 00 00 00 00 00 00 00 00 00 00 
  Offset 0x0010: 00 00 00 00 00 00 00 00 00 00 00 00 00 00 00 00 
---------------------------------------------------------------------------
Process: p491 | Page: 1 | Size: 32 bytes
  Offset 0x0000: 00 00 00 00 00 00 00 00 00 00 00 00 00 00 00 00 
  Offset 0x0010: 00 00 00 00 00 00 00 00 00 00 00 00 00 00 00 00 
---------------------------------------------------------------------------
Process: p492 | Page: 0 | Size: 32 bytes
  Offset 0x0000: 00 00 00 00 00 00 00 00 00 00 00 00 00 00 00 00 
  Offset 0x0010: 00 00 00 00 00 00 00 00 00 00 00 00 00 00 00 00 
---------------------------------------------------------------------------
Process: p492 | Page: 1 | Size: 32 bytes
  Offset 0x0000: 00 00 00 00 00 00 00 00 00 00 00 00 00 00 00 00 
  Offset 0x0010: 00 00 00 00 00 00 00 00 00 00 00 00 00 00 00 00 
---------------------------------------------------------------------------
Process: p493 | Page: 0 | Size: 32 bytes
  Offset 0x0000: 00 00 00 00 00 00 00 00 00 00 00 00 00 00 00 00 
  Offset 0x0010: 00 00 00 00 00 00 00 00 00 00 00 00 00 00 00 00 
---------------------------------------------------------------------------
Process: p493 | Page: 1 | Size: 32 bytes
  Offset 0x0000: 00 00 00 00 00 00 00 00 00 00 00 00 00 00 00 00 
  Offset 0x0010: 00 00 00 00 00 00 00 00 00 00 00 00 00 00 00 00 
---------------------------------------------------------------------------
Process: p494 | Page: 0 | Size: 32 bytes
  Offset 0x0000: 00 00 00 00 00 00 00 00 00 00 00 00 00 00 00 00 
  Offset 0x0010: 00 00 00 00 00 00 00 00 00 00 00 00 00 00 00 00 
---------------------------------------------------------------------------
Process: p494 | Page: 1 | Size: 32 bytes
  Offset 0x0000: 00 00 00 00 00 00 00 00 00 00 00 00 00 00 00 00 
  Offset 0x0010: 00 00 00 00 00 00 00 00 00 00 00 00 00 00 00 00 
---------------------------------------------------------------------------
Process: p495 | Page: 0 | Size: 32 bytes
  Offset 0x0000: 00 00 00 00 00 00 00 00 00 00 00 00 00 00 00 00 
  Offset 0x0010: 00 00 00 00 00 00 00 00 00 00 00 00 00 00 00 00 
---------------------------------------------------------------------------
Process: p495 | Page: 1 | Size: 32 bytes
  Offset 0x0000: 00 00 00 00 00 00 00 00 00 00 00 00 00 00 00 00 
  Offset 0x0010: 00 00 00 00 00 00 00 00 00 00 00 00 00 00 00 00 
---------------------------------------------------------------------------
Process: p496 | Page: 0 | Size: 32 bytes
  Offset 0x0000: 00 00 00 00 00 00 00 00 00 00 00 00 00 00 00 00 
  Offset 0x0010: 00 00 00 00 00 00 00 00 00 00 00 00 00 00 00 00 
---------------------------------------------------------------------------
Process: p496 | Page: 1 | Size: 32 bytes
  Offset 0x0000: 00 00 00 00 00 00 00 00 00 00 00 00 00 00 00 00 
  Offset 0x0010: 00 00 00 00 00 00 00 00 00 00 00 00 00 00 00 00 
---------------------------------------------------------------------------
Process: p497 | Page: 0 | Size: 32 bytes
  Offset 0x0000: 00 00 00 00 00 00 00 00 00 00 00 00 00 00 00 00 
  Offset 0x0010: 00 00 00 00 00 00 00 00 00 00 00 00 00 00 00 00 
---------------------------------------------------------------------------
Process: p497 | Page: 1 | Size: 32 bytes
  Offset 0x0000: 00 00 00 00 00 00 00 00 00 00 00 00 00 00 00 00 
  Offset 0x0010: 00 00 00 00 00 00 00 00 00 00 00 00 00 00 00 00 
---------------------------------------------------------------------------
Process: p498 | Page: 0 | Size: 32 bytes
  Offset 0x0000: 00 00 00 00 00 00 00 00 00 00 00 00 00 00 00 00 
  Offset 0x0010: 00 00 00 00 00 00 00 00 00 00 00 00 00 00 00 00 
---------------------------------------------------------------------------
Process: p498 | Page: 1 | Size: 32 bytes
  Offset 0x0000: 00 00 00 00 00 00 00 00 00 00 00 00 00 00 00 00 
  Offset 0x0010: 00 00 00 00 00 00 00 00 00 00 00 00 00 00 00 00 
---------------------------------------------------------------------------
Process: p499 | Page: 0 | Size: 32 bytes
  Offset 0x0000: 00 00 00 00 00 00 00 00 00 00 00 00 00 00 00 00 
  Offset 0x0010: 00 00 00 00 00 00 00 00 00 00 00 00 00 00 00 00 
---------------------------------------------------------------------------
Process: p499 | Page: 1 | Size: 32 bytes
  Offset 0x0000: 00 00 00 00 00 00 00 00 00 00 00 00 00 00 00 00 
  Offset 0x0010: 00 00 00 00 00 00 00 00 00 00 00 00 00 00 00 00 
---------------------------------------------------------------------------
Process: p50 | Page: 0 | Size: 32 bytes
  Offset 0x0000: 00 00 00 00 00 00 00 00 00 00 00 00 00 00 00 00 
  Offset 0x0010: 00 00 00 00 00 00 00 00 00 00 00 00 00 00 00 00 
---------------------------------------------------------------------------
Process: p50 | Page: 1 | Size: 32 bytes
  Offset 0x0000: 00 00 00 00 00 00 00 00 00 00 00 00 00 00 00 00 
  Offset 0x0010: 00 00 00 00 00 00 00 00 00 00 00 00 00 00 00 00 
---------------------------------------------------------------------------
Process: p500 | Page: 0 | Size: 32 bytes
  Offset 0x0000: 00 00 00 00 00 00 00 00 00 00 00 00 00 00 00 00 
  Offset 0x0010: 00 00 00 00 00 00 00 00 00 00 00 00 00 00 00 00 
---------------------------------------------------------------------------
Process: p500 | Page: 1 | Size: 32 bytes
  Offset 0x0000: 00 00 00 00 00 00 00 00 00 00 00 00 00 00 00 00 
  Offset 0x0010: 00 00 00 00 00 00 00 00 00 00 00 00 00 00 00 00 
---------------------------------------------------------------------------
Process: p501 | Page: 0 | Size: 32 bytes
  Offset 0x0000: 00 00 00 00 00 00 00 00 00 00 00 00 00 00 00 00 
  Offset 0x0010: 00 00 00 00 00 00 00 00 00 00 00 00 00 00 00 00 
---------------------------------------------------------------------------
Process: p501 | Page: 1 | Size: 32 bytes
  Offset 0x0000: 00 00 00 00 00 00 00 00 00 00 00 00 00 00 00 00 
  Offset 0x0010: 00 00 00 00 00 00 00 00 00 00 00 00 00 00 00 00 
---------------------------------------------------------------------------
Process: p502 | Page: 0 | Size: 32 bytes
  Offset 0x0000: 00 00 00 00 00 00 00 00 00 00 00 00 00 00 00 00 
  Offset 0x0010: 00 00 00 00 00 00 00 00 00 00 00 00 00 00 00 00 
---------------------------------------------------------------------------
Process: p502 | Page: 1 | Size: 32 bytes
  Offset 0x0000: 00 00 00 00 00 00 00 00 00 00 00 00 00 00 00 00 
  Offset 0x0010: 00 00 00 00 00 00 00 00 00 00 00 00 00 00 00 00 
---------------------------------------------------------------------------
Process: p503 | Page: 0 | Size: 32 bytes
  Offset 0x0000: 00 00 00 00 00 00 00 00 00 00 00 00 00 00 00 00 
  Offset 0x0010: 00 00 00 00 00 00 00 00 00 00 00 00 00 00 00 00 
---------------------------------------------------------------------------
Process: p503 | Page: 1 | Size: 32 bytes
  Offset 0x0000: 00 00 00 00 00 00 00 00 00 00 00 00 00 00 00 00 
  Offset 0x0010: 00 00 00 00 00 00 00 00 00 00 00 00 00 00 00 00 
---------------------------------------------------------------------------
Process: p504 | Page: 0 | Size: 32 bytes
  Offset 0x0000: 00 00 00 00 00 00 00 00 00 00 00 00 00 00 00 00 
  Offset 0x0010: 00 00 00 00 00 00 00 00 00 00 00 00 00 00 00 00 
---------------------------------------------------------------------------
Process: p504 | Page: 1 | Size: 32 bytes
  Offset 0x0000: 00 00 00 00 00 00 00 00 00 00 00 00 00 00 00 00 
  Offset 0x0010: 00 00 00 00 00 00 00 00 00 00 00 00 00 00 00 00 
---------------------------------------------------------------------------
Process: p505 | Page: 0 | Size: 32 bytes
  Offset 0x0000: 00 00 00 00 00 00 00 00 00 00 00 00 00 00 00 00 
  Offset 0x0010: 00 00 00 00 00 00 00 00 00 00 00 00 00 00 00 00 
---------------------------------------------------------------------------
Process: p505 | Page: 1 | Size: 32 bytes
  Offset 0x0000: 00 00 00 00 00 00 00 00 00 00 00 00 00 00 00 00 
  Offset 0x0010: 00 00 00 00 00 00 00 00 00 00 00 00 00 00 00 00 
---------------------------------------------------------------------------
Process: p506 | Page: 0 | Size: 32 bytes
  Offset 0x0000: 00 00 00 00 00 00 00 00 00 00 00 00 00 00 00 00 
  Offset 0x0010: 00 00 00 00 00 00 00 00 00 00 00 00 00 00 00 00 
---------------------------------------------------------------------------
Process: p506 | Page: 1 | Size: 32 bytes
  Offset 0x0000: 00 00 00 00 00 00 00 00 00 00 00 00 00 00 00 00 
  Offset 0x0010: 00 00 00 00 00 00 00 00 00 00 00 00 00 00 00 00 
---------------------------------------------------------------------------
Process: p507 | Page: 0 | Size: 32 bytes
  Offset 0x0000: 00 00 00 00 00 00 00 00 00 00 00 00 00 00 00 00 
  Offset 0x0010: 00 00 00 00 00 00 00 00 00 00 00 00 00 00 00 00 
---------------------------------------------------------------------------
Process: p507 | Page: 1 | Size: 32 bytes
  Offset 0x0000: 00 00 00 00 00 00 00 00 00 00 00 00 00 00 00 00 
  Offset 0x0010: 00 00 00 00 00 00 00 00 00 00 00 00 00 00 00 00 
---------------------------------------------------------------------------
Process: p508 | Page: 0 | Size: 32 bytes
  Offset 0x0000: 00 00 00 00 00 00 00 00 00 00 00 00 00 00 00 00 
  Offset 0x0010: 00 00 00 00 00 00 00 00 00 00 00 00 00 00 00 00 
---------------------------------------------------------------------------
Process: p508 | Page: 1 | Size: 32 bytes
  Offset 0x0000: 00 00 00 00 00 00 00 00 00 00 00 00 00 00 00 00 
  Offset 0x0010: 00 00 00 00 00 00 00 00 00 00 00 00 00 00 00 00 
---------------------------------------------------------------------------
Process: p509 | Page: 0 | Size: 32 bytes
  Offset 0x0000: 00 00 00 00 00 00 00 00 00 00 00 00 00 00 00 00 
  Offset 0x0010: 00 00 00 00 00 00 00 00 00 00 00 00 00 00 00 00 
---------------------------------------------------------------------------
Process: p509 | Page: 1 | Size: 32 bytes
  Offset 0x0000: 00 00 00 00 00 00 00 00 00 00 00 00 00 00 00 00 
  Offset 0x0010: 00 00 00 00 00 00 00 00 00 00 00 00 00 00 00 00 
---------------------------------------------------------------------------
Process: p51 | Page: 0 | Size: 32 bytes
  Offset 0x0000: 00 00 00 00 00 00 00 00 00 00 00 00 00 00 00 00 
  Offset 0x0010: 00 00 00 00 00 00 00 00 00 00 00 00 00 00 00 00 
---------------------------------------------------------------------------
Process: p51 | Page: 1 | Size: 32 bytes
  Offset 0x0000: 00 00 00 00 00 00 00 00 00 00 00 00 00 00 00 00 
  Offset 0x0010: 00 00 00 00 00 00 00 00 00 00 00 00 00 00 00 00 
---------------------------------------------------------------------------
Process: p510 | Page: 0 | Size: 32 bytes
  Offset 0x0000: 00 00 00 00 00 00 00 00 00 00 00 00 00 00 00 00 
  Offset 0x0010: 00 00 00 00 00 00 00 00 00 00 00 00 00 00 00 00 
---------------------------------------------------------------------------
Process: p510 | Page: 1 | Size: 32 bytes
  Offset 0x0000: 00 00 00 00 00 00 00 00 00 00 00 00 00 00 00 00 
  Offset 0x0010: 00 00 00 00 00 00 00 00 00 00 00 00 00 00 00 00 
---------------------------------------------------------------------------
Process: p511 | Page: 0 | Size: 32 bytes
  Offset 0x0000: 00 00 00 00 00 00 00 00 00 00 00 00 00 00 00 00 
  Offset 0x0010: 00 00 00 00 00 00 00 00 00 00 00 00 00 00 00 00 
---------------------------------------------------------------------------
Process: p511 | Page: 1 | Size: 32 bytes
  Offset 0x0000: 00 00 00 00 00 00 00 00 00 00 00 00 00 00 00 00 
  Offset 0x0010: 00 00 00 00 00 00 00 00 00 00 00 00 00 00 00 00 
---------------------------------------------------------------------------
Process: p512 | Page: 0 | Size: 32 bytes
  Offset 0x0000: 00 00 00 00 00 00 00 00 00 00 00 00 00 00 00 00 
  Offset 0x0010: 00 00 00 00 00 00 00 00 00 00 00 00 00 00 00 00 
---------------------------------------------------------------------------
Process: p512 | Page: 1 | Size: 32 bytes
  Offset 0x0000: 00 00 00 00 00 00 00 00 00 00 00 00 00 00 00 00 
  Offset 0x0010: 00 00 00 00 00 00 00 00 00 00 00 00 00 00 00 00 
---------------------------------------------------------------------------
Process: p513 | Page: 0 | Size: 32 bytes
  Offset 0x0000: 00 00 00 00 00 00 00 00 00 00 00 00 00 00 00 00 
  Offset 0x0010: 00 00 00 00 00 00 00 00 00 00 00 00 00 00 00 00 
---------------------------------------------------------------------------
Process: p513 | Page: 1 | Size: 32 bytes
  Offset 0x0000: 00 00 00 00 00 00 00 00 00 00 00 00 00 00 00 00 
  Offset 0x0010: 00 00 00 00 00 00 00 00 00 00 00 00 00 00 00 00 
---------------------------------------------------------------------------
Process: p514 | Page: 0 | Size: 32 bytes
  Offset 0x0000: 00 00 00 00 00 00 00 00 00 00 00 00 00 00 00 00 
  Offset 0x0010: 00 00 00 00 00 00 00 00 00 00 00 00 00 00 00 00 
---------------------------------------------------------------------------
Process: p514 | Page: 1 | Size: 32 bytes
  Offset 0x0000: 00 00 00 00 00 00 00 00 00 00 00 00 00 00 00 00 
  Offset 0x0010: 00 00 00 00 00 00 00 00 00 00 00 00 00 00 00 00 
---------------------------------------------------------------------------
Process: p515 | Page: 0 | Size: 32 bytes
  Offset 0x0000: 00 00 00 00 00 00 00 00 00 00 00 00 00 00 00 00 
  Offset 0x0010: 00 00 00 00 00 00 00 00 00 00 00 00 00 00 00 00 
---------------------------------------------------------------------------
Process: p515 | Page: 1 | Size: 32 bytes
  Offset 0x0000: 00 00 00 00 00 00 00 00 00 00 00 00 00 00 00 00 
  Offset 0x0010: 00 00 00 00 00 00 00 00 00 00 00 00 00 00 00 00 
---------------------------------------------------------------------------
Process: p516 | Page: 0 | Size: 32 bytes
  Offset 0x0000: 00 00 00 00 00 00 00 00 00 00 00 00 00 00 00 00 
  Offset 0x0010: 00 00 00 00 00 00 00 00 00 00 00 00 00 00 00 00 
---------------------------------------------------------------------------
Process: p516 | Page: 1 | Size: 32 bytes
  Offset 0x0000: 00 00 00 00 00 00 00 00 00 00 00 00 00 00 00 00 
  Offset 0x0010: 00 00 00 00 00 00 00 00 00 00 00 00 00 00 00 00 
---------------------------------------------------------------------------
Process: p517 | Page: 0 | Size: 32 bytes
  Offset 0x0000: 00 00 00 00 00 00 00 00 00 00 00 00 00 00 00 00 
  Offset 0x0010: 00 00 00 00 00 00 00 00 00 00 00 00 00 00 00 00 
---------------------------------------------------------------------------
Process: p517 | Page: 1 | Size: 32 bytes
  Offset 0x0000: 00 00 00 00 00 00 00 00 00 00 00 00 00 00 00 00 
  Offset 0x0010: 00 00 00 00 00 00 00 00 00 00 00 00 00 00 00 00 
---------------------------------------------------------------------------
Process: p518 | Page: 0 | Size: 32 bytes
  Offset 0x0000: 00 00 00 00 00 00 00 00 00 00 00 00 00 00 00 00 
  Offset 0x0010: 00 00 00 00 00 00 00 00 00 00 00 00 00 00 00 00 
---------------------------------------------------------------------------
Process: p518 | Page: 1 | Size: 32 bytes
  Offset 0x0000: 00 00 00 00 00 00 00 00 00 00 00 00 00 00 00 00 
  Offset 0x0010: 00 00 00 00 00 00 00 00 00 00 00 00 00 00 00 00 
---------------------------------------------------------------------------
Process: p519 | Page: 0 | Size: 32 bytes
  Offset 0x0000: 00 00 00 00 00 00 00 00 00 00 00 00 00 00 00 00 
  Offset 0x0010: 00 00 00 00 00 00 00 00 00 00 00 00 00 00 00 00 
---------------------------------------------------------------------------
Process: p519 | Page: 1 | Size: 32 bytes
  Offset 0x0000: 00 00 00 00 00 00 00 00 00 00 00 00 00 00 00 00 
  Offset 0x0010: 00 00 00 00 00 00 00 00 00 00 00 00 00 00 00 00 
---------------------------------------------------------------------------
Process: p52 | Page: 0 | Size: 32 bytes
  Offset 0x0000: 00 00 00 00 00 00 00 00 00 00 00 00 00 00 00 00 
  Offset 0x0010: 00 00 00 00 00 00 00 00 00 00 00 00 00 00 00 00 
---------------------------------------------------------------------------
Process: p52 | Page: 1 | Size: 32 bytes
  Offset 0x0000: 00 00 00 00 00 00 00 00 00 00 00 00 00 00 00 00 
  Offset 0x0010: 00 00 00 00 00 00 00 00 00 00 00 00 00 00 00 00 
---------------------------------------------------------------------------
Process: p520 | Page: 0 | Size: 32 bytes
  Offset 0x0000: 00 00 00 00 00 00 00 00 00 00 00 00 00 00 00 00 
  Offset 0x0010: 00 00 00 00 00 00 00 00 00 00 00 00 00 00 00 00 
---------------------------------------------------------------------------
Process: p520 | Page: 1 | Size: 32 bytes
  Offset 0x0000: 00 00 00 00 00 00 00 00 00 00 00 00 00 00 00 00 
  Offset 0x0010: 00 00 00 00 00 00 00 00 00 00 00 00 00 00 00 00 
---------------------------------------------------------------------------
Process: p521 | Page: 0 | Size: 32 bytes
  Offset 0x0000: 00 00 00 00 00 00 00 00 00 00 00 00 00 00 00 00 
  Offset 0x0010: 00 00 00 00 00 00 00 00 00 00 00 00 00 00 00 00 
---------------------------------------------------------------------------
Process: p521 | Page: 1 | Size: 32 bytes
  Offset 0x0000: 00 00 00 00 00 00 00 00 00 00 00 00 00 00 00 00 
  Offset 0x0010: 00 00 00 00 00 00 00 00 00 00 00 00 00 00 00 00 
---------------------------------------------------------------------------
Process: p522 | Page: 0 | Size: 32 bytes
  Offset 0x0000: 00 00 00 00 00 00 00 00 00 00 00 00 00 00 00 00 
  Offset 0x0010: 00 00 00 00 00 00 00 00 00 00 00 00 00 00 00 00 
---------------------------------------------------------------------------
Process: p522 | Page: 1 | Size: 32 bytes
  Offset 0x0000: 00 00 00 00 00 00 00 00 00 00 00 00 00 00 00 00 
  Offset 0x0010: 00 00 00 00 00 00 00 00 00 00 00 00 00 00 00 00 
---------------------------------------------------------------------------
Process: p523 | Page: 0 | Size: 32 bytes
  Offset 0x0000: 00 00 00 00 00 00 00 00 00 00 00 00 00 00 00 00 
  Offset 0x0010: 00 00 00 00 00 00 00 00 00 00 00 00 00 00 00 00 
---------------------------------------------------------------------------
Process: p523 | Page: 1 | Size: 32 bytes
  Offset 0x0000: 00 00 00 00 00 00 00 00 00 00 00 00 00 00 00 00 
  Offset 0x0010: 00 00 00 00 00 00 00 00 00 00 00 00 00 00 00 00 
---------------------------------------------------------------------------
Process: p524 | Page: 0 | Size: 32 bytes
  Offset 0x0000: 00 00 00 00 00 00 00 00 00 00 00 00 00 00 00 00 
  Offset 0x0010: 00 00 00 00 00 00 00 00 00 00 00 00 00 00 00 00 
---------------------------------------------------------------------------
Process: p524 | Page: 1 | Size: 32 bytes
  Offset 0x0000: 00 00 00 00 00 00 00 00 00 00 00 00 00 00 00 00 
  Offset 0x0010: 00 00 00 00 00 00 00 00 00 00 00 00 00 00 00 00 
---------------------------------------------------------------------------
Process: p525 | Page: 0 | Size: 32 bytes
  Offset 0x0000: 00 00 00 00 00 00 00 00 00 00 00 00 00 00 00 00 
  Offset 0x0010: 00 00 00 00 00 00 00 00 00 00 00 00 00 00 00 00 
---------------------------------------------------------------------------
Process: p525 | Page: 1 | Size: 32 bytes
  Offset 0x0000: 00 00 00 00 00 00 00 00 00 00 00 00 00 00 00 00 
  Offset 0x0010: 00 00 00 00 00 00 00 00 00 00 00 00 00 00 00 00 
---------------------------------------------------------------------------
Process: p526 | Page: 0 | Size: 32 bytes
  Offset 0x0000: 00 00 00 00 00 00 00 00 00 00 00 00 00 00 00 00 
  Offset 0x0010: 00 00 00 00 00 00 00 00 00 00 00 00 00 00 00 00 
---------------------------------------------------------------------------
Process: p526 | Page: 1 | Size: 32 bytes
  Offset 0x0000: 00 00 00 00 00 00 00 00 00 00 00 00 00 00 00 00 
  Offset 0x0010: 00 00 00 00 00 00 00 00 00 00 00 00 00 00 00 00 
---------------------------------------------------------------------------
Process: p527 | Page: 0 | Size: 32 bytes
  Offset 0x0000: 00 00 00 00 00 00 00 00 00 00 00 00 00 00 00 00 
  Offset 0x0010: 00 00 00 00 00 00 00 00 00 00 00 00 00 00 00 00 
---------------------------------------------------------------------------
Process: p527 | Page: 1 | Size: 32 bytes
  Offset 0x0000: 00 00 00 00 00 00 00 00 00 00 00 00 00 00 00 00 
  Offset 0x0010: 00 00 00 00 00 00 00 00 00 00 00 00 00 00 00 00 
---------------------------------------------------------------------------
Process: p528 | Page: 0 | Size: 32 bytes
  Offset 0x0000: 00 00 00 00 00 00 00 00 00 00 00 00 00 00 00 00 
  Offset 0x0010: 00 00 00 00 00 00 00 00 00 00 00 00 00 00 00 00 
---------------------------------------------------------------------------
Process: p528 | Page: 1 | Size: 32 bytes
  Offset 0x0000: 00 00 00 00 00 00 00 00 00 00 00 00 00 00 00 00 
  Offset 0x0010: 00 00 00 00 00 00 00 00 00 00 00 00 00 00 00 00 
---------------------------------------------------------------------------
Process: p529 | Page: 0 | Size: 32 bytes
  Offset 0x0000: 00 00 00 00 00 00 00 00 00 00 00 00 00 00 00 00 
  Offset 0x0010: 00 00 00 00 00 00 00 00 00 00 00 00 00 00 00 00 
---------------------------------------------------------------------------
Process: p529 | Page: 1 | Size: 32 bytes
  Offset 0x0000: 00 00 00 00 00 00 00 00 00 00 00 00 00 00 00 00 
  Offset 0x0010: 00 00 00 00 00 00 00 00 00 00 00 00 00 00 00 00 
---------------------------------------------------------------------------
Process: p53 | Page: 0 | Size: 32 bytes
  Offset 0x0000: 00 00 00 00 00 00 00 00 00 00 00 00 00 00 00 00 
  Offset 0x0010: 00 00 00 00 00 00 00 00 00 00 00 00 00 00 00 00 
---------------------------------------------------------------------------
Process: p53 | Page: 1 | Size: 32 bytes
  Offset 0x0000: 00 00 00 00 00 00 00 00 00 00 00 00 00 00 00 00 
  Offset 0x0010: 00 00 00 00 00 00 00 00 00 00 00 00 00 00 00 00 
---------------------------------------------------------------------------
Process: p530 | Page: 0 | Size: 32 bytes
  Offset 0x0000: 00 00 00 00 00 00 00 00 00 00 00 00 00 00 00 00 
  Offset 0x0010: 00 00 00 00 00 00 00 00 00 00 00 00 00 00 00 00 
---------------------------------------------------------------------------
Process: p530 | Page: 1 | Size: 32 bytes
  Offset 0x0000: 00 00 00 00 00 00 00 00 00 00 00 00 00 00 00 00 
  Offset 0x0010: 00 00 00 00 00 00 00 00 00 00 00 00 00 00 00 00 
---------------------------------------------------------------------------
Process: p531 | Page: 0 | Size: 32 bytes
  Offset 0x0000: 00 00 00 00 00 00 00 00 00 00 00 00 00 00 00 00 
  Offset 0x0010: 00 00 00 00 00 00 00 00 00 00 00 00 00 00 00 00 
---------------------------------------------------------------------------
Process: p531 | Page: 1 | Size: 32 bytes
  Offset 0x0000: 00 00 00 00 00 00 00 00 00 00 00 00 00 00 00 00 
  Offset 0x0010: 00 00 00 00 00 00 00 00 00 00 00 00 00 00 00 00 
---------------------------------------------------------------------------
Process: p532 | Page: 0 | Size: 32 bytes
  Offset 0x0000: 00 00 00 00 00 00 00 00 00 00 00 00 00 00 00 00 
  Offset 0x0010: 00 00 00 00 00 00 00 00 00 00 00 00 00 00 00 00 
---------------------------------------------------------------------------
Process: p532 | Page: 1 | Size: 32 bytes
  Offset 0x0000: 00 00 00 00 00 00 00 00 00 00 00 00 00 00 00 00 
  Offset 0x0010: 00 00 00 00 00 00 00 00 00 00 00 00 00 00 00 00 
---------------------------------------------------------------------------
Process: p533 | Page: 0 | Size: 32 bytes
  Offset 0x0000: 00 00 00 00 00 00 00 00 00 00 00 00 00 00 00 00 
  Offset 0x0010: 00 00 00 00 00 00 00 00 00 00 00 00 00 00 00 00 
---------------------------------------------------------------------------
Process: p533 | Page: 1 | Size: 32 bytes
  Offset 0x0000: 00 00 00 00 00 00 00 00 00 00 00 00 00 00 00 00 
  Offset 0x0010: 00 00 00 00 00 00 00 00 00 00 00 00 00 00 00 00 
---------------------------------------------------------------------------
Process: p534 | Page: 0 | Size: 32 bytes
  Offset 0x0000: 00 00 00 00 00 00 00 00 00 00 00 00 00 00 00 00 
  Offset 0x0010: 00 00 00 00 00 00 00 00 00 00 00 00 00 00 00 00 
---------------------------------------------------------------------------
Process: p534 | Page: 1 | Size: 32 bytes
  Offset 0x0000: 00 00 00 00 00 00 00 00 00 00 00 00 00 00 00 00 
  Offset 0x0010: 00 00 00 00 00 00 00 00 00 00 00 00 00 00 00 00 
---------------------------------------------------------------------------
Process: p535 | Page: 0 | Size: 32 bytes
  Offset 0x0000: 00 00 00 00 00 00 00 00 00 00 00 00 00 00 00 00 
  Offset 0x0010: 00 00 00 00 00 00 00 00 00 00 00 00 00 00 00 00 
---------------------------------------------------------------------------
Process: p535 | Page: 1 | Size: 32 bytes
  Offset 0x0000: 00 00 00 00 00 00 00 00 00 00 00 00 00 00 00 00 
  Offset 0x0010: 00 00 00 00 00 00 00 00 00 00 00 00 00 00 00 00 
---------------------------------------------------------------------------
Process: p536 | Page: 0 | Size: 32 bytes
  Offset 0x0000: 00 00 00 00 00 00 00 00 00 00 00 00 00 00 00 00 
  Offset 0x0010: 00 00 00 00 00 00 00 00 00 00 00 00 00 00 00 00 
---------------------------------------------------------------------------
Process: p536 | Page: 1 | Size: 32 bytes
  Offset 0x0000: 00 00 00 00 00 00 00 00 00 00 00 00 00 00 00 00 
  Offset 0x0010: 00 00 00 00 00 00 00 00 00 00 00 00 00 00 00 00 
---------------------------------------------------------------------------
Process: p537 | Page: 0 | Size: 32 bytes
  Offset 0x0000: 00 00 00 00 00 00 00 00 00 00 00 00 00 00 00 00 
  Offset 0x0010: 00 00 00 00 00 00 00 00 00 00 00 00 00 00 00 00 
---------------------------------------------------------------------------
Process: p537 | Page: 1 | Size: 32 bytes
  Offset 0x0000: 00 00 00 00 00 00 00 00 00 00 00 00 00 00 00 00 
  Offset 0x0010: 00 00 00 00 00 00 00 00 00 00 00 00 00 00 00 00 
---------------------------------------------------------------------------
Process: p538 | Page: 0 | Size: 32 bytes
  Offset 0x0000: 00 00 00 00 00 00 00 00 00 00 00 00 00 00 00 00 
  Offset 0x0010: 00 00 00 00 00 00 00 00 00 00 00 00 00 00 00 00 
---------------------------------------------------------------------------
Process: p538 | Page: 1 | Size: 32 bytes
  Offset 0x0000: 00 00 00 00 00 00 00 00 00 00 00 00 00 00 00 00 
  Offset 0x0010: 00 00 00 00 00 00 00 00 00 00 00 00 00 00 00 00 
---------------------------------------------------------------------------
Process: p539 | Page: 0 | Size: 32 bytes
  Offset 0x0000: 00 00 00 00 00 00 00 00 00 00 00 00 00 00 00 00 
  Offset 0x0010: 00 00 00 00 00 00 00 00 00 00 00 00 00 00 00 00 
---------------------------------------------------------------------------
Process: p539 | Page: 1 | Size: 32 bytes
  Offset 0x0000: 00 00 00 00 00 00 00 00 00 00 00 00 00 00 00 00 
  Offset 0x0010: 00 00 00 00 00 00 00 00 00 00 00 00 00 00 00 00 
---------------------------------------------------------------------------
Process: p54 | Page: 0 | Size: 32 bytes
  Offset 0x0000: 00 00 00 00 00 00 00 00 00 00 00 00 00 00 00 00 
  Offset 0x0010: 00 00 00 00 00 00 00 00 00 00 00 00 00 00 00 00 
---------------------------------------------------------------------------
Process: p54 | Page: 1 | Size: 32 bytes
  Offset 0x0000: 00 00 00 00 00 00 00 00 00 00 00 00 00 00 00 00 
  Offset 0x0010: 00 00 00 00 00 00 00 00 00 00 00 00 00 00 00 00 
---------------------------------------------------------------------------
Process: p540 | Page: 0 | Size: 32 bytes
  Offset 0x0000: 00 00 00 00 00 00 00 00 00 00 00 00 00 00 00 00 
  Offset 0x0010: 00 00 00 00 00 00 00 00 00 00 00 00 00 00 00 00 
---------------------------------------------------------------------------
Process: p540 | Page: 1 | Size: 32 bytes
  Offset 0x0000: 00 00 00 00 00 00 00 00 00 00 00 00 00 00 00 00 
  Offset 0x0010: 00 00 00 00 00 00 00 00 00 00 00 00 00 00 00 00 
---------------------------------------------------------------------------
Process: p541 | Page: 0 | Size: 32 bytes
  Offset 0x0000: 00 00 00 00 00 00 00 00 00 00 00 00 00 00 00 00 
  Offset 0x0010: 00 00 00 00 00 00 00 00 00 00 00 00 00 00 00 00 
---------------------------------------------------------------------------
Process: p541 | Page: 1 | Size: 32 bytes
  Offset 0x0000: 00 00 00 00 00 00 00 00 00 00 00 00 00 00 00 00 
  Offset 0x0010: 00 00 00 00 00 00 00 00 00 00 00 00 00 00 00 00 
---------------------------------------------------------------------------
Process: p542 | Page: 0 | Size: 32 bytes
  Offset 0x0000: 00 00 00 00 00 00 00 00 00 00 00 00 00 00 00 00 
  Offset 0x0010: 00 00 00 00 00 00 00 00 00 00 00 00 00 00 00 00 
---------------------------------------------------------------------------
Process: p542 | Page: 1 | Size: 32 bytes
  Offset 0x0000: 00 00 00 00 00 00 00 00 00 00 00 00 00 00 00 00 
  Offset 0x0010: 00 00 00 00 00 00 00 00 00 00 00 00 00 00 00 00 
---------------------------------------------------------------------------
Process: p543 | Page: 0 | Size: 32 bytes
  Offset 0x0000: 00 00 00 00 00 00 00 00 00 00 00 00 00 00 00 00 
  Offset 0x0010: 00 00 00 00 00 00 00 00 00 00 00 00 00 00 00 00 
---------------------------------------------------------------------------
Process: p543 | Page: 1 | Size: 32 bytes
  Offset 0x0000: 00 00 00 00 00 00 00 00 00 00 00 00 00 00 00 00 
  Offset 0x0010: 00 00 00 00 00 00 00 00 00 00 00 00 00 00 00 00 
---------------------------------------------------------------------------
Process: p544 | Page: 0 | Size: 32 bytes
  Offset 0x0000: 00 00 00 00 00 00 00 00 00 00 00 00 00 00 00 00 
  Offset 0x0010: 00 00 00 00 00 00 00 00 00 00 00 00 00 00 00 00 
---------------------------------------------------------------------------
Process: p544 | Page: 1 | Size: 32 bytes
  Offset 0x0000: 00 00 00 00 00 00 00 00 00 00 00 00 00 00 00 00 
  Offset 0x0010: 00 00 00 00 00 00 00 00 00 00 00 00 00 00 00 00 
---------------------------------------------------------------------------
Process: p545 | Page: 0 | Size: 32 bytes
  Offset 0x0000: 00 00 00 00 00 00 00 00 00 00 00 00 00 00 00 00 
  Offset 0x0010: 00 00 00 00 00 00 00 00 00 00 00 00 00 00 00 00 
---------------------------------------------------------------------------
Process: p545 | Page: 1 | Size: 32 bytes
  Offset 0x0000: 00 00 00 00 00 00 00 00 00 00 00 00 00 00 00 00 
  Offset 0x0010: 00 00 00 00 00 00 00 00 00 00 00 00 00 00 00 00 
---------------------------------------------------------------------------
Process: p546 | Page: 0 | Size: 32 bytes
  Offset 0x0000: 00 00 00 00 00 00 00 00 00 00 00 00 00 00 00 00 
  Offset 0x0010: 00 00 00 00 00 00 00 00 00 00 00 00 00 00 00 00 
---------------------------------------------------------------------------
Process: p546 | Page: 1 | Size: 32 bytes
  Offset 0x0000: 00 00 00 00 00 00 00 00 00 00 00 00 00 00 00 00 
  Offset 0x0010: 00 00 00 00 00 00 00 00 00 00 00 00 00 00 00 00 
---------------------------------------------------------------------------
Process: p547 | Page: 0 | Size: 32 bytes
  Offset 0x0000: 00 00 00 00 00 00 00 00 00 00 00 00 00 00 00 00 
  Offset 0x0010: 00 00 00 00 00 00 00 00 00 00 00 00 00 00 00 00 
---------------------------------------------------------------------------
Process: p55 | Page: 0 | Size: 32 bytes
  Offset 0x0000: 00 00 00 00 00 00 00 00 00 00 00 00 00 00 00 00 
  Offset 0x0010: 00 00 00 00 00 00 00 00 00 00 00 00 00 00 00 00 
---------------------------------------------------------------------------
Process: p55 | Page: 1 | Size: 32 bytes
  Offset 0x0000: 00 00 00 00 00 00 00 00 00 00 00 00 00 00 00 00 
  Offset 0x0010: 00 00 00 00 00 00 00 00 00 00 00 00 00 00 00 00 
---------------------------------------------------------------------------
Process: p661 | Page: 1 | Size: 32 bytes
  Offset 0x0000: 00 00 00 00 00 00 00 00 00 00 00 00 00 00 00 00 
  Offset 0x0010: 00 00 00 00 00 00 00 00 00 00 00 00 00 00 00 00 
---------------------------------------------------------------------------
Process: p662 | Page: 0 | Size: 32 bytes
  Offset 0x0000: 00 00 00 00 00 00 00 00 00 00 00 00 00 00 00 00 
  Offset 0x0010: 00 00 00 00 00 00 00 00 00 00 00 00 00 00 00 00 
---------------------------------------------------------------------------
Process: p662 | Page: 1 | Size: 32 bytes
  Offset 0x0000: 00 00 00 00 00 00 00 00 00 00 00 00 00 00 00 00 
  Offset 0x0010: 00 00 00 00 00 00 00 00 00 00 00 00 00 00 00 00 
---------------------------------------------------------------------------
Process: p663 | Page: 0 | Size: 32 bytes
  Offset 0x0000: 00 00 00 00 00 00 00 00 00 00 00 00 00 00 00 00 
  Offset 0x0010: 00 00 00 00 00 00 00 00 00 00 00 00 00 00 00 00 
---------------------------------------------------------------------------
Process: p663 | Page: 1 | Size: 32 bytes
  Offset 0x0000: 00 00 00 00 00 00 00 00 00 00 00 00 00 00 00 00 
  Offset 0x0010: 00 00 00 00 00 00 00 00 00 00 00 00 00 00 00 00 
---------------------------------------------------------------------------
Process: p664 | Page: 0 | Size: 32 bytes
  Offset 0x0000: 00 00 00 00 00 00 00 00 00 00 00 00 00 00 00 00 
  Offset 0x0010: 00 00 00 00 00 00 00 00 00 00 00 00 00 00 00 00 
---------------------------------------------------------------------------
Process: p664 | Page: 1 | Size: 32 bytes
  Offset 0x0000: 00 00 00 00 00 00 00 00 00 00 00 00 00 00 00 00 
  Offset 0x0010: 00 00 00 00 00 00 00 00 00 00 00 00 00 00 00 00 
---------------------------------------------------------------------------
Process: p665 | Page: 0 | Size: 32 bytes
  Offset 0x0000: 00 00 00 00 00 00 00 00 00 00 00 00 00 00 00 00 
  Offset 0x0010: 00 00 00 00 00 00 00 00 00 00 00 00 00 00 00 00 
---------------------------------------------------------------------------
Process: p665 | Page: 1 | Size: 32 bytes
  Offset 0x0000: 00 00 00 00 00 00 00 00 00 00 00 00 00 00 00 00 
  Offset 0x0010: 00 00 00 00 00 00 00 00 00 00 00 00 00 00 00 00 
---------------------------------------------------------------------------
Process: p666 | Page: 0 | Size: 32 bytes
  Offset 0x0000: 00 00 00 00 00 00 00 00 00 00 00 00 00 00 00 00 
  Offset 0x0010: 00 00 00 00 00 00 00 00 00 00 00 00 00 00 00 00 
---------------------------------------------------------------------------
Process: p666 | Page: 1 | Size: 32 bytes
  Offset 0x0000: 00 00 00 00 00 00 00 00 00 00 00 00 00 00 00 00 
  Offset 0x0010: 00 00 00 00 00 00 00 00 00 00 00 00 00 00 00 00 
---------------------------------------------------------------------------
Process: p667 | Page: 0 | Size: 32 bytes
  Offset 0x0000: 00 00 00 00 00 00 00 00 00 00 00 00 00 00 00 00 
  Offset 0x0010: 00 00 00 00 00 00 00 00 00 00 00 00 00 00 00 00 
---------------------------------------------------------------------------
Process: p667 | Page: 1 | Size: 32 bytes
  Offset 0x0000: 00 00 00 00 00 00 00 00 00 00 00 00 00 00 00 00 
  Offset 0x0010: 00 00 00 00 00 00 00 00 00 00 00 00 00 00 00 00 
---------------------------------------------------------------------------
Process: p668 | Page: 0 | Size: 32 bytes
  Offset 0x0000: 00 00 00 00 00 00 00 00 00 00 00 00 00 00 00 00 
  Offset 0x0010: 00 00 00 00 00 00 00 00 00 00 00 00 00 00 00 00 
---------------------------------------------------------------------------
Process: p668 | Page: 1 | Size: 32 bytes
  Offset 0x0000: 00 00 00 00 00 00 00 00 00 00 00 00 00 00 00 00 
  Offset 0x0010: 00 00 00 00 00 00 00 00 00 00 00 00 00 00 00 00 
---------------------------------------------------------------------------
Process: p669 | Page: 0 | Size: 32 bytes
  Offset 0x0000: 00 00 00 00 00 00 00 00 00 00 00 00 00 00 00 00 
  Offset 0x0010: 00 00 00 00 00 00 00 00 00 00 00 00 00 00 00 00 
---------------------------------------------------------------------------
Process: p669 | Page: 1 | Size: 32 bytes
  Offset 0x0000: 00 00 00 00 00 00 00 00 00 00 00 00 00 00 00 00 
  Offset 0x0010: 00 00 00 00 00 00 00 00 00 00 00 00 00 00 00 00 
---------------------------------------------------------------------------
Process: p67 | Page: 0 | Size: 32 bytes
  Offset 0x0000: 00 00 00 00 00 00 00 00 00 00 00 00 00 00 00 00 
  Offset 0x0010: 00 00 00 00 00 00 00 00 00 00 00 00 00 00 00 00 
---------------------------------------------------------------------------
Process: p67 | Page: 1 | Size: 32 bytes
  Offset 0x0000: 00 00 00 00 00 00 00 00 00 00 00 00 00 00 00 00 
  Offset 0x0010: 00 00 00 00 00 00 00 00 00 00 00 00 00 00 00 00 
---------------------------------------------------------------------------
Process: p670 | Page: 0 | Size: 32 bytes
  Offset 0x0000: 00 00 00 00 00 00 00 00 00 00 00 00 00 00 00 00 
  Offset 0x0010: 00 00 00 00 00 00 00 00 00 00 00 00 00 00 00 00 
---------------------------------------------------------------------------
Process: p670 | Page: 1 | Size: 32 bytes
  Offset 0x0000: 00 00 00 00 00 00 00 00 00 00 00 00 00 00 00 00 
  Offset 0x0010: 00 00 00 00 00 00 00 00 00 00 00 00 00 00 00 00 
---------------------------------------------------------------------------
Process: p671 | Page: 0 | Size: 32 bytes
  Offset 0x0000: 00 00 00 00 00 00 00 00 00 00 00 00 00 00 00 00 
  Offset 0x0010: 00 00 00 00 00 00 00 00 00 00 00 00 00 00 00 00 
---------------------------------------------------------------------------
Process: p671 | Page: 1 | Size: 32 bytes
  Offset 0x0000: 00 00 00 00 00 00 00 00 00 00 00 00 00 00 00 00 
  Offset 0x0010: 00 00 00 00 00 00 00 00 00 00 00 00 00 00 00 00 
---------------------------------------------------------------------------
Process: p672 | Page: 0 | Size: 32 bytes
  Offset 0x0000: 00 00 00 00 00 00 00 00 00 00 00 00 00 00 00 00 
  Offset 0x0010: 00 00 00 00 00 00 00 00 00 00 00 00 00 00 00 00 
---------------------------------------------------------------------------
Process: p672 | Page: 1 | Size: 32 bytes
  Offset 0x0000: 00 00 00 00 00 00 00 00 00 00 00 00 00 00 00 00 
  Offset 0x0010: 00 00 00 00 00 00 00 00 00 00 00 00 00 00 00 00 
---------------------------------------------------------------------------
Process: p673 | Page: 0 | Size: 32 bytes
  Offset 0x0000: 00 00 00 00 00 00 00 00 00 00 00 00 00 00 00 00 
  Offset 0x0010: 00 00 00 00 00 00 00 00 00 00 00 00 00 00 00 00 
---------------------------------------------------------------------------
Process: p673 | Page: 1 | Size: 32 bytes
  Offset 0x0000: 00 00 00 00 00 00 00 00 00 00 00 00 00 00 00 00 
  Offset 0x0010: 00 00 00 00 00 00 00 00 00 00 00 00 00 00 00 00 
---------------------------------------------------------------------------
Process: p674 | Page: 0 | Size: 32 bytes
  Offset 0x0000: 00 00 00 00 00 00 00 00 00 00 00 00 00 00 00 00 
  Offset 0x0010: 00 00 00 00 00 00 00 00 00 00 00 00 00 00 00 00 
---------------------------------------------------------------------------
Process: p674 | Page: 1 | Size: 32 bytes
  Offset 0x0000: 00 00 00 00 00 00 00 00 00 00 00 00 00 00 00 00 
  Offset 0x0010: 00 00 00 00 00 00 00 00 00 00 00 00 00 00 00 00 
---------------------------------------------------------------------------
Process: p675 | Page: 0 | Size: 32 bytes
  Offset 0x0000: 00 00 00 00 00 00 00 00 00 00 00 00 00 00 00 00 
  Offset 0x0010: 00 00 00 00 00 00 00 00 00 00 00 00 00 00 00 00 
---------------------------------------------------------------------------
Process: p675 | Page: 1 | Size: 32 bytes
  Offset 0x0000: 00 00 00 00 00 00 00 00 00 00 00 00 00 00 00 00 
  Offset 0x0010: 00 00 00 00 00 00 00 00 00 00 00 00 00 00 00 00 
---------------------------------------------------------------------------
Process: p676 | Page: 0 | Size: 32 bytes
  Offset 0x0000: 00 00 00 00 00 00 00 00 00 00 00 00 00 00 00 00 
  Offset 0x0010: 00 00 00 00 00 00 00 00 00 00 00 00 00 00 00 00 
---------------------------------------------------------------------------
Process: p676 | Page: 1 | Size: 32 bytes
  Offset 0x0000: 00 00 00 00 00 00 00 00 00 00 00 00 00 00 00 00 
  Offset 0x0010: 00 00 00 00 00 00 00 00 00 00 00 00 00 00 00 00 
---------------------------------------------------------------------------
Process: p677 | Page: 0 | Size: 32 bytes
  Offset 0x0000: 00 00 00 00 00 00 00 00 00 00 00 00 00 00 00 00 
  Offset 0x0010: 00 00 00 00 00 00 00 00 00 00 00 00 00 00 00 00 
---------------------------------------------------------------------------
Process: p677 | Page: 1 | Size: 32 bytes
  Offset 0x0000: 00 00 00 00 00 00 00 00 00 00 00 00 00 00 00 00 
  Offset 0x0010: 00 00 00 00 00 00 00 00 00 00 00 00 00 00 00 00 
---------------------------------------------------------------------------
Process: p678 | Page: 0 | Size: 32 bytes
  Offset 0x0000: 00 00 00 00 00 00 00 00 00 00 00 00 00 00 00 00 
  Offset 0x0010: 00 00 00 00 00 00 00 00 00 00 00 00 00 00 00 00 
---------------------------------------------------------------------------
Process: p678 | Page: 1 | Size: 32 bytes
  Offset 0x0000: 00 00 00 00 00 00 00 00 00 00 00 00 00 00 00 00 
  Offset 0x0010: 00 00 00 00 00 00 00 00 00 00 00 00 00 00 00 00 
---------------------------------------------------------------------------
Process: p679 | Page: 0 | Size: 32 bytes
  Offset 0x0000: 00 00 00 00 00 00 00 00 00 00 00 00 00 00 00 00 
  Offset 0x0010: 00 00 00 00 00 00 00 00 00 00 00 00 00 00 00 00 
---------------------------------------------------------------------------
Process: p679 | Page: 1 | Size: 32 bytes
  Offset 0x0000: 00 00 00 00 00 00 00 00 00 00 00 00 00 00 00 00 
  Offset 0x0010: 00 00 00 00 00 00 00 00 00 00 00 00 00 00 00 00 
---------------------------------------------------------------------------
Process: p68 | Page: 0 | Size: 32 bytes
  Offset 0x0000: 00 00 00 00 00 00 00 00 00 00 00 00 00 00 00 00 
  Offset 0x0010: 00 00 00 00 00 00 00 00 00 00 00 00 00 00 00 00 
---------------------------------------------------------------------------
Process: p68 | Page: 1 | Size: 32 bytes
  Offset 0x0000: 00 00 00 00 00 00 00 00 00 00 00 00 00 00 00 00 
  Offset 0x0010: 00 00 00 00 00 00 00 00 00 00 00 00 00 00 00 00 
---------------------------------------------------------------------------
Process: p680 | Page: 0 | Size: 32 bytes
  Offset 0x0000: 00 00 00 00 00 00 00 00 00 00 00 00 00 00 00 00 
  Offset 0x0010: 00 00 00 00 00 00 00 00 00 00 00 00 00 00 00 00 
---------------------------------------------------------------------------
Process: p680 | Page: 1 | Size: 32 bytes
  Offset 0x0000: 00 00 00 00 00 00 00 00 00 00 00 00 00 00 00 00 
  Offset 0x0010: 00 00 00 00 00 00 00 00 00 00 00 00 00 00 00 00 
---------------------------------------------------------------------------
Process: p681 | Page: 0 | Size: 32 bytes
  Offset 0x0000: 00 00 00 00 00 00 00 00 00 00 00 00 00 00 00 00 
  Offset 0x0010: 00 00 00 00 00 00 00 00 00 00 00 00 00 00 00 00 
---------------------------------------------------------------------------
Process: p681 | Page: 1 | Size: 32 bytes
  Offset 0x0000: 00 00 00 00 00 00 00 00 00 00 00 00 00 00 00 00 
  Offset 0x0010: 00 00 00 00 00 00 00 00 00 00 00 00 00 00 00 00 
---------------------------------------------------------------------------
Process: p682 | Page: 0 | Size: 32 bytes
  Offset 0x0000: 00 00 00 00 00 00 00 00 00 00 00 00 00 00 00 00 
  Offset 0x0010: 00 00 00 00 00 00 00 00 00 00 00 00 00 00 00 00 
---------------------------------------------------------------------------
Process: p682 | Page: 1 | Size: 32 bytes
  Offset 0x0000: 00 00 00 00 00 00 00 00 00 00 00 00 00 00 00 00 
  Offset 0x0010: 00 00 00 00 00 00 00 00 00 00 00 00 00 00 00 00 
---------------------------------------------------------------------------
Process: p683 | Page: 0 | Size: 32 bytes
  Offset 0x0000: 00 00 00 00 00 00 00 00 00 00 00 00 00 00 00 00 
  Offset 0x0010: 00 00 00 00 00 00 00 00 00 00 00 00 00 00 00 00 
---------------------------------------------------------------------------
Process: p683 | Page: 1 | Size: 32 bytes
  Offset 0x0000: 00 00 00 00 00 00 00 00 00 00 00 00 00 00 00 00 
  Offset 0x0010: 00 00 00 00 00 00 00 00 00 00 00 00 00 00 00 00 
---------------------------------------------------------------------------
Process: p684 | Page: 0 | Size: 32 bytes
  Offset 0x0000: 00 00 00 00 00 00 00 00 00 00 00 00 00 00 00 00 
  Offset 0x0010: 00 00 00 00 00 00 00 00 00 00 00 00 00 00 00 00 
---------------------------------------------------------------------------
Process: p684 | Page: 1 | Size: 32 bytes
  Offset 0x0000: 00 00 00 00 00 00 00 00 00 00 00 00 00 00 00 00 
  Offset 0x0010: 00 00 00 00 00 00 00 00 00 00 00 00 00 00 00 00 
---------------------------------------------------------------------------
Process: p685 | Page: 0 | Size: 32 bytes
  Offset 0x0000: 00 00 00 00 00 00 00 00 00 00 00 00 00 00 00 00 
  Offset 0x0010: 00 00 00 00 00 00 00 00 00 00 00 00 00 00 00 00 
---------------------------------------------------------------------------
Process: p685 | Page: 1 | Size: 32 bytes
  Offset 0x0000: 00 00 00 00 00 00 00 00 00 00 00 00 00 00 00 00 
  Offset 0x0010: 00 00 00 00 00 00 00 00 00 00 00 00 00 00 00 00 
---------------------------------------------------------------------------
Process: p686 | Page: 0 | Size: 32 bytes
  Offset 0x0000: 00 00 00 00 00 00 00 00 00 00 00 00 00 00 00 00 
  Offset 0x0010: 00 00 00 00 00 00 00 00 00 00 00 00 00 00 00 00 
---------------------------------------------------------------------------
Process: p686 | Page: 1 | Size: 32 bytes
  Offset 0x0000: 00 00 00 00 00 00 00 00 00 00 00 00 00 00 00 00 
  Offset 0x0010: 00 00 00 00 00 00 00 00 00 00 00 00 00 00 00 00 
---------------------------------------------------------------------------
Process: p687 | Page: 0 | Size: 32 bytes
  Offset 0x0000: 00 00 00 00 00 00 00 00 00 00 00 00 00 00 00 00 
  Offset 0x0010: 00 00 00 00 00 00 00 00 00 00 00 00 00 00 00 00 
---------------------------------------------------------------------------
Process: p687 | Page: 1 | Size: 32 bytes
  Offset 0x0000: 00 00 00 00 00 00 00 00 00 00 00 00 00 00 00 00 
  Offset 0x0010: 00 00 00 00 00 00 00 00 00 00 00 00 00 00 00 00 
---------------------------------------------------------------------------
Process: p688 | Page: 0 | Size: 32 bytes
  Offset 0x0000: 00 00 00 00 00 00 00 00 00 00 00 00 00 00 00 00 
  Offset 0x0010: 00 00 00 00 00 00 00 00 00 00 00 00 00 00 00 00 
---------------------------------------------------------------------------
Process: p688 | Page: 1 | Size: 32 bytes
  Offset 0x0000: 00 00 00 00 00 00 00 00 00 00 00 00 00 00 00 00 
  Offset 0x0010: 00 00 00 00 00 00 00 00 00 00 00 00 00 00 00 00 
---------------------------------------------------------------------------
Process: p689 | Page: 0 | Size: 32 bytes
  Offset 0x0000: 00 00 00 00 00 00 00 00 00 00 00 00 00 00 00 00 
  Offset 0x0010: 00 00 00 00 00 00 00 00 00 00 00 00 00 00 00 00 
---------------------------------------------------------------------------
Process: p689 | Page: 1 | Size: 32 bytes
  Offset 0x0000: 00 00 00 00 00 00 00 00 00 00 00 00 00 00 00 00 
  Offset 0x0010: 00 00 00 00 00 00 00 00 00 00 00 00 00 00 00 00 
---------------------------------------------------------------------------
Process: p69 | Page: 0 | Size: 32 bytes
  Offset 0x0000: 00 00 00 00 00 00 00 00 00 00 00 00 00 00 00 00 
  Offset 0x0010: 00 00 00 00 00 00 00 00 00 00 00 00 00 00 00 00 
---------------------------------------------------------------------------
Process: p69 | Page: 1 | Size: 32 bytes
  Offset 0x0000: 00 00 00 00 00 00 00 00 00 00 00 00 00 00 00 00 
  Offset 0x0010: 00 00 00 00 00 00 00 00 00 00 00 00 00 00 00 00 
---------------------------------------------------------------------------
Process: p690 | Page: 0 | Size: 32 bytes
  Offset 0x0000: 00 00 00 00 00 00 00 00 00 00 00 00 00 00 00 00 
  Offset 0x0010: 00 00 00 00 00 00 00 00 00 00 00 00 00 00 00 00 
---------------------------------------------------------------------------
Process: p690 | Page: 1 | Size: 32 bytes
  Offset 0x0000: 00 00 00 00 00 00 00 00 00 00 00 00 00 00 00 00 
  Offset 0x0010: 00 00 00 00 00 00 00 00 00 00 00 00 00 00 00 00 
---------------------------------------------------------------------------
Process: p691 | Page: 0 | Size: 32 bytes
  Offset 0x0000: 00 00 00 00 00 00 00 00 00 00 00 00 00 00 00 00 
  Offset 0x0010: 00 00 00 00 00 00 00 00 00 00 00 00 00 00 00 00 
---------------------------------------------------------------------------
Process: p691 | Page: 1 | Size: 32 bytes
  Offset 0x0000: 00 00 00 00 00 00 00 00 00 00 00 00 00 00 00 00 
  Offset 0x0010: 00 00 00 00 00 00 00 00 00 00 00 00 00 00 00 00 
---------------------------------------------------------------------------
Process: p692 | Page: 0 | Size: 32 bytes
  Offset 0x0000: 00 00 00 00 00 00 00 00 00 00 00 00 00 00 00 00 
  Offset 0x0010: 00 00 00 00 00 00 00 00 00 00 00 00 00 00 00 00 
---------------------------------------------------------------------------
Process: p692 | Page: 1 | Size: 32 bytes
  Offset 0x0000: 00 00 00 00 00 00 00 00 00 00 00 00 00 00 00 00 
  Offset 0x0010: 00 00 00 00 00 00 00 00 00 00 00 00 00 00 00 00 
---------------------------------------------------------------------------
Process: p693 | Page: 0 | Size: 32 bytes
  Offset 0x0000: 00 00 00 00 00 00 00 00 00 00 00 00 00 00 00 00 
  Offset 0x0010: 00 00 00 00 00 00 00 00 00 00 00 00 00 00 00 00 
---------------------------------------------------------------------------
Process: p693 | Page: 1 | Size: 32 bytes
  Offset 0x0000: 00 00 00 00 00 00 00 00 00 00 00 00 00 00 00 00 
  Offset 0x0010: 00 00 00 00 00 00 00 00 00 00 00 00 00 00 00 00 
---------------------------------------------------------------------------
Process: p694 | Page: 0 | Size: 32 bytes
  Offset 0x0000: 00 00 00 00 00 00 00 00 00 00 00 00 00 00 00 00 
  Offset 0x0010: 00 00 00 00 00 00 00 00 00 00 00 00 00 00 00 00 
---------------------------------------------------------------------------
Process: p694 | Page: 1 | Size: 32 bytes
  Offset 0x0000: 00 00 00 00 00 00 00 00 00 00 00 00 00 00 00 00 
  Offset 0x0010: 00 00 00 00 00 00 00 00 00 00 00 00 00 00 00 00 
---------------------------------------------------------------------------
Process: p695 | Page: 0 | Size: 32 bytes
  Offset 0x0000: 00 00 00 00 00 00 00 00 00 00 00 00 00 00 00 00 
  Offset 0x0010: 00 00 00 00 00 00 00 00 00 00 00 00 00 00 00 00 
---------------------------------------------------------------------------
Process: p695 | Page: 1 | Size: 32 bytes
  Offset 0x0000: 00 00 00 00 00 00 00 00 00 00 00 00 00 00 00 00 
  Offset 0x0010: 00 00 00 00 00 00 00 00 00 00 00 00 00 00 00 00 
---------------------------------------------------------------------------
Process: p696 | Page: 0 | Size: 32 bytes
  Offset 0x0000: 00 00 00 00 00 00 00 00 00 00 00 00 00 00 00 00 
  Offset 0x0010: 00 00 00 00 00 00 00 00 00 00 00 00 00 00 00 00 
---------------------------------------------------------------------------
Process: p696 | Page: 1 | Size: 32 bytes
  Offset 0x0000: 00 00 00 00 00 00 00 00 00 00 00 00 00 00 00 00 
  Offset 0x0010: 00 00 00 00 00 00 00 00 00 00 00 00 00 00 00 00 
---------------------------------------------------------------------------
Process: p697 | Page: 0 | Size: 32 bytes
  Offset 0x0000: 00 00 00 00 00 00 00 00 00 00 00 00 00 00 00 00 
  Offset 0x0010: 00 00 00 00 00 00 00 00 00 00 00 00 00 00 00 00 
---------------------------------------------------------------------------
Process: p697 | Page: 1 | Size: 32 bytes
  Offset 0x0000: 00 00 00 00 00 00 00 00 00 00 00 00 00 00 00 00 
  Offset 0x0010: 00 00 00 00 00 00 00 00 00 00 00 00 00 00 00 00 
---------------------------------------------------------------------------
Process: p698 | Page: 0 | Size: 32 bytes
  Offset 0x0000: 00 00 00 00 00 00 00 00 00 00 00 00 00 00 00 00 
  Offset 0x0010: 00 00 00 00 00 00 00 00 00 00 00 00 00 00 00 00 
---------------------------------------------------------------------------
Process: p698 | Page: 1 | Size: 32 bytes
  Offset 0x0000: 00 00 00 00 00 00 00 00 00 00 00 00 00 00 00 00 
  Offset 0x0010: 00 00 00 00 00 00 00 00 00 00 00 00 00 00 00 00 
---------------------------------------------------------------------------
Process: p699 | Page: 0 | Size: 32 bytes
  Offset 0x0000: 00 00 00 00 00 00 00 00 00 00 00 00 00 00 00 00 
  Offset 0x0010: 00 00 00 00 00 00 00 00 00 00 00 00 00 00 00 00 
---------------------------------------------------------------------------
Process: p699 | Page: 1 | Size: 32 bytes
  Offset 0x0000: 00 00 00 00 00 00 00 00 00 00 00 00 00 00 00 00 
  Offset 0x0010: 00 00 00 00 00 00 00 00 00 00 00 00 00 00 00 00 
---------------------------------------------------------------------------
Process: p70 | Page: 0 | Size: 32 bytes
  Offset 0x0000: 00 00 00 00 00 00 00 00 00 00 00 00 00 00 00 00 
  Offset 0x0010: 00 00 00 00 00 00 00 00 00 00 00 00 00 00 00 00 
---------------------------------------------------------------------------
Process: p70 | Page: 1 | Size: 32 bytes
  Offset 0x0000: 00 00 00 00 00 00 00 00 00 00 00 00 00 00 00 00 
  Offset 0x0010: 00 00 00 00 00 00 00 00 00 00 00 00 00 00 00 00 
---------------------------------------------------------------------------
Process: p700 | Page: 0 | Size: 32 bytes
  Offset 0x0000: 00 00 00 00 00 00 00 00 00 00 00 00 00 00 00 00 
  Offset 0x0010: 00 00 00 00 00 00 00 00 00 00 00 00 00 00 00 00 
---------------------------------------------------------------------------
Process: p700 | Page: 1 | Size: 32 bytes
  Offset 0x0000: 00 00 00 00 00 00 00 00 00 00 00 00 00 00 00 00 
  Offset 0x0010: 00 00 00 00 00 00 00 00 00 00 00 00 00 00 00 00 
---------------------------------------------------------------------------
Process: p701 | Page: 0 | Size: 32 bytes
  Offset 0x0000: 00 00 00 00 00 00 00 00 00 00 00 00 00 00 00 00 
  Offset 0x0010: 00 00 00 00 00 00 00 00 00 00 00 00 00 00 00 00 
---------------------------------------------------------------------------
Process: p701 | Page: 1 | Size: 32 bytes
  Offset 0x0000: 00 00 00 00 00 00 00 00 00 00 00 00 00 00 00 00 
  Offset 0x0010: 00 00 00 00 00 00 00 00 00 00 00 00 00 00 00 00 
---------------------------------------------------------------------------
Process: p702 | Page: 0 | Size: 32 bytes
  Offset 0x0000: 00 00 00 00 00 00 00 00 00 00 00 00 00 00 00 00 
  Offset 0x0010: 00 00 00 00 00 00 00 00 00 00 00 00 00 00 00 00 
---------------------------------------------------------------------------
Process: p702 | Page: 1 | Size: 32 bytes
  Offset 0x0000: 00 00 00 00 00 00 00 00 00 00 00 00 00 00 00 00 
  Offset 0x0010: 00 00 00 00 00 00 00 00 00 00 00 00 00 00 00 00 
---------------------------------------------------------------------------
Process: p703 | Page: 0 | Size: 32 bytes
  Offset 0x0000: 00 00 00 00 00 00 00 00 00 00 00 00 00 00 00 00 
  Offset 0x0010: 00 00 00 00 00 00 00 00 00 00 00 00 00 00 00 00 
---------------------------------------------------------------------------
Process: p703 | Page: 1 | Size: 32 bytes
  Offset 0x0000: 00 00 00 00 00 00 00 00 00 00 00 00 00 00 00 00 
  Offset 0x0010: 00 00 00 00 00 00 00 00 00 00 00 00 00 00 00 00 
---------------------------------------------------------------------------
Process: p704 | Page: 0 | Size: 32 bytes
  Offset 0x0000: 00 00 00 00 00 00 00 00 00 00 00 00 00 00 00 00 
  Offset 0x0010: 00 00 00 00 00 00 00 00 00 00 00 00 00 00 00 00 
---------------------------------------------------------------------------
Process: p704 | Page: 1 | Size: 32 bytes
  Offset 0x0000: 00 00 00 00 00 00 00 00 00 00 00 00 00 00 00 00 
  Offset 0x0010: 00 00 00 00 00 00 00 00 00 00 00 00 00 00 00 00 
---------------------------------------------------------------------------
Process: p705 | Page: 0 | Size: 32 bytes
  Offset 0x0000: 00 00 00 00 00 00 00 00 00 00 00 00 00 00 00 00 
  Offset 0x0010: 00 00 00 00 00 00 00 00 00 00 00 00 00 00 00 00 
---------------------------------------------------------------------------
Process: p705 | Page: 1 | Size: 32 bytes
  Offset 0x0000: 00 00 00 00 00 00 00 00 00 00 00 00 00 00 00 00 
  Offset 0x0010: 00 00 00 00 00 00 00 00 00 00 00 00 00 00 00 00 
---------------------------------------------------------------------------
Process: p706 | Page: 0 | Size: 32 bytes
  Offset 0x0000: 00 00 00 00 00 00 00 00 00 00 00 00 00 00 00 00 
  Offset 0x0010: 00 00 00 00 00 00 00 00 00 00 00 00 00 00 00 00 
---------------------------------------------------------------------------
Process: p706 | Page: 1 | Size: 32 bytes
  Offset 0x0000: 00 00 00 00 00 00 00 00 00 00 00 00 00 00 00 00 
  Offset 0x0010: 00 00 00 00 00 00 00 00 00 00 00 00 00 00 00 00 
---------------------------------------------------------------------------
Process: p707 | Page: 0 | Size: 32 bytes
  Offset 0x0000: 00 00 00 00 00 00 00 00 00 00 00 00 00 00 00 00 
  Offset 0x0010: 00 00 00 00 00 00 00 00 00 00 00 00 00 00 00 00 
---------------------------------------------------------------------------
Process: p707 | Page: 1 | Size: 32 bytes
  Offset 0x0000: 00 00 00 00 00 00 00 00 00 00 00 00 00 00 00 00 
  Offset 0x0010: 00 00 00 00 00 00 00 00 00 00 00 00 00 00 00 00 
---------------------------------------------------------------------------
Process: p708 | Page: 0 | Size: 32 bytes
  Offset 0x0000: 00 00 00 00 00 00 00 00 00 00 00 00 00 00 00 00 
  Offset 0x0010: 00 00 00 00 00 00 00 00 00 00 00 00 00 00 00 00 
---------------------------------------------------------------------------
Process: p708 | Page: 1 | Size: 32 bytes
  Offset 0x0000: 00 00 00 00 00 00 00 00 00 00 00 00 00 00 00 00 
  Offset 0x0010: 00 00 00 00 00 00 00 00 00 00 00 00 00 00 00 00 
---------------------------------------------------------------------------
Process: p709 | Page: 0 | Size: 32 bytes
  Offset 0x0000: 00 00 00 00 00 00 00 00 00 00 00 00 00 00 00 00 
  Offset 0x0010: 00 00 00 00 00 00 00 00 00 00 00 00 00 00 00 00 
---------------------------------------------------------------------------
Process: p709 | Page: 1 | Size: 32 bytes
  Offset 0x0000: 00 00 00 00 00 00 00 00 00 00 00 00 00 00 00 00 
  Offset 0x0010: 00 00 00 00 00 00 00 00 00 00 00 00 00 00 00 00 
---------------------------------------------------------------------------
Process: p71 | Page: 0 | Size: 32 bytes
  Offset 0x0000: 00 00 00 00 00 00 00 00 00 00 00 00 00 00 00 00 
  Offset 0x0010: 00 00 00 00 00 00 00 00 00 00 00 00 00 00 00 00 
---------------------------------------------------------------------------
Process: p71 | Page: 1 | Size: 32 bytes
  Offset 0x0000: 00 00 00 00 00 00 00 00 00 00 00 00 00 00 00 00 
  Offset 0x0010: 00 00 00 00 00 00 00 00 00 00 00 00 00 00 00 00 
---------------------------------------------------------------------------
Process: p710 | Page: 0 | Size: 32 bytes
  Offset 0x0000: 00 00 00 00 00 00 00 00 00 00 00 00 00 00 00 00 
  Offset 0x0010: 00 00 00 00 00 00 00 00 00 00 00 00 00 00 00 00 
---------------------------------------------------------------------------
Process: p710 | Page: 1 | Size: 32 bytes
  Offset 0x0000: 00 00 00 00 00 00 00 00 00 00 00 00 00 00 00 00 
  Offset 0x0010: 00 00 00 00 00 00 00 00 00 00 00 00 00 00 00 00 
---------------------------------------------------------------------------
Process: p711 | Page: 0 | Size: 32 bytes
  Offset 0x0000: 00 00 00 00 00 00 00 00 00 00 00 00 00 00 00 00 
  Offset 0x0010: 00 00 00 00 00 00 00 00 00 00 00 00 00 00 00 00 
---------------------------------------------------------------------------
Process: p711 | Page: 1 | Size: 32 bytes
  Offset 0x0000: 00 00 00 00 00 00 00 00 00 00 00 00 00 00 00 00 
  Offset 0x0010: 00 00 00 00 00 00 00 00 00 00 00 00 00 00 00 00 
---------------------------------------------------------------------------
Process: p712 | Page: 0 | Size: 32 bytes
  Offset 0x0000: 00 00 00 00 00 00 00 00 00 00 00 00 00 00 00 00 
  Offset 0x0010: 00 00 00 00 00 00 00 00 00 00 00 00 00 00 00 00 
---------------------------------------------------------------------------
Process: p712 | Page: 1 | Size: 32 bytes
  Offset 0x0000: 00 00 00 00 00 00 00 00 00 00 00 00 00 00 00 00 
  Offset 0x0010: 00 00 00 00 00 00 00 00 00 00 00 00 00 00 00 00 
---------------------------------------------------------------------------
Process: p713 | Page: 0 | Size: 32 bytes
  Offset 0x0000: 00 00 00 00 00 00 00 00 00 00 00 00 00 00 00 00 
  Offset 0x0010: 00 00 00 00 00 00 00 00 00 00 00 00 00 00 00 00 
---------------------------------------------------------------------------
Process: p713 | Page: 1 | Size: 32 bytes
  Offset 0x0000: 00 00 00 00 00 00 00 00 00 00 00 00 00 00 00 00 
  Offset 0x0010: 00 00 00 00 00 00 00 00 00 00 00 00 00 00 00 00 
---------------------------------------------------------------------------
Process: p714 | Page: 0 | Size: 32 bytes
  Offset 0x0000: 00 00 00 00 00 00 00 00 00 00 00 00 00 00 00 00 
  Offset 0x0010: 00 00 00 00 00 00 00 00 00 00 00 00 00 00 00 00 
---------------------------------------------------------------------------
Process: p714 | Page: 1 | Size: 32 bytes
  Offset 0x0000: 00 00 00 00 00 00 00 00 00 00 00 00 00 00 00 00 
  Offset 0x0010: 00 00 00 00 00 00 00 00 00 00 00 00 00 00 00 00 
---------------------------------------------------------------------------
Process: p715 | Page: 0 | Size: 32 bytes
  Offset 0x0000: 00 00 00 00 00 00 00 00 00 00 00 00 00 00 00 00 
  Offset 0x0010: 00 00 00 00 00 00 00 00 00 00 00 00 00 00 00 00 
---------------------------------------------------------------------------
Process: p715 | Page: 1 | Size: 32 bytes
  Offset 0x0000: 00 00 00 00 00 00 00 00 00 00 00 00 00 00 00 00 
  Offset 0x0010: 00 00 00 00 00 00 00 00 00 00 00 00 00 00 00 00 
---------------------------------------------------------------------------
Process: p716 | Page: 0 | Size: 32 bytes
  Offset 0x0000: 00 00 00 00 00 00 00 00 00 00 00 00 00 00 00 00 
  Offset 0x0010: 00 00 00 00 00 00 00 00 00 00 00 00 00 00 00 00 
---------------------------------------------------------------------------
Process: p716 | Page: 1 | Size: 32 bytes
  Offset 0x0000: 00 00 00 00 00 00 00 00 00 00 00 00 00 00 00 00 
  Offset 0x0010: 00 00 00 00 00 00 00 00 00 00 00 00 00 00 00 00 
---------------------------------------------------------------------------
Process: p717 | Page: 0 | Size: 32 bytes
  Offset 0x0000: 00 00 00 00 00 00 00 00 00 00 00 00 00 00 00 00 
  Offset 0x0010: 00 00 00 00 00 00 00 00 00 00 00 00 00 00 00 00 
---------------------------------------------------------------------------
Process: p717 | Page: 1 | Size: 32 bytes
  Offset 0x0000: 00 00 00 00 00 00 00 00 00 00 00 00 00 00 00 00 
  Offset 0x0010: 00 00 00 00 00 00 00 00 00 00 00 00 00 00 00 00 
---------------------------------------------------------------------------
Process: p718 | Page: 0 | Size: 32 bytes
  Offset 0x0000: 00 00 00 00 00 00 00 00 00 00 00 00 00 00 00 00 
  Offset 0x0010: 00 00 00 00 00 00 00 00 00 00 00 00 00 00 00 00 
---------------------------------------------------------------------------
Process: p718 | Page: 1 | Size: 32 bytes
  Offset 0x0000: 00 00 00 00 00 00 00 00 00 00 00 00 00 00 00 00 
  Offset 0x0010: 00 00 00 00 00 00 00 00 00 00 00 00 00 00 00 00 
---------------------------------------------------------------------------
Process: p719 | Page: 0 | Size: 32 bytes
  Offset 0x0000: 00 00 00 00 00 00 00 00 00 00 00 00 00 00 00 00 
  Offset 0x0010: 00 00 00 00 00 00 00 00 00 00 00 00 00 00 00 00 
---------------------------------------------------------------------------
Process: p719 | Page: 1 | Size: 32 bytes
  Offset 0x0000: 00 00 00 00 00 00 00 00 00 00 00 00 00 00 00 00 
  Offset 0x0010: 00 00 00 00 00 00 00 00 00 00 00 00 00 00 00 00 
---------------------------------------------------------------------------
Process: p72 | Page: 0 | Size: 32 bytes
  Offset 0x0000: 00 00 00 00 00 00 00 00 00 00 00 00 00 00 00 00 
  Offset 0x0010: 00 00 00 00 00 00 00 00 00 00 00 00 00 00 00 00 
---------------------------------------------------------------------------
Process: p72 | Page: 1 | Size: 32 bytes
  Offset 0x0000: 00 00 00 00 00 00 00 00 00 00 00 00 00 00 00 00 
  Offset 0x0010: 00 00 00 00 00 00 00 00 00 00 00 00 00 00 00 00 
---------------------------------------------------------------------------
Process: p720 | Page: 0 | Size: 32 bytes
  Offset 0x0000: 00 00 00 00 00 00 00 00 00 00 00 00 00 00 00 00 
  Offset 0x0010: 00 00 00 00 00 00 00 00 00 00 00 00 00 00 00 00 
---------------------------------------------------------------------------
Process: p720 | Page: 1 | Size: 32 bytes
  Offset 0x0000: 00 00 00 00 00 00 00 00 00 00 00 00 00 00 00 00 
  Offset 0x0010: 00 00 00 00 00 00 00 00 00 00 00 00 00 00 00 00 
---------------------------------------------------------------------------
Process: p721 | Page: 0 | Size: 32 bytes
  Offset 0x0000: 00 00 00 00 00 00 00 00 00 00 00 00 00 00 00 00 
  Offset 0x0010: 00 00 00 00 00 00 00 00 00 00 00 00 00 00 00 00 
---------------------------------------------------------------------------
Process: p721 | Page: 1 | Size: 32 bytes
  Offset 0x0000: 00 00 00 00 00 00 00 00 00 00 00 00 00 00 00 00 
  Offset 0x0010: 00 00 00 00 00 00 00 00 00 00 00 00 00 00 00 00 
---------------------------------------------------------------------------
Process: p722 | Page: 0 | Size: 32 bytes
  Offset 0x0000: 00 00 00 00 00 00 00 00 00 00 00 00 00 00 00 00 
  Offset 0x0010: 00 00 00 00 00 00 00 00 00 00 00 00 00 00 00 00 
---------------------------------------------------------------------------
Process: p722 | Page: 1 | Size: 32 bytes
  Offset 0x0000: 00 00 00 00 00 00 00 00 00 00 00 00 00 00 00 00 
  Offset 0x0010: 00 00 00 00 00 00 00 00 00 00 00 00 00 00 00 00 
---------------------------------------------------------------------------
Process: p723 | Page: 0 | Size: 32 bytes
  Offset 0x0000: 00 00 00 00 00 00 00 00 00 00 00 00 00 00 00 00 
  Offset 0x0010: 00 00 00 00 00 00 00 00 00 00 00 00 00 00 00 00 
---------------------------------------------------------------------------
Process: p723 | Page: 1 | Size: 32 bytes
  Offset 0x0000: 00 00 00 00 00 00 00 00 00 00 00 00 00 00 00 00 
  Offset 0x0010: 00 00 00 00 00 00 00 00 00 00 00 00 00 00 00 00 
---------------------------------------------------------------------------
Process: p724 | Page: 0 | Size: 32 bytes
  Offset 0x0000: 00 00 00 00 00 00 00 00 00 00 00 00 00 00 00 00 
  Offset 0x0010: 00 00 00 00 00 00 00 00 00 00 00 00 00 00 00 00 
---------------------------------------------------------------------------
Process: p724 | Page: 1 | Size: 32 bytes
  Offset 0x0000: 00 00 00 00 00 00 00 00 00 00 00 00 00 00 00 00 
  Offset 0x0010: 00 00 00 00 00 00 00 00 00 00 00 00 00 00 00 00 
---------------------------------------------------------------------------
Process: p725 | Page: 0 | Size: 32 bytes
  Offset 0x0000: 00 00 00 00 00 00 00 00 00 00 00 00 00 00 00 00 
  Offset 0x0010: 00 00 00 00 00 00 00 00 00 00 00 00 00 00 00 00 
---------------------------------------------------------------------------
Process: p725 | Page: 1 | Size: 32 bytes
  Offset 0x0000: 00 00 00 00 00 00 00 00 00 00 00 00 00 00 00 00 
  Offset 0x0010: 00 00 00 00 00 00 00 00 00 00 00 00 00 00 00 00 
---------------------------------------------------------------------------
Process: p726 | Page: 0 | Size: 32 bytes
  Offset 0x0000: 00 00 00 00 00 00 00 00 00 00 00 00 00 00 00 00 
  Offset 0x0010: 00 00 00 00 00 00 00 00 00 00 00 00 00 00 00 00 
---------------------------------------------------------------------------
Process: p726 | Page: 1 | Size: 32 bytes
  Offset 0x0000: 00 00 00 00 00 00 00 00 00 00 00 00 00 00 00 00 
  Offset 0x0010: 00 00 00 00 00 00 00 00 00 00 00 00 00 00 00 00 
---------------------------------------------------------------------------
Process: p727 | Page: 0 | Size: 32 bytes
  Offset 0x0000: 00 00 00 00 00 00 00 00 00 00 00 00 00 00 00 00 
  Offset 0x0010: 00 00 00 00 00 00 00 00 00 00 00 00 00 00 00 00 
---------------------------------------------------------------------------
Process: p727 | Page: 1 | Size: 32 bytes
  Offset 0x0000: 00 00 00 00 00 00 00 00 00 00 00 00 00 00 00 00 
  Offset 0x0010: 00 00 00 00 00 00 00 00 00 00 00 00 00 00 00 00 
---------------------------------------------------------------------------
Process: p728 | Page: 0 | Size: 32 bytes
  Offset 0x0000: 00 00 00 00 00 00 00 00 00 00 00 00 00 00 00 00 
  Offset 0x0010: 00 00 00 00 00 00 00 00 00 00 00 00 00 00 00 00 
---------------------------------------------------------------------------
Process: p728 | Page: 1 | Size: 32 bytes
  Offset 0x0000: 00 00 00 00 00 00 00 00 00 00 00 00 00 00 00 00 
  Offset 0x0010: 00 00 00 00 00 00 00 00 00 00 00 00 00 00 00 00 
---------------------------------------------------------------------------
Process: p729 | Page: 0 | Size: 32 bytes
  Offset 0x0000: 00 00 00 00 00 00 00 00 00 00 00 00 00 00 00 00 
  Offset 0x0010: 00 00 00 00 00 00 00 00 00 00 00 00 00 00 00 00 
---------------------------------------------------------------------------
Process: p729 | Page: 1 | Size: 32 bytes
  Offset 0x0000: 00 00 00 00 00 00 00 00 00 00 00 00 00 00 00 00 
  Offset 0x0010: 00 00 00 00 00 00 00 00 00 00 00 00 00 00 00 00 
---------------------------------------------------------------------------
Process: p73 | Page: 0 | Size: 32 bytes
  Offset 0x0000: 00 00 00 00 00 00 00 00 00 00 00 00 00 00 00 00 
  Offset 0x0010: 00 00 00 00 00 00 00 00 00 00 00 00 00 00 00 00 
---------------------------------------------------------------------------
Process: p73 | Page: 1 | Size: 32 bytes
  Offset 0x0000: 00 00 00 00 00 00 00 00 00 00 00 00 00 00 00 00 
  Offset 0x0010: 00 00 00 00 00 00 00 00 00 00 00 00 00 00 00 00 
---------------------------------------------------------------------------
Process: p730 | Page: 0 | Size: 32 bytes
  Offset 0x0000: 00 00 00 00 00 00 00 00 00 00 00 00 00 00 00 00 
  Offset 0x0010: 00 00 00 00 00 00 00 00 00 00 00 00 00 00 00 00 
---------------------------------------------------------------------------
Process: p730 | Page: 1 | Size: 32 bytes
  Offset 0x0000: 00 00 00 00 00 00 00 00 00 00 00 00 00 00 00 00 
  Offset 0x0010: 00 00 00 00 00 00 00 00 00 00 00 00 00 00 00 00 
---------------------------------------------------------------------------
Process: p731 | Page: 0 | Size: 32 bytes
  Offset 0x0000: 00 00 00 00 00 00 00 00 00 00 00 00 00 00 00 00 
  Offset 0x0010: 00 00 00 00 00 00 00 00 00 00 00 00 00 00 00 00 
---------------------------------------------------------------------------
Process: p731 | Page: 1 | Size: 32 bytes
  Offset 0x0000: 00 00 00 00 00 00 00 00 00 00 00 00 00 00 00 00 
  Offset 0x0010: 00 00 00 00 00 00 00 00 00 00 00 00 00 00 00 00 
---------------------------------------------------------------------------
Process: p732 | Page: 0 | Size: 32 bytes
  Offset 0x0000: 00 00 00 00 00 00 00 00 00 00 00 00 00 00 00 00 
  Offset 0x0010: 00 00 00 00 00 00 00 00 00 00 00 00 00 00 00 00 
---------------------------------------------------------------------------
Process: p732 | Page: 1 | Size: 32 bytes
  Offset 0x0000: 00 00 00 00 00 00 00 00 00 00 00 00 00 00 00 00 
  Offset 0x0010: 00 00 00 00 00 00 00 00 00 00 00 00 00 00 00 00 
---------------------------------------------------------------------------
Process: p733 | Page: 0 | Size: 32 bytes
  Offset 0x0000: 00 00 00 00 00 00 00 00 00 00 00 00 00 00 00 00 
  Offset 0x0010: 00 00 00 00 00 00 00 00 00 00 00 00 00 00 00 00 
---------------------------------------------------------------------------
Process: p733 | Page: 1 | Size: 32 bytes
  Offset 0x0000: 00 00 00 00 00 00 00 00 00 00 00 00 00 00 00 00 
  Offset 0x0010: 00 00 00 00 00 00 00 00 00 00 00 00 00 00 00 00 
---------------------------------------------------------------------------
Process: p734 | Page: 0 | Size: 32 bytes
  Offset 0x0000: 00 00 00 00 00 00 00 00 00 00 00 00 00 00 00 00 
  Offset 0x0010: 00 00 00 00 00 00 00 00 00 00 00 00 00 00 00 00 
---------------------------------------------------------------------------
Process: p734 | Page: 1 | Size: 32 bytes
  Offset 0x0000: 00 00 00 00 00 00 00 00 00 00 00 00 00 00 00 00 
  Offset 0x0010: 00 00 00 00 00 00 00 00 00 00 00 00 00 00 00 00 
---------------------------------------------------------------------------
Process: p735 | Page: 0 | Size: 32 bytes
  Offset 0x0000: 00 00 00 00 00 00 00 00 00 00 00 00 00 00 00 00 
  Offset 0x0010: 00 00 00 00 00 00 00 00 00 00 00 00 00 00 00 00 
---------------------------------------------------------------------------
Process: p735 | Page: 1 | Size: 32 bytes
  Offset 0x0000: 00 00 00 00 00 00 00 00 00 00 00 00 00 00 00 00 
  Offset 0x0010: 00 00 00 00 00 00 00 00 00 00 00 00 00 00 00 00 
---------------------------------------------------------------------------
Process: p736 | Page: 0 | Size: 32 bytes
  Offset 0x0000: 00 00 00 00 00 00 00 00 00 00 00 00 00 00 00 00 
  Offset 0x0010: 00 00 00 00 00 00 00 00 00 00 00 00 00 00 00 00 
---------------------------------------------------------------------------
Process: p736 | Page: 1 | Size: 32 bytes
  Offset 0x0000: 00 00 00 00 00 00 00 00 00 00 00 00 00 00 00 00 
  Offset 0x0010: 00 00 00 00 00 00 00 00 00 00 00 00 00 00 00 00 
---------------------------------------------------------------------------
Process: p737 | Page: 0 | Size: 32 bytes
  Offset 0x0000: 00 00 00 00 00 00 00 00 00 00 00 00 00 00 00 00 
  Offset 0x0010: 00 00 00 00 00 00 00 00 00 00 00 00 00 00 00 00 
---------------------------------------------------------------------------
Process: p737 | Page: 1 | Size: 32 bytes
  Offset 0x0000: 00 00 00 00 00 00 00 00 00 00 00 00 00 00 00 00 
  Offset 0x0010: 00 00 00 00 00 00 00 00 00 00 00 00 00 00 00 00 
---------------------------------------------------------------------------
Process: p738 | Page: 0 | Size: 32 bytes
  Offset 0x0000: 00 00 00 00 00 00 00 00 00 00 00 00 00 00 00 00 
  Offset 0x0010: 00 00 00 00 00 00 00 00 00 00 00 00 00 00 00 00 
---------------------------------------------------------------------------
Process: p738 | Page: 1 | Size: 32 bytes
  Offset 0x0000: 00 00 00 00 00 00 00 00 00 00 00 00 00 00 00 00 
  Offset 0x0010: 00 00 00 00 00 00 00 00 00 00 00 00 00 00 00 00 
---------------------------------------------------------------------------
Process: p739 | Page: 0 | Size: 32 bytes
  Offset 0x0000: 00 00 00 00 00 00 00 00 00 00 00 00 00 00 00 00 
  Offset 0x0010: 00 00 00 00 00 00 00 00 00 00 00 00 00 00 00 00 
---------------------------------------------------------------------------
Process: p739 | Page: 1 | Size: 32 bytes
  Offset 0x0000: 00 00 00 00 00 00 00 00 00 00 00 00 00 00 00 00 
  Offset 0x0010: 00 00 00 00 00 00 00 00 00 00 00 00 00 00 00 00 
---------------------------------------------------------------------------
Process: p74 | Page: 0 | Size: 32 bytes
  Offset 0x0000: 00 00 00 00 00 00 00 00 00 00 00 00 00 00 00 00 
  Offset 0x0010: 00 00 00 00 00 00 00 00 00 00 00 00 00 00 00 00 
---------------------------------------------------------------------------
Process: p74 | Page: 1 | Size: 32 bytes
  Offset 0x0000: 00 00 00 00 00 00 00 00 00 00 00 00 00 00 00 00 
  Offset 0x0010: 00 00 00 00 00 00 00 00 00 00 00 00 00 00 00 00 
---------------------------------------------------------------------------
Process: p740 | Page: 0 | Size: 32 bytes
  Offset 0x0000: 00 00 00 00 00 00 00 00 00 00 00 00 00 00 00 00 
  Offset 0x0010: 00 00 00 00 00 00 00 00 00 00 00 00 00 00 00 00 
---------------------------------------------------------------------------
Process: p740 | Page: 1 | Size: 32 bytes
  Offset 0x0000: 00 00 00 00 00 00 00 00 00 00 00 00 00 00 00 00 
  Offset 0x0010: 00 00 00 00 00 00 00 00 00 00 00 00 00 00 00 00 
---------------------------------------------------------------------------
Process: p741 | Page: 0 | Size: 32 bytes
  Offset 0x0000: 00 00 00 00 00 00 00 00 00 00 00 00 00 00 00 00 
  Offset 0x0010: 00 00 00 00 00 00 00 00 00 00 00 00 00 00 00 00 
---------------------------------------------------------------------------
Process: p741 | Page: 1 | Size: 32 bytes
  Offset 0x0000: 00 00 00 00 00 00 00 00 00 00 00 00 00 00 00 00 
  Offset 0x0010: 00 00 00 00 00 00 00 00 00 00 00 00 00 00 00 00 
---------------------------------------------------------------------------
Process: p742 | Page: 0 | Size: 32 bytes
  Offset 0x0000: 00 00 00 00 00 00 00 00 00 00 00 00 00 00 00 00 
  Offset 0x0010: 00 00 00 00 00 00 00 00 00 00 00 00 00 00 00 00 
---------------------------------------------------------------------------
Process: p742 | Page: 1 | Size: 32 bytes
  Offset 0x0000: 00 00 00 00 00 00 00 00 00 00 00 00 00 00 00 00 
  Offset 0x0010: 00 00 00 00 00 00 00 00 00 00 00 00 00 00 00 00 
---------------------------------------------------------------------------
Process: p743 | Page: 0 | Size: 32 bytes
  Offset 0x0000: 00 00 00 00 00 00 00 00 00 00 00 00 00 00 00 00 
  Offset 0x0010: 00 00 00 00 00 00 00 00 00 00 00 00 00 00 00 00 
---------------------------------------------------------------------------
Process: p743 | Page: 1 | Size: 32 bytes
  Offset 0x0000: 00 00 00 00 00 00 00 00 00 00 00 00 00 00 00 00 
  Offset 0x0010: 00 00 00 00 00 00 00 00 00 00 00 00 00 00 00 00 
---------------------------------------------------------------------------
Process: p744 | Page: 0 | Size: 32 bytes
  Offset 0x0000: 00 00 00 00 00 00 00 00 00 00 00 00 00 00 00 00 
  Offset 0x0010: 00 00 00 00 00 00 00 00 00 00 00 00 00 00 00 00 
---------------------------------------------------------------------------
Process: p744 | Page: 1 | Size: 32 bytes
  Offset 0x0000: 00 00 00 00 00 00 00 00 00 00 00 00 00 00 00 00 
  Offset 0x0010: 00 00 00 00 00 00 00 00 00 00 00 00 00 00 00 00 
---------------------------------------------------------------------------
Process: p745 | Page: 0 | Size: 32 bytes
  Offset 0x0000: 00 00 00 00 00 00 00 00 00 00 00 00 00 00 00 00 
  Offset 0x0010: 00 00 00 00 00 00 00 00 00 00 00 00 00 00 00 00 
---------------------------------------------------------------------------
Process: p745 | Page: 1 | Size: 32 bytes
  Offset 0x0000: 00 00 00 00 00 00 00 00 00 00 00 00 00 00 00 00 
  Offset 0x0010: 00 00 00 00 00 00 00 00 00 00 00 00 00 00 00 00 
---------------------------------------------------------------------------
Process: p746 | Page: 0 | Size: 32 bytes
  Offset 0x0000: 00 00 00 00 00 00 00 00 00 00 00 00 00 00 00 00 
  Offset 0x0010: 00 00 00 00 00 00 00 00 00 00 00 00 00 00 00 00 
---------------------------------------------------------------------------
Process: p746 | Page: 1 | Size: 32 bytes
  Offset 0x0000: 00 00 00 00 00 00 00 00 00 00 00 00 00 00 00 00 
  Offset 0x0010: 00 00 00 00 00 00 00 00 00 00 00 00 00 00 00 00 
---------------------------------------------------------------------------
Process: p747 | Page: 0 | Size: 32 bytes
  Offset 0x0000: 00 00 00 00 00 00 00 00 00 00 00 00 00 00 00 00 
  Offset 0x0010: 00 00 00 00 00 00 00 00 00 00 00 00 00 00 00 00 
---------------------------------------------------------------------------
Process: p747 | Page: 1 | Size: 32 bytes
  Offset 0x0000: 00 00 00 00 00 00 00 00 00 00 00 00 00 00 00 00 
  Offset 0x0010: 00 00 00 00 00 00 00 00 00 00 00 00 00 00 00 00 
---------------------------------------------------------------------------
Process: p748 | Page: 0 | Size: 32 bytes
  Offset 0x0000: 00 00 00 00 00 00 00 00 00 00 00 00 00 00 00 00 
  Offset 0x0010: 00 00 00 00 00 00 00 00 00 00 00 00 00 00 00 00 
---------------------------------------------------------------------------
Process: p748 | Page: 1 | Size: 32 bytes
  Offset 0x0000: 00 00 00 00 00 00 00 00 00 00 00 00 00 00 00 00 
  Offset 0x0010: 00 00 00 00 00 00 00 00 00 00 00 00 00 00 00 00 
---------------------------------------------------------------------------
Process: p749 | Page: 0 | Size: 32 bytes
  Offset 0x0000: 00 00 00 00 00 00 00 00 00 00 00 00 00 00 00 00 
  Offset 0x0010: 00 00 00 00 00 00 00 00 00 00 00 00 00 00 00 00 
---------------------------------------------------------------------------
Process: p749 | Page: 1 | Size: 32 bytes
  Offset 0x0000: 00 00 00 00 00 00 00 00 00 00 00 00 00 00 00 00 
  Offset 0x0010: 00 00 00 00 00 00 00 00 00 00 00 00 00 00 00 00 
---------------------------------------------------------------------------
Process: p75 | Page: 0 | Size: 32 bytes
  Offset 0x0000: 00 00 00 00 00 00 00 00 00 00 00 00 00 00 00 00 
  Offset 0x0010: 00 00 00 00 00 00 00 00 00 00 00 00 00 00 00 00 
---------------------------------------------------------------------------
Process: p75 | Page: 1 | Size: 32 bytes
  Offset 0x0000: 00 00 00 00 00 00 00 00 00 00 00 00 00 00 00 00 
  Offset 0x0010: 00 00 00 00 00 00 00 00 00 00 00 00 00 00 00 00 
---------------------------------------------------------------------------
Process: p750 | Page: 0 | Size: 32 bytes
  Offset 0x0000: 00 00 00 00 00 00 00 00 00 00 00 00 00 00 00 00 
  Offset 0x0010: 00 00 00 00 00 00 00 00 00 00 00 00 00 00 00 00 
---------------------------------------------------------------------------
Process: p750 | Page: 1 | Size: 32 bytes
  Offset 0x0000: 00 00 00 00 00 00 00 00 00 00 00 00 00 00 00 00 
  Offset 0x0010: 00 00 00 00 00 00 00 00 00 00 00 00 00 00 00 00 
---------------------------------------------------------------------------
Process: p751 | Page: 0 | Size: 32 bytes
  Offset 0x0000: 00 00 00 00 00 00 00 00 00 00 00 00 00 00 00 00 
  Offset 0x0010: 00 00 00 00 00 00 00 00 00 00 00 00 00 00 00 00 
---------------------------------------------------------------------------
Process: p751 | Page: 1 | Size: 32 bytes
  Offset 0x0000: 00 00 00 00 00 00 00 00 00 00 00 00 00 00 00 00 
  Offset 0x0010: 00 00 00 00 00 00 00 00 00 00 00 00 00 00 00 00 
---------------------------------------------------------------------------
Process: p752 | Page: 0 | Size: 32 bytes
  Offset 0x0000: 00 00 00 00 00 00 00 00 00 00 00 00 00 00 00 00 
  Offset 0x0010: 00 00 00 00 00 00 00 00 00 00 00 00 00 00 00 00 
---------------------------------------------------------------------------
Process: p752 | Page: 1 | Size: 32 bytes
  Offset 0x0000: 00 00 00 00 00 00 00 00 00 00 00 00 00 00 00 00 
  Offset 0x0010: 00 00 00 00 00 00 00 00 00 00 00 00 00 00 00 00 
---------------------------------------------------------------------------
Process: p753 | Page: 0 | Size: 32 bytes
  Offset 0x0000: 00 00 00 00 00 00 00 00 00 00 00 00 00 00 00 00 
  Offset 0x0010: 00 00 00 00 00 00 00 00 00 00 00 00 00 00 00 00 
---------------------------------------------------------------------------
Process: p753 | Page: 1 | Size: 32 bytes
  Offset 0x0000: 00 00 00 00 00 00 00 00 00 00 00 00 00 00 00 00 
  Offset 0x0010: 00 00 00 00 00 00 00 00 00 00 00 00 00 00 00 00 
---------------------------------------------------------------------------
Process: p754 | Page: 0 | Size: 32 bytes
  Offset 0x0000: 00 00 00 00 00 00 00 00 00 00 00 00 00 00 00 00 
  Offset 0x0010: 00 00 00 00 00 00 00 00 00 00 00 00 00 00 00 00 
---------------------------------------------------------------------------
Process: p754 | Page: 1 | Size: 32 bytes
  Offset 0x0000: 00 00 00 00 00 00 00 00 00 00 00 00 00 00 00 00 
  Offset 0x0010: 00 00 00 00 00 00 00 00 00 00 00 00 00 00 00 00 
---------------------------------------------------------------------------
Process: p755 | Page: 0 | Size: 32 bytes
  Offset 0x0000: 00 00 00 00 00 00 00 00 00 00 00 00 00 00 00 00 
  Offset 0x0010: 00 00 00 00 00 00 00 00 00 00 00 00 00 00 00 00 
---------------------------------------------------------------------------
Process: p755 | Page: 1 | Size: 32 bytes
  Offset 0x0000: 00 00 00 00 00 00 00 00 00 00 00 00 00 00 00 00 
  Offset 0x0010: 00 00 00 00 00 00 00 00 00 00 00 00 00 00 00 00 
---------------------------------------------------------------------------
Process: p756 | Page: 0 | Size: 32 bytes
  Offset 0x0000: 00 00 00 00 00 00 00 00 00 00 00 00 00 00 00 00 
  Offset 0x0010: 00 00 00 00 00 00 00 00 00 00 00 00 00 00 00 00 
---------------------------------------------------------------------------
Process: p756 | Page: 1 | Size: 32 bytes
  Offset 0x0000: 00 00 00 00 00 00 00 00 00 00 00 00 00 00 00 00 
  Offset 0x0010: 00 00 00 00 00 00 00 00 00 00 00 00 00 00 00 00 
---------------------------------------------------------------------------
Process: p757 | Page: 0 | Size: 32 bytes
  Offset 0x0000: 00 00 00 00 00 00 00 00 00 00 00 00 00 00 00 00 
  Offset 0x0010: 00 00 00 00 00 00 00 00 00 00 00 00 00 00 00 00 
---------------------------------------------------------------------------
Process: p757 | Page: 1 | Size: 32 bytes
  Offset 0x0000: 00 00 00 00 00 00 00 00 00 00 00 00 00 00 00 00 
  Offset 0x0010: 00 00 00 00 00 00 00 00 00 00 00 00 00 00 00 00 
---------------------------------------------------------------------------
Process: p758 | Page: 0 | Size: 32 bytes
  Offset 0x0000: 00 00 00 00 00 00 00 00 00 00 00 00 00 00 00 00 
  Offset 0x0010: 00 00 00 00 00 00 00 00 00 00 00 00 00 00 00 00 
---------------------------------------------------------------------------
Process: p758 | Page: 1 | Size: 32 bytes
  Offset 0x0000: 00 00 00 00 00 00 00 00 00 00 00 00 00 00 00 00 
  Offset 0x0010: 00 00 00 00 00 00 00 00 00 00 00 00 00 00 00 00 
---------------------------------------------------------------------------
Process: p759 | Page: 0 | Size: 32 bytes
  Offset 0x0000: 00 00 00 00 00 00 00 00 00 00 00 00 00 00 00 00 
  Offset 0x0010: 00 00 00 00 00 00 00 00 00 00 00 00 00 00 00 00 
---------------------------------------------------------------------------
Process: p759 | Page: 1 | Size: 32 bytes
  Offset 0x0000: 00 00 00 00 00 00 00 00 00 00 00 00 00 00 00 00 
  Offset 0x0010: 00 00 00 00 00 00 00 00 00 00 00 00 00 00 00 00 
---------------------------------------------------------------------------
Process: p76 | Page: 0 | Size: 32 bytes
  Offset 0x0000: 00 00 00 00 00 00 00 00 00 00 00 00 00 00 00 00 
  Offset 0x0010: 00 00 00 00 00 00 00 00 00 00 00 00 00 00 00 00 
---------------------------------------------------------------------------
Process: p76 | Page: 1 | Size: 32 bytes
  Offset 0x0000: 00 00 00 00 00 00 00 00 00 00 00 00 00 00 00 00 
  Offset 0x0010: 00 00 00 00 00 00 00 00 00 00 00 00 00 00 00 00 
---------------------------------------------------------------------------
Process: p760 | Page: 0 | Size: 32 bytes
  Offset 0x0000: 00 00 00 00 00 00 00 00 00 00 00 00 00 00 00 00 
  Offset 0x0010: 00 00 00 00 00 00 00 00 00 00 00 00 00 00 00 00 
---------------------------------------------------------------------------
Process: p760 | Page: 1 | Size: 32 bytes
  Offset 0x0000: 00 00 00 00 00 00 00 00 00 00 00 00 00 00 00 00 
  Offset 0x0010: 00 00 00 00 00 00 00 00 00 00 00 00 00 00 00 00 
---------------------------------------------------------------------------
Process: p761 | Page: 0 | Size: 32 bytes
  Offset 0x0000: 00 00 00 00 00 00 00 00 00 00 00 00 00 00 00 00 
  Offset 0x0010: 00 00 00 00 00 00 00 00 00 00 00 00 00 00 00 00 
---------------------------------------------------------------------------
Process: p761 | Page: 1 | Size: 32 bytes
  Offset 0x0000: 00 00 00 00 00 00 00 00 00 00 00 00 00 00 00 00 
  Offset 0x0010: 00 00 00 00 00 00 00 00 00 00 00 00 00 00 00 00 
---------------------------------------------------------------------------
Process: p762 | Page: 0 | Size: 32 bytes
  Offset 0x0000: 00 00 00 00 00 00 00 00 00 00 00 00 00 00 00 00 
  Offset 0x0010: 00 00 00 00 00 00 00 00 00 00 00 00 00 00 00 00 
---------------------------------------------------------------------------
Process: p762 | Page: 1 | Size: 32 bytes
  Offset 0x0000: 00 00 00 00 00 00 00 00 00 00 00 00 00 00 00 00 
  Offset 0x0010: 00 00 00 00 00 00 00 00 00 00 00 00 00 00 00 00 
---------------------------------------------------------------------------
Process: p763 | Page: 0 | Size: 32 bytes
  Offset 0x0000: 00 00 00 00 00 00 00 00 00 00 00 00 00 00 00 00 
  Offset 0x0010: 00 00 00 00 00 00 00 00 00 00 00 00 00 00 00 00 
---------------------------------------------------------------------------
Process: p763 | Page: 1 | Size: 32 bytes
  Offset 0x0000: 00 00 00 00 00 00 00 00 00 00 00 00 00 00 00 00 
  Offset 0x0010: 00 00 00 00 00 00 00 00 00 00 00 00 00 00 00 00 
---------------------------------------------------------------------------
Process: p764 | Page: 0 | Size: 32 bytes
  Offset 0x0000: 00 00 00 00 00 00 00 00 00 00 00 00 00 00 00 00 
  Offset 0x0010: 00 00 00 00 00 00 00 00 00 00 00 00 00 00 00 00 
---------------------------------------------------------------------------
Process: p764 | Page: 1 | Size: 32 bytes
  Offset 0x0000: 00 00 00 00 00 00 00 00 00 00 00 00 00 00 00 00 
  Offset 0x0010: 00 00 00 00 00 00 00 00 00 00 00 00 00 00 00 00 
---------------------------------------------------------------------------
Process: p765 | Page: 0 | Size: 32 bytes
  Offset 0x0000: 00 00 00 00 00 00 00 00 00 00 00 00 00 00 00 00 
  Offset 0x0010: 00 00 00 00 00 00 00 00 00 00 00 00 00 00 00 00 
---------------------------------------------------------------------------
Process: p765 | Page: 1 | Size: 32 bytes
  Offset 0x0000: 00 00 00 00 00 00 00 00 00 00 00 00 00 00 00 00 
  Offset 0x0010: 00 00 00 00 00 00 00 00 00 00 00 00 00 00 00 00 
---------------------------------------------------------------------------
Process: p766 | Page: 0 | Size: 32 bytes
  Offset 0x0000: 00 00 00 00 00 00 00 00 00 00 00 00 00 00 00 00 
  Offset 0x0010: 00 00 00 00 00 00 00 00 00 00 00 00 00 00 00 00 
---------------------------------------------------------------------------
Process: p766 | Page: 1 | Size: 32 bytes
  Offset 0x0000: 00 00 00 00 00 00 00 00 00 00 00 00 00 00 00 00 
  Offset 0x0010: 00 00 00 00 00 00 00 00 00 00 00 00 00 00 00 00 
---------------------------------------------------------------------------
Process: p767 | Page: 0 | Size: 32 bytes
  Offset 0x0000: 00 00 00 00 00 00 00 00 00 00 00 00 00 00 00 00 
  Offset 0x0010: 00 00 00 00 00 00 00 00 00 00 00 00 00 00 00 00 
---------------------------------------------------------------------------
Process: p767 | Page: 1 | Size: 32 bytes
  Offset 0x0000: 00 00 00 00 00 00 00 00 00 00 00 00 00 00 00 00 
  Offset 0x0010: 00 00 00 00 00 00 00 00 00 00 00 00 00 00 00 00 
---------------------------------------------------------------------------
Process: p768 | Page: 0 | Size: 32 bytes
  Offset 0x0000: 00 00 00 00 00 00 00 00 00 00 00 00 00 00 00 00 
  Offset 0x0010: 00 00 00 00 00 00 00 00 00 00 00 00 00 00 00 00 
---------------------------------------------------------------------------
Process: p768 | Page: 1 | Size: 32 bytes
  Offset 0x0000: 00 00 00 00 00 00 00 00 00 00 00 00 00 00 00 00 
  Offset 0x0010: 00 00 00 00 00 00 00 00 00 00 00 00 00 00 00 00 
---------------------------------------------------------------------------
Process: p769 | Page: 0 | Size: 32 bytes
  Offset 0x0000: 00 00 00 00 00 00 00 00 00 00 00 00 00 00 00 00 
  Offset 0x0010: 00 00 00 00 00 00 00 00 00 00 00 00 00 00 00 00 
---------------------------------------------------------------------------
Process: p769 | Page: 1 | Size: 32 bytes
  Offset 0x0000: 00 00 00 00 00 00 00 00 00 00 00 00 00 00 00 00 
  Offset 0x0010: 00 00 00 00 00 00 00 00 00 00 00 00 00 00 00 00 
---------------------------------------------------------------------------
Process: p77 | Page: 0 | Size: 32 bytes
  Offset 0x0000: 00 00 00 00 00 00 00 00 00 00 00 00 00 00 00 00 
  Offset 0x0010: 00 00 00 00 00 00 00 00 00 00 00 00 00 00 00 00 
---------------------------------------------------------------------------
Process: p77 | Page: 1 | Size: 32 bytes
  Offset 0x0000: 00 00 00 00 00 00 00 00 00 00 00 00 00 00 00 00 
  Offset 0x0010: 00 00 00 00 00 00 00 00 00 00 00 00 00 00 00 00 
---------------------------------------------------------------------------
Process: p770 | Page: 0 | Size: 32 bytes
  Offset 0x0000: 00 00 00 00 00 00 00 00 00 00 00 00 00 00 00 00 
  Offset 0x0010: 00 00 00 00 00 00 00 00 00 00 00 00 00 00 00 00 
---------------------------------------------------------------------------
Process: p770 | Page: 1 | Size: 32 bytes
  Offset 0x0000: 00 00 00 00 00 00 00 00 00 00 00 00 00 00 00 00 
  Offset 0x0010: 00 00 00 00 00 00 00 00 00 00 00 00 00 00 00 00 
---------------------------------------------------------------------------
Process: p771 | Page: 0 | Size: 32 bytes
  Offset 0x0000: 00 00 00 00 00 00 00 00 00 00 00 00 00 00 00 00 
  Offset 0x0010: 00 00 00 00 00 00 00 00 00 00 00 00 00 00 00 00 
---------------------------------------------------------------------------
Process: p771 | Page: 1 | Size: 32 bytes
  Offset 0x0000: 00 00 00 00 00 00 00 00 00 00 00 00 00 00 00 00 
  Offset 0x0010: 00 00 00 00 00 00 00 00 00 00 00 00 00 00 00 00 
---------------------------------------------------------------------------
Process: p772 | Page: 0 | Size: 32 bytes
  Offset 0x0000: 00 00 00 00 00 00 00 00 00 00 00 00 00 00 00 00 
  Offset 0x0010: 00 00 00 00 00 00 00 00 00 00 00 00 00 00 00 00 
---------------------------------------------------------------------------
Process: p772 | Page: 1 | Size: 32 bytes
  Offset 0x0000: 00 00 00 00 00 00 00 00 00 00 00 00 00 00 00 00 
  Offset 0x0010: 00 00 00 00 00 00 00 00 00 00 00 00 00 00 00 00 
---------------------------------------------------------------------------
Process: p773 | Page: 0 | Size: 32 bytes
  Offset 0x0000: 00 00 00 00 00 00 00 00 00 00 00 00 00 00 00 00 
  Offset 0x0010: 00 00 00 00 00 00 00 00 00 00 00 00 00 00 00 00 
---------------------------------------------------------------------------
Process: p773 | Page: 1 | Size: 32 bytes
  Offset 0x0000: 00 00 00 00 00 00 00 00 00 00 00 00 00 00 00 00 
  Offset 0x0010: 00 00 00 00 00 00 00 00 00 00 00 00 00 00 00 00 
---------------------------------------------------------------------------
Process: p774 | Page: 0 | Size: 32 bytes
  Offset 0x0000: 00 00 00 00 00 00 00 00 00 00 00 00 00 00 00 00 
  Offset 0x0010: 00 00 00 00 00 00 00 00 00 00 00 00 00 00 00 00 
---------------------------------------------------------------------------
Process: p774 | Page: 1 | Size: 32 bytes
  Offset 0x0000: 00 00 00 00 00 00 00 00 00 00 00 00 00 00 00 00 
  Offset 0x0010: 00 00 00 00 00 00 00 00 00 00 00 00 00 00 00 00 
---------------------------------------------------------------------------
Process: p775 | Page: 0 | Size: 32 bytes
  Offset 0x0000: 00 00 00 00 00 00 00 00 00 00 00 00 00 00 00 00 
  Offset 0x0010: 00 00 00 00 00 00 00 00 00 00 00 00 00 00 00 00 
---------------------------------------------------------------------------
Process: p775 | Page: 1 | Size: 32 bytes
  Offset 0x0000: 00 00 00 00 00 00 00 00 00 00 00 00 00 00 00 00 
  Offset 0x0010: 00 00 00 00 00 00 00 00 00 00 00 00 00 00 00 00 
---------------------------------------------------------------------------
Process: p776 | Page: 0 | Size: 32 bytes
  Offset 0x0000: 00 00 00 00 00 00 00 00 00 00 00 00 00 00 00 00 
  Offset 0x0010: 00 00 00 00 00 00 00 00 00 00 00 00 00 00 00 00 
---------------------------------------------------------------------------
Process: p776 | Page: 1 | Size: 32 bytes
  Offset 0x0000: 00 00 00 00 00 00 00 00 00 00 00 00 00 00 00 00 
  Offset 0x0010: 00 00 00 00 00 00 00 00 00 00 00 00 00 00 00 00 
---------------------------------------------------------------------------
Process: p777 | Page: 0 | Size: 32 bytes
  Offset 0x0000: 00 00 00 00 00 00 00 00 00 00 00 00 00 00 00 00 
  Offset 0x0010: 00 00 00 00 00 00 00 00 00 00 00 00 00 00 00 00 
---------------------------------------------------------------------------
Process: p777 | Page: 1 | Size: 32 bytes
  Offset 0x0000: 00 00 00 00 00 00 00 00 00 00 00 00 00 00 00 00 
  Offset 0x0010: 00 00 00 00 00 00 00 00 00 00 00 00 00 00 00 00 
---------------------------------------------------------------------------
Process: p778 | Page: 0 | Size: 32 bytes
  Offset 0x0000: 00 00 00 00 00 00 00 00 00 00 00 00 00 00 00 00 
  Offset 0x0010: 00 00 00 00 00 00 00 00 00 00 00 00 00 00 00 00 
---------------------------------------------------------------------------
Process: p778 | Page: 1 | Size: 32 bytes
  Offset 0x0000: 00 00 00 00 00 00 00 00 00 00 00 00 00 00 00 00 
  Offset 0x0010: 00 00 00 00 00 00 00 00 00 00 00 00 00 00 00 00 
---------------------------------------------------------------------------
Process: p779 | Page: 0 | Size: 32 bytes
  Offset 0x0000: 00 00 00 00 00 00 00 00 00 00 00 00 00 00 00 00 
  Offset 0x0010: 00 00 00 00 00 00 00 00 00 00 00 00 00 00 00 00 
---------------------------------------------------------------------------
Process: p779 | Page: 1 | Size: 32 bytes
  Offset 0x0000: 00 00 00 00 00 00 00 00 00 00 00 00 00 00 00 00 
  Offset 0x0010: 00 00 00 00 00 00 00 00 00 00 00 00 00 00 00 00 
---------------------------------------------------------------------------
Process: p78 | Page: 0 | Size: 32 bytes
  Offset 0x0000: 00 00 00 00 00 00 00 00 00 00 00 00 00 00 00 00 
  Offset 0x0010: 00 00 00 00 00 00 00 00 00 00 00 00 00 00 00 00 
---------------------------------------------------------------------------
Process: p78 | Page: 1 | Size: 32 bytes
  Offset 0x0000: 00 00 00 00 00 00 00 00 00 00 00 00 00 00 00 00 
  Offset 0x0010: 00 00 00 00 00 00 00 00 00 00 00 00 00 00 00 00 
---------------------------------------------------------------------------
Process: p780 | Page: 0 | Size: 32 bytes
  Offset 0x0000: 00 00 00 00 00 00 00 00 00 00 00 00 00 00 00 00 
  Offset 0x0010: 00 00 00 00 00 00 00 00 00 00 00 00 00 00 00 00 
---------------------------------------------------------------------------
Process: p780 | Page: 1 | Size: 32 bytes
  Offset 0x0000: 00 00 00 00 00 00 00 00 00 00 00 00 00 00 00 00 
  Offset 0x0010: 00 00 00 00 00 00 00 00 00 00 00 00 00 00 00 00 
---------------------------------------------------------------------------
Process: p781 | Page: 0 | Size: 32 bytes
  Offset 0x0000: 00 00 00 00 00 00 00 00 00 00 00 00 00 00 00 00 
  Offset 0x0010: 00 00 00 00 00 00 00 00 00 00 00 00 00 00 00 00 
---------------------------------------------------------------------------
Process: p781 | Page: 1 | Size: 32 bytes
  Offset 0x0000: 00 00 00 00 00 00 00 00 00 00 00 00 00 00 00 00 
  Offset 0x0010: 00 00 00 00 00 00 00 00 00 00 00 00 00 00 00 00 
---------------------------------------------------------------------------
Process: p782 | Page: 0 | Size: 32 bytes
  Offset 0x0000: 00 00 00 00 00 00 00 00 00 00 00 00 00 00 00 00 
  Offset 0x0010: 00 00 00 00 00 00 00 00 00 00 00 00 00 00 00 00 
---------------------------------------------------------------------------
Process: p782 | Page: 1 | Size: 32 bytes
  Offset 0x0000: 00 00 00 00 00 00 00 00 00 00 00 00 00 00 00 00 
  Offset 0x0010: 00 00 00 00 00 00 00 00 00 00 00 00 00 00 00 00 
---------------------------------------------------------------------------
Process: p783 | Page: 0 | Size: 32 bytes
  Offset 0x0000: 00 00 00 00 00 00 00 00 00 00 00 00 00 00 00 00 
  Offset 0x0010: 00 00 00 00 00 00 00 00 00 00 00 00 00 00 00 00 
---------------------------------------------------------------------------
Process: p783 | Page: 1 | Size: 32 bytes
  Offset 0x0000: 00 00 00 00 00 00 00 00 00 00 00 00 00 00 00 00 
  Offset 0x0010: 00 00 00 00 00 00 00 00 00 00 00 00 00 00 00 00 
---------------------------------------------------------------------------
Process: p784 | Page: 0 | Size: 32 bytes
  Offset 0x0000: 00 00 00 00 00 00 00 00 00 00 00 00 00 00 00 00 
  Offset 0x0010: 00 00 00 00 00 00 00 00 00 00 00 00 00 00 00 00 
---------------------------------------------------------------------------
Process: p784 | Page: 1 | Size: 32 bytes
  Offset 0x0000: 00 00 00 00 00 00 00 00 00 00 00 00 00 00 00 00 
  Offset 0x0010: 00 00 00 00 00 00 00 00 00 00 00 00 00 00 00 00 
---------------------------------------------------------------------------
Process: p785 | Page: 0 | Size: 32 bytes
  Offset 0x0000: 00 00 00 00 00 00 00 00 00 00 00 00 00 00 00 00 
  Offset 0x0010: 00 00 00 00 00 00 00 00 00 00 00 00 00 00 00 00 
---------------------------------------------------------------------------
Process: p785 | Page: 1 | Size: 32 bytes
  Offset 0x0000: 00 00 00 00 00 00 00 00 00 00 00 00 00 00 00 00 
  Offset 0x0010: 00 00 00 00 00 00 00 00 00 00 00 00 00 00 00 00 
---------------------------------------------------------------------------
Process: p786 | Page: 0 | Size: 32 bytes
  Offset 0x0000: 00 00 00 00 00 00 00 00 00 00 00 00 00 00 00 00 
  Offset 0x0010: 00 00 00 00 00 00 00 00 00 00 00 00 00 00 00 00 
---------------------------------------------------------------------------
Process: p786 | Page: 1 | Size: 32 bytes
  Offset 0x0000: 00 00 00 00 00 00 00 00 00 00 00 00 00 00 00 00 
  Offset 0x0010: 00 00 00 00 00 00 00 00 00 00 00 00 00 00 00 00 
---------------------------------------------------------------------------
Process: p787 | Page: 0 | Size: 32 bytes
  Offset 0x0000: 00 00 00 00 00 00 00 00 00 00 00 00 00 00 00 00 
  Offset 0x0010: 00 00 00 00 00 00 00 00 00 00 00 00 00 00 00 00 
---------------------------------------------------------------------------
Process: p787 | Page: 1 | Size: 32 bytes
  Offset 0x0000: 00 00 00 00 00 00 00 00 00 00 00 00 00 00 00 00 
  Offset 0x0010: 00 00 00 00 00 00 00 00 00 00 00 00 00 00 00 00 
---------------------------------------------------------------------------
Process: p788 | Page: 0 | Size: 32 bytes
  Offset 0x0000: 00 00 00 00 00 00 00 00 00 00 00 00 00 00 00 00 
  Offset 0x0010: 00 00 00 00 00 00 00 00 00 00 00 00 00 00 00 00 
---------------------------------------------------------------------------
Process: p788 | Page: 1 | Size: 32 bytes
  Offset 0x0000: 00 00 00 00 00 00 00 00 00 00 00 00 00 00 00 00 
  Offset 0x0010: 00 00 00 00 00 00 00 00 00 00 00 00 00 00 00 00 
---------------------------------------------------------------------------
Process: p789 | Page: 0 | Size: 32 bytes
  Offset 0x0000: 00 00 00 00 00 00 00 00 00 00 00 00 00 00 00 00 
  Offset 0x0010: 00 00 00 00 00 00 00 00 00 00 00 00 00 00 00 00 
---------------------------------------------------------------------------
Process: p789 | Page: 1 | Size: 32 bytes
  Offset 0x0000: 00 00 00 00 00 00 00 00 00 00 00 00 00 00 00 00 
  Offset 0x0010: 00 00 00 00 00 00 00 00 00 00 00 00 00 00 00 00 
---------------------------------------------------------------------------
Process: p79 | Page: 0 | Size: 32 bytes
  Offset 0x0000: 00 00 00 00 00 00 00 00 00 00 00 00 00 00 00 00 
  Offset 0x0010: 00 00 00 00 00 00 00 00 00 00 00 00 00 00 00 00 
---------------------------------------------------------------------------
Process: p79 | Page: 1 | Size: 32 bytes
  Offset 0x0000: 00 00 00 00 00 00 00 00 00 00 00 00 00 00 00 00 
  Offset 0x0010: 00 00 00 00 00 00 00 00 00 00 00 00 00 00 00 00 
---------------------------------------------------------------------------
Process: p790 | Page: 0 | Size: 32 bytes
  Offset 0x0000: 00 00 00 00 00 00 00 00 00 00 00 00 00 00 00 00 
  Offset 0x0010: 00 00 00 00 00 00 00 00 00 00 00 00 00 00 00 00 
---------------------------------------------------------------------------
Process: p790 | Page: 1 | Size: 32 bytes
  Offset 0x0000: 00 00 00 00 00 00 00 00 00 00 00 00 00 00 00 00 
  Offset 0x0010: 00 00 00 00 00 00 00 00 00 00 00 00 00 00 00 00 
---------------------------------------------------------------------------
Process: p791 | Page: 0 | Size: 32 bytes
  Offset 0x0000: 00 00 00 00 00 00 00 00 00 00 00 00 00 00 00 00 
  Offset 0x0010: 00 00 00 00 00 00 00 00 00 00 00 00 00 00 00 00 
---------------------------------------------------------------------------
Process: p791 | Page: 1 | Size: 32 bytes
  Offset 0x0000: 00 00 00 00 00 00 00 00 00 00 00 00 00 00 00 00 
  Offset 0x0010: 00 00 00 00 00 00 00 00 00 00 00 00 00 00 00 00 
---------------------------------------------------------------------------
Process: p792 | Page: 0 | Size: 32 bytes
  Offset 0x0000: 00 00 00 00 00 00 00 00 00 00 00 00 00 00 00 00 
  Offset 0x0010: 00 00 00 00 00 00 00 00 00 00 00 00 00 00 00 00 
---------------------------------------------------------------------------
Process: p792 | Page: 1 | Size: 32 bytes
  Offset 0x0000: 00 00 00 00 00 00 00 00 00 00 00 00 00 00 00 00 
  Offset 0x0010: 00 00 00 00 00 00 00 00 00 00 00 00 00 00 00 00 
---------------------------------------------------------------------------
Process: p793 | Page: 0 | Size: 32 bytes
  Offset 0x0000: 00 00 00 00 00 00 00 00 00 00 00 00 00 00 00 00 
  Offset 0x0010: 00 00 00 00 00 00 00 00 00 00 00 00 00 00 00 00 
---------------------------------------------------------------------------
Process: p793 | Page: 1 | Size: 32 bytes
  Offset 0x0000: 00 00 00 00 00 00 00 00 00 00 00 00 00 00 00 00 
  Offset 0x0010: 00 00 00 00 00 00 00 00 00 00 00 00 00 00 00 00 
---------------------------------------------------------------------------
Process: p794 | Page: 0 | Size: 32 bytes
  Offset 0x0000: 00 00 00 00 00 00 00 00 00 00 00 00 00 00 00 00 
  Offset 0x0010: 00 00 00 00 00 00 00 00 00 00 00 00 00 00 00 00 
---------------------------------------------------------------------------
Process: p794 | Page: 1 | Size: 32 bytes
  Offset 0x0000: 00 00 00 00 00 00 00 00 00 00 00 00 00 00 00 00 
  Offset 0x0010: 00 00 00 00 00 00 00 00 00 00 00 00 00 00 00 00 
---------------------------------------------------------------------------
Process: p795 | Page: 0 | Size: 32 bytes
  Offset 0x0000: 00 00 00 00 00 00 00 00 00 00 00 00 00 00 00 00 
  Offset 0x0010: 00 00 00 00 00 00 00 00 00 00 00 00 00 00 00 00 
---------------------------------------------------------------------------
Process: p795 | Page: 1 | Size: 32 bytes
  Offset 0x0000: 00 00 00 00 00 00 00 00 00 00 00 00 00 00 00 00 
  Offset 0x0010: 00 00 00 00 00 00 00 00 00 00 00 00 00 00 00 00 
---------------------------------------------------------------------------
Process: p796 | Page: 0 | Size: 32 bytes
  Offset 0x0000: 00 00 00 00 00 00 00 00 00 00 00 00 00 00 00 00 
  Offset 0x0010: 00 00 00 00 00 00 00 00 00 00 00 00 00 00 00 00 
---------------------------------------------------------------------------
Process: p796 | Page: 1 | Size: 32 bytes
  Offset 0x0000: 00 00 00 00 00 00 00 00 00 00 00 00 00 00 00 00 
  Offset 0x0010: 00 00 00 00 00 00 00 00 00 00 00 00 00 00 00 00 
---------------------------------------------------------------------------
Process: p797 | Page: 0 | Size: 32 bytes
  Offset 0x0000: 00 00 00 00 00 00 00 00 00 00 00 00 00 00 00 00 
  Offset 0x0010: 00 00 00 00 00 00 00 00 00 00 00 00 00 00 00 00 
---------------------------------------------------------------------------
Process: p797 | Page: 1 | Size: 32 bytes
  Offset 0x0000: 00 00 00 00 00 00 00 00 00 00 00 00 00 00 00 00 
  Offset 0x0010: 00 00 00 00 00 00 00 00 00 00 00 00 00 00 00 00 
---------------------------------------------------------------------------
Process: p798 | Page: 0 | Size: 32 bytes
  Offset 0x0000: 00 00 00 00 00 00 00 00 00 00 00 00 00 00 00 00 
  Offset 0x0010: 00 00 00 00 00 00 00 00 00 00 00 00 00 00 00 00 
---------------------------------------------------------------------------
Process: p798 | Page: 1 | Size: 32 bytes
  Offset 0x0000: 00 00 00 00 00 00 00 00 00 00 00 00 00 00 00 00 
  Offset 0x0010: 00 00 00 00 00 00 00 00 00 00 00 00 00 00 00 00 
---------------------------------------------------------------------------
Process: p799 | Page: 0 | Size: 32 bytes
  Offset 0x0000: 00 00 00 00 00 00 00 00 00 00 00 00 00 00 00 00 
  Offset 0x0010: 00 00 00 00 00 00 00 00 00 00 00 00 00 00 00 00 
---------------------------------------------------------------------------
Process: p799 | Page: 1 | Size: 32 bytes
  Offset 0x0000: 00 00 00 00 00 00 00 00 00 00 00 00 00 00 00 00 
  Offset 0x0010: 00 00 00 00 00 00 00 00 00 00 00 00 00 00 00 00 
---------------------------------------------------------------------------
Process: p80 | Page: 0 | Size: 32 bytes
  Offset 0x0000: 00 00 00 00 00 00 00 00 00 00 00 00 00 00 00 00 
  Offset 0x0010: 00 00 00 00 00 00 00 00 00 00 00 00 00 00 00 00 
---------------------------------------------------------------------------
Process: p80 | Page: 1 | Size: 32 bytes
  Offset 0x0000: 00 00 00 00 00 00 00 00 00 00 00 00 00 00 00 00 
  Offset 0x0010: 00 00 00 00 00 00 00 00 00 00 00 00 00 00 00 00 
---------------------------------------------------------------------------
Process: p800 | Page: 0 | Size: 32 bytes
  Offset 0x0000: 00 00 00 00 00 00 00 00 00 00 00 00 00 00 00 00 
  Offset 0x0010: 00 00 00 00 00 00 00 00 00 00 00 00 00 00 00 00 
---------------------------------------------------------------------------
Process: p800 | Page: 1 | Size: 32 bytes
  Offset 0x0000: 00 00 00 00 00 00 00 00 00 00 00 00 00 00 00 00 
  Offset 0x0010: 00 00 00 00 00 00 00 00 00 00 00 00 00 00 00 00 
---------------------------------------------------------------------------
Process: p801 | Page: 0 | Size: 32 bytes
  Offset 0x0000: 00 00 00 00 00 00 00 00 00 00 00 00 00 00 00 00 
  Offset 0x0010: 00 00 00 00 00 00 00 00 00 00 00 00 00 00 00 00 
---------------------------------------------------------------------------
Process: p801 | Page: 1 | Size: 32 bytes
  Offset 0x0000: 00 00 00 00 00 00 00 00 00 00 00 00 00 00 00 00 
  Offset 0x0010: 00 00 00 00 00 00 00 00 00 00 00 00 00 00 00 00 
---------------------------------------------------------------------------
Process: p802 | Page: 0 | Size: 32 bytes
  Offset 0x0000: 00 00 00 00 00 00 00 00 00 00 00 00 00 00 00 00 
  Offset 0x0010: 00 00 00 00 00 00 00 00 00 00 00 00 00 00 00 00 
---------------------------------------------------------------------------
Process: p802 | Page: 1 | Size: 32 bytes
  Offset 0x0000: 00 00 00 00 00 00 00 00 00 00 00 00 00 00 00 00 
  Offset 0x0010: 00 00 00 00 00 00 00 00 00 00 00 00 00 00 00 00 
---------------------------------------------------------------------------
Process: p803 | Page: 0 | Size: 32 bytes
  Offset 0x0000: 00 00 00 00 00 00 00 00 00 00 00 00 00 00 00 00 
  Offset 0x0010: 00 00 00 00 00 00 00 00 00 00 00 00 00 00 00 00 
---------------------------------------------------------------------------
Process: p803 | Page: 1 | Size: 32 bytes
  Offset 0x0000: 00 00 00 00 00 00 00 00 00 00 00 00 00 00 00 00 
  Offset 0x0010: 00 00 00 00 00 00 00 00 00 00 00 00 00 00 00 00 
---------------------------------------------------------------------------
Process: p804 | Page: 0 | Size: 32 bytes
  Offset 0x0000: 00 00 00 00 00 00 00 00 00 00 00 00 00 00 00 00 
  Offset 0x0010: 00 00 00 00 00 00 00 00 00 00 00 00 00 00 00 00 
---------------------------------------------------------------------------
Process: p804 | Page: 1 | Size: 32 bytes
  Offset 0x0000: 00 00 00 00 00 00 00 00 00 00 00 00 00 00 00 00 
  Offset 0x0010: 00 00 00 00 00 00 00 00 00 00 00 00 00 00 00 00 
---------------------------------------------------------------------------
Process: p805 | Page: 0 | Size: 32 bytes
  Offset 0x0000: 00 00 00 00 00 00 00 00 00 00 00 00 00 00 00 00 
  Offset 0x0010: 00 00 00 00 00 00 00 00 00 00 00 00 00 00 00 00 
---------------------------------------------------------------------------
Process: p805 | Page: 1 | Size: 32 bytes
  Offset 0x0000: 00 00 00 00 00 00 00 00 00 00 00 00 00 00 00 00 
  Offset 0x0010: 00 00 00 00 00 00 00 00 00 00 00 00 00 00 00 00 
---------------------------------------------------------------------------
Process: p806 | Page: 0 | Size: 32 bytes
  Offset 0x0000: 00 00 00 00 00 00 00 00 00 00 00 00 00 00 00 00 
  Offset 0x0010: 00 00 00 00 00 00 00 00 00 00 00 00 00 00 00 00 
---------------------------------------------------------------------------
Process: p806 | Page: 1 | Size: 32 bytes
  Offset 0x0000: 00 00 00 00 00 00 00 00 00 00 00 00 00 00 00 00 
  Offset 0x0010: 00 00 00 00 00 00 00 00 00 00 00 00 00 00 00 00 
---------------------------------------------------------------------------
Process: p807 | Page: 0 | Size: 32 bytes
  Offset 0x0000: 00 00 00 00 00 00 00 00 00 00 00 00 00 00 00 00 
  Offset 0x0010: 00 00 00 00 00 00 00 00 00 00 00 00 00 00 00 00 
---------------------------------------------------------------------------
Process: p807 | Page: 1 | Size: 32 bytes
  Offset 0x0000: 00 00 00 00 00 00 00 00 00 00 00 00 00 00 00 00 
  Offset 0x0010: 00 00 00 00 00 00 00 00 00 00 00 00 00 00 00 00 
---------------------------------------------------------------------------
Process: p808 | Page: 0 | Size: 32 bytes
  Offset 0x0000: 00 00 00 00 00 00 00 00 00 00 00 00 00 00 00 00 
  Offset 0x0010: 00 00 00 00 00 00 00 00 00 00 00 00 00 00 00 00 
---------------------------------------------------------------------------
Process: p808 | Page: 1 | Size: 32 bytes
  Offset 0x0000: 00 00 00 00 00 00 00 00 00 00 00 00 00 00 00 00 
  Offset 0x0010: 00 00 00 00 00 00 00 00 00 00 00 00 00 00 00 00 
---------------------------------------------------------------------------
Process: p809 | Page: 0 | Size: 32 bytes
  Offset 0x0000: 00 00 00 00 00 00 00 00 00 00 00 00 00 00 00 00 
  Offset 0x0010: 00 00 00 00 00 00 00 00 00 00 00 00 00 00 00 00 
---------------------------------------------------------------------------
Process: p809 | Page: 1 | Size: 32 bytes
  Offset 0x0000: 00 00 00 00 00 00 00 00 00 00 00 00 00 00 00 00 
  Offset 0x0010: 00 00 00 00 00 00 00 00 00 00 00 00 00 00 00 00 
---------------------------------------------------------------------------
Process: p81 | Page: 0 | Size: 32 bytes
  Offset 0x0000: 00 00 00 00 00 00 00 00 00 00 00 00 00 00 00 00 
  Offset 0x0010: 00 00 00 00 00 00 00 00 00 00 00 00 00 00 00 00 
---------------------------------------------------------------------------
Process: p81 | Page: 1 | Size: 32 bytes
  Offset 0x0000: 00 00 00 00 00 00 00 00 00 00 00 00 00 00 00 00 
  Offset 0x0010: 00 00 00 00 00 00 00 00 00 00 00 00 00 00 00 00 
---------------------------------------------------------------------------
Process: p810 | Page: 0 | Size: 32 bytes
  Offset 0x0000: 00 00 00 00 00 00 00 00 00 00 00 00 00 00 00 00 
  Offset 0x0010: 00 00 00 00 00 00 00 00 00 00 00 00 00 00 00 00 
---------------------------------------------------------------------------
Process: p810 | Page: 1 | Size: 32 bytes
  Offset 0x0000: 00 00 00 00 00 00 00 00 00 00 00 00 00 00 00 00 
  Offset 0x0010: 00 00 00 00 00 00 00 00 00 00 00 00 00 00 00 00 
---------------------------------------------------------------------------
Process: p811 | Page: 0 | Size: 32 bytes
  Offset 0x0000: 00 00 00 00 00 00 00 00 00 00 00 00 00 00 00 00 
  Offset 0x0010: 00 00 00 00 00 00 00 00 00 00 00 00 00 00 00 00 
---------------------------------------------------------------------------
Process: p811 | Page: 1 | Size: 32 bytes
  Offset 0x0000: 00 00 00 00 00 00 00 00 00 00 00 00 00 00 00 00 
  Offset 0x0010: 00 00 00 00 00 00 00 00 00 00 00 00 00 00 00 00 
---------------------------------------------------------------------------
Process: p812 | Page: 0 | Size: 32 bytes
  Offset 0x0000: 00 00 00 00 00 00 00 00 00 00 00 00 00 00 00 00 
  Offset 0x0010: 00 00 00 00 00 00 00 00 00 00 00 00 00 00 00 00 
---------------------------------------------------------------------------
Process: p812 | Page: 1 | Size: 32 bytes
  Offset 0x0000: 00 00 00 00 00 00 00 00 00 00 00 00 00 00 00 00 
  Offset 0x0010: 00 00 00 00 00 00 00 00 00 00 00 00 00 00 00 00 
---------------------------------------------------------------------------
Process: p813 | Page: 0 | Size: 32 bytes
  Offset 0x0000: 00 00 00 00 00 00 00 00 00 00 00 00 00 00 00 00 
  Offset 0x0010: 00 00 00 00 00 00 00 00 00 00 00 00 00 00 00 00 
---------------------------------------------------------------------------
Process: p813 | Page: 1 | Size: 32 bytes
  Offset 0x0000: 00 00 00 00 00 00 00 00 00 00 00 00 00 00 00 00 
  Offset 0x0010: 00 00 00 00 00 00 00 00 00 00 00 00 00 00 00 00 
---------------------------------------------------------------------------
Process: p814 | Page: 0 | Size: 32 bytes
  Offset 0x0000: 00 00 00 00 00 00 00 00 00 00 00 00 00 00 00 00 
  Offset 0x0010: 00 00 00 00 00 00 00 00 00 00 00 00 00 00 00 00 
---------------------------------------------------------------------------
Process: p814 | Page: 1 | Size: 32 bytes
  Offset 0x0000: 00 00 00 00 00 00 00 00 00 00 00 00 00 00 00 00 
  Offset 0x0010: 00 00 00 00 00 00 00 00 00 00 00 00 00 00 00 00 
---------------------------------------------------------------------------
Process: p815 | Page: 0 | Size: 32 bytes
  Offset 0x0000: 00 00 00 00 00 00 00 00 00 00 00 00 00 00 00 00 
  Offset 0x0010: 00 00 00 00 00 00 00 00 00 00 00 00 00 00 00 00 
---------------------------------------------------------------------------
Process: p815 | Page: 1 | Size: 32 bytes
  Offset 0x0000: 00 00 00 00 00 00 00 00 00 00 00 00 00 00 00 00 
  Offset 0x0010: 00 00 00 00 00 00 00 00 00 00 00 00 00 00 00 00 
---------------------------------------------------------------------------
Process: p816 | Page: 0 | Size: 32 bytes
  Offset 0x0000: 00 00 00 00 00 00 00 00 00 00 00 00 00 00 00 00 
  Offset 0x0010: 00 00 00 00 00 00 00 00 00 00 00 00 00 00 00 00 
---------------------------------------------------------------------------
Process: p816 | Page: 1 | Size: 32 bytes
  Offset 0x0000: 00 00 00 00 00 00 00 00 00 00 00 00 00 00 00 00 
  Offset 0x0010: 00 00 00 00 00 00 00 00 00 00 00 00 00 00 00 00 
---------------------------------------------------------------------------
Process: p817 | Page: 0 | Size: 32 bytes
  Offset 0x0000: 00 00 00 00 00 00 00 00 00 00 00 00 00 00 00 00 
  Offset 0x0010: 00 00 00 00 00 00 00 00 00 00 00 00 00 00 00 00 
---------------------------------------------------------------------------
Process: p817 | Page: 1 | Size: 32 bytes
  Offset 0x0000: 00 00 00 00 00 00 00 00 00 00 00 00 00 00 00 00 
  Offset 0x0010: 00 00 00 00 00 00 00 00 00 00 00 00 00 00 00 00 
---------------------------------------------------------------------------
Process: p818 | Page: 0 | Size: 32 bytes
  Offset 0x0000: 00 00 00 00 00 00 00 00 00 00 00 00 00 00 00 00 
  Offset 0x0010: 00 00 00 00 00 00 00 00 00 00 00 00 00 00 00 00 
---------------------------------------------------------------------------
Process: p818 | Page: 1 | Size: 32 bytes
  Offset 0x0000: 00 00 00 00 00 00 00 00 00 00 00 00 00 00 00 00 
  Offset 0x0010: 00 00 00 00 00 00 00 00 00 00 00 00 00 00 00 00 
---------------------------------------------------------------------------
Process: p819 | Page: 0 | Size: 32 bytes
  Offset 0x0000: 00 00 00 00 00 00 00 00 00 00 00 00 00 00 00 00 
  Offset 0x0010: 00 00 00 00 00 00 00 00 00 00 00 00 00 00 00 00 
---------------------------------------------------------------------------
Process: p819 | Page: 1 | Size: 32 bytes
  Offset 0x0000: 00 00 00 00 00 00 00 00 00 00 00 00 00 00 00 00 
  Offset 0x0010: 00 00 00 00 00 00 00 00 00 00 00 00 00 00 00 00 
---------------------------------------------------------------------------
Process: p82 | Page: 0 | Size: 32 bytes
  Offset 0x0000: 00 00 00 00 00 00 00 00 00 00 00 00 00 00 00 00 
  Offset 0x0010: 00 00 00 00 00 00 00 00 00 00 00 00 00 00 00 00 
---------------------------------------------------------------------------
Process: p82 | Page: 1 | Size: 32 bytes
  Offset 0x0000: 00 00 00 00 00 00 00 00 00 00 00 00 00 00 00 00 
  Offset 0x0010: 00 00 00 00 00 00 00 00 00 00 00 00 00 00 00 00 
---------------------------------------------------------------------------
Process: p820 | Page: 0 | Size: 32 bytes
  Offset 0x0000: 00 00 00 00 00 00 00 00 00 00 00 00 00 00 00 00 
  Offset 0x0010: 00 00 00 00 00 00 00 00 00 00 00 00 00 00 00 00 
---------------------------------------------------------------------------
Process: p820 | Page: 1 | Size: 32 bytes
  Offset 0x0000: 00 00 00 00 00 00 00 00 00 00 00 00 00 00 00 00 
  Offset 0x0010: 00 00 00 00 00 00 00 00 00 00 00 00 00 00 00 00 
---------------------------------------------------------------------------
Process: p821 | Page: 0 | Size: 32 bytes
  Offset 0x0000: 00 00 00 00 00 00 00 00 00 00 00 00 00 00 00 00 
  Offset 0x0010: 00 00 00 00 00 00 00 00 00 00 00 00 00 00 00 00 
---------------------------------------------------------------------------
Process: p821 | Page: 1 | Size: 32 bytes
  Offset 0x0000: 00 00 00 00 00 00 00 00 00 00 00 00 00 00 00 00 
  Offset 0x0010: 00 00 00 00 00 00 00 00 00 00 00 00 00 00 00 00 
---------------------------------------------------------------------------
Process: p822 | Page: 0 | Size: 32 bytes
  Offset 0x0000: 00 00 00 00 00 00 00 00 00 00 00 00 00 00 00 00 
  Offset 0x0010: 00 00 00 00 00 00 00 00 00 00 00 00 00 00 00 00 
---------------------------------------------------------------------------
Process: p822 | Page: 1 | Size: 32 bytes
  Offset 0x0000: 00 00 00 00 00 00 00 00 00 00 00 00 00 00 00 00 
  Offset 0x0010: 00 00 00 00 00 00 00 00 00 00 00 00 00 00 00 00 
---------------------------------------------------------------------------
Process: p823 | Page: 0 | Size: 32 bytes
  Offset 0x0000: 00 00 00 00 00 00 00 00 00 00 00 00 00 00 00 00 
  Offset 0x0010: 00 00 00 00 00 00 00 00 00 00 00 00 00 00 00 00 
---------------------------------------------------------------------------
Process: p823 | Page: 1 | Size: 32 bytes
  Offset 0x0000: 00 00 00 00 00 00 00 00 00 00 00 00 00 00 00 00 
  Offset 0x0010: 00 00 00 00 00 00 00 00 00 00 00 00 00 00 00 00 
---------------------------------------------------------------------------
Process: p824 | Page: 0 | Size: 32 bytes
  Offset 0x0000: 00 00 00 00 00 00 00 00 00 00 00 00 00 00 00 00 
  Offset 0x0010: 00 00 00 00 00 00 00 00 00 00 00 00 00 00 00 00 
---------------------------------------------------------------------------
Process: p824 | Page: 1 | Size: 32 bytes
  Offset 0x0000: 00 00 00 00 00 00 00 00 00 00 00 00 00 00 00 00 
  Offset 0x0010: 00 00 00 00 00 00 00 00 00 00 00 00 00 00 00 00 
---------------------------------------------------------------------------
Process: p825 | Page: 0 | Size: 32 bytes
  Offset 0x0000: 00 00 00 00 00 00 00 00 00 00 00 00 00 00 00 00 
  Offset 0x0010: 00 00 00 00 00 00 00 00 00 00 00 00 00 00 00 00 
---------------------------------------------------------------------------
Process: p825 | Page: 1 | Size: 32 bytes
  Offset 0x0000: 00 00 00 00 00 00 00 00 00 00 00 00 00 00 00 00 
  Offset 0x0010: 00 00 00 00 00 00 00 00 00 00 00 00 00 00 00 00 
---------------------------------------------------------------------------
Process: p826 | Page: 0 | Size: 32 bytes
  Offset 0x0000: 00 00 00 00 00 00 00 00 00 00 00 00 00 00 00 00 
  Offset 0x0010: 00 00 00 00 00 00 00 00 00 00 00 00 00 00 00 00 
---------------------------------------------------------------------------
Process: p826 | Page: 1 | Size: 32 bytes
  Offset 0x0000: 00 00 00 00 00 00 00 00 00 00 00 00 00 00 00 00 
  Offset 0x0010: 00 00 00 00 00 00 00 00 00 00 00 00 00 00 00 00 
---------------------------------------------------------------------------
Process: p827 | Page: 0 | Size: 32 bytes
  Offset 0x0000: 00 00 00 00 00 00 00 00 00 00 00 00 00 00 00 00 
  Offset 0x0010: 00 00 00 00 00 00 00 00 00 00 00 00 00 00 00 00 
---------------------------------------------------------------------------
Process: p827 | Page: 1 | Size: 32 bytes
  Offset 0x0000: 00 00 00 00 00 00 00 00 00 00 00 00 00 00 00 00 
  Offset 0x0010: 00 00 00 00 00 00 00 00 00 00 00 00 00 00 00 00 
---------------------------------------------------------------------------
Process: p828 | Page: 0 | Size: 32 bytes
  Offset 0x0000: 00 00 00 00 00 00 00 00 00 00 00 00 00 00 00 00 
  Offset 0x0010: 00 00 00 00 00 00 00 00 00 00 00 00 00 00 00 00 
---------------------------------------------------------------------------
Process: p828 | Page: 1 | Size: 32 bytes
  Offset 0x0000: 00 00 00 00 00 00 00 00 00 00 00 00 00 00 00 00 
  Offset 0x0010: 00 00 00 00 00 00 00 00 00 00 00 00 00 00 00 00 
---------------------------------------------------------------------------
Process: p829 | Page: 0 | Size: 32 bytes
  Offset 0x0000: 00 00 00 00 00 00 00 00 00 00 00 00 00 00 00 00 
  Offset 0x0010: 00 00 00 00 00 00 00 00 00 00 00 00 00 00 00 00 
---------------------------------------------------------------------------
Process: p829 | Page: 1 | Size: 32 bytes
  Offset 0x0000: 00 00 00 00 00 00 00 00 00 00 00 00 00 00 00 00 
  Offset 0x0010: 00 00 00 00 00 00 00 00 00 00 00 00 00 00 00 00 
---------------------------------------------------------------------------
Process: p83 | Page: 0 | Size: 32 bytes
  Offset 0x0000: 00 00 00 00 00 00 00 00 00 00 00 00 00 00 00 00 
  Offset 0x0010: 00 00 00 00 00 00 00 00 00 00 00 00 00 00 00 00 
---------------------------------------------------------------------------
Process: p83 | Page: 1 | Size: 32 bytes
  Offset 0x0000: 00 00 00 00 00 00 00 00 00 00 00 00 00 00 00 00 
  Offset 0x0010: 00 00 00 00 00 00 00 00 00 00 00 00 00 00 00 00 
---------------------------------------------------------------------------
Process: p830 | Page: 0 | Size: 32 bytes
  Offset 0x0000: 00 00 00 00 00 00 00 00 00 00 00 00 00 00 00 00 
  Offset 0x0010: 00 00 00 00 00 00 00 00 00 00 00 00 00 00 00 00 
---------------------------------------------------------------------------
Process: p830 | Page: 1 | Size: 32 bytes
  Offset 0x0000: 00 00 00 00 00 00 00 00 00 00 00 00 00 00 00 00 
  Offset 0x0010: 00 00 00 00 00 00 00 00 00 00 00 00 00 00 00 00 
---------------------------------------------------------------------------
Process: p831 | Page: 0 | Size: 32 bytes
  Offset 0x0000: 00 00 00 00 00 00 00 00 00 00 00 00 00 00 00 00 
  Offset 0x0010: 00 00 00 00 00 00 00 00 00 00 00 00 00 00 00 00 
---------------------------------------------------------------------------
Process: p831 | Page: 1 | Size: 32 bytes
  Offset 0x0000: 00 00 00 00 00 00 00 00 00 00 00 00 00 00 00 00 
  Offset 0x0010: 00 00 00 00 00 00 00 00 00 00 00 00 00 00 00 00 
---------------------------------------------------------------------------
Process: p832 | Page: 0 | Size: 32 bytes
  Offset 0x0000: 00 00 00 00 00 00 00 00 00 00 00 00 00 00 00 00 
  Offset 0x0010: 00 00 00 00 00 00 00 00 00 00 00 00 00 00 00 00 
---------------------------------------------------------------------------
Process: p832 | Page: 1 | Size: 32 bytes
  Offset 0x0000: 00 00 00 00 00 00 00 00 00 00 00 00 00 00 00 00 
  Offset 0x0010: 00 00 00 00 00 00 00 00 00 00 00 00 00 00 00 00 
---------------------------------------------------------------------------
Process: p833 | Page: 0 | Size: 32 bytes
  Offset 0x0000: 00 00 00 00 00 00 00 00 00 00 00 00 00 00 00 00 
  Offset 0x0010: 00 00 00 00 00 00 00 00 00 00 00 00 00 00 00 00 
---------------------------------------------------------------------------
Process: p833 | Page: 1 | Size: 32 bytes
  Offset 0x0000: 00 00 00 00 00 00 00 00 00 00 00 00 00 00 00 00 
  Offset 0x0010: 00 00 00 00 00 00 00 00 00 00 00 00 00 00 00 00 
---------------------------------------------------------------------------
Process: p834 | Page: 0 | Size: 32 bytes
  Offset 0x0000: 00 00 00 00 00 00 00 00 00 00 00 00 00 00 00 00 
  Offset 0x0010: 00 00 00 00 00 00 00 00 00 00 00 00 00 00 00 00 
---------------------------------------------------------------------------
Process: p834 | Page: 1 | Size: 32 bytes
  Offset 0x0000: 00 00 00 00 00 00 00 00 00 00 00 00 00 00 00 00 
  Offset 0x0010: 00 00 00 00 00 00 00 00 00 00 00 00 00 00 00 00 
---------------------------------------------------------------------------
Process: p835 | Page: 0 | Size: 32 bytes
  Offset 0x0000: 00 00 00 00 00 00 00 00 00 00 00 00 00 00 00 00 
  Offset 0x0010: 00 00 00 00 00 00 00 00 00 00 00 00 00 00 00 00 
---------------------------------------------------------------------------
Process: p835 | Page: 1 | Size: 32 bytes
  Offset 0x0000: 00 00 00 00 00 00 00 00 00 00 00 00 00 00 00 00 
  Offset 0x0010: 00 00 00 00 00 00 00 00 00 00 00 00 00 00 00 00 
---------------------------------------------------------------------------
Process: p836 | Page: 0 | Size: 32 bytes
  Offset 0x0000: 00 00 00 00 00 00 00 00 00 00 00 00 00 00 00 00 
  Offset 0x0010: 00 00 00 00 00 00 00 00 00 00 00 00 00 00 00 00 
---------------------------------------------------------------------------
Process: p836 | Page: 1 | Size: 32 bytes
  Offset 0x0000: 00 00 00 00 00 00 00 00 00 00 00 00 00 00 00 00 
  Offset 0x0010: 00 00 00 00 00 00 00 00 00 00 00 00 00 00 00 00 
---------------------------------------------------------------------------
Process: p837 | Page: 0 | Size: 32 bytes
  Offset 0x0000: 00 00 00 00 00 00 00 00 00 00 00 00 00 00 00 00 
  Offset 0x0010: 00 00 00 00 00 00 00 00 00 00 00 00 00 00 00 00 
---------------------------------------------------------------------------
Process: p837 | Page: 1 | Size: 32 bytes
  Offset 0x0000: 00 00 00 00 00 00 00 00 00 00 00 00 00 00 00 00 
  Offset 0x0010: 00 00 00 00 00 00 00 00 00 00 00 00 00 00 00 00 
---------------------------------------------------------------------------
Process: p838 | Page: 0 | Size: 32 bytes
  Offset 0x0000: 00 00 00 00 00 00 00 00 00 00 00 00 00 00 00 00 
  Offset 0x0010: 00 00 00 00 00 00 00 00 00 00 00 00 00 00 00 00 
---------------------------------------------------------------------------
Process: p838 | Page: 1 | Size: 32 bytes
  Offset 0x0000: 00 00 00 00 00 00 00 00 00 00 00 00 00 00 00 00 
  Offset 0x0010: 00 00 00 00 00 00 00 00 00 00 00 00 00 00 00 00 
---------------------------------------------------------------------------
Process: p839 | Page: 0 | Size: 32 bytes
  Offset 0x0000: 00 00 00 00 00 00 00 00 00 00 00 00 00 00 00 00 
  Offset 0x0010: 00 00 00 00 00 00 00 00 00 00 00 00 00 00 00 00 
--------------------------------------------------------